word,format
gab ,['gab']
gabarage ,['gabarag']
gabardine ,['gabardin']
gaberdine ,['gaberdin']
gabber ,['gabber']
gabbled ,['gabbl']
gabbling ,['gabbl']
gabble ,['gabbl']
gabbier ,['gabbier']
gabbro ,['gabbro']
gabel ,['gabel']
gabeler ,['gabel']
gabelle ,['gabel']
gabelleman ,['gabelleman']
gaber-lunzie ,"['gaber', 'lunzi']"
gabert ,['gabert']
gabion ,['gabion']
gabionade ,['gabionad']
gabionage ,['gabionag']
gabioned ,['gabion']
gabionnade ,['gabionnad']
gable ,['gabl']
gablet ,['gablet']
gablock ,['gablock']
gaby ,['gabi']
gad ,['gad']
gadded ,['gad']
gadding ,['gad']
gadabout ,['gadabout']
gadbee ,['gadbe']
gadder ,['gadder']
gaddingly ,['gaddingli']
gaddish ,['gaddish']
gade ,['gade']
gadere ,['gader']
gadre ,['gadr']
gadflies ,['gadfli']
gadfly ,['gadfli']
gadhelic ,['gadhel']
gadic ,['gadic']
gaditanian ,['gaditanian']
gadling ,['gadl']
gadman ,['gadman']
gadoid ,['gadoid']
gadolinia ,['gadolinia']
gadolinic ,['gadolin']
gadolinite ,['gadolinit']
gadolinium ,['gadolinium']
gadsman ,['gadsman']
gaduin ,['gaduin']
gadwall ,['gadwal']
gael ,['gael']
gaelic ,['gaelic']
gaff ,['gaff']
gaffed ,['gaf']
gaffing ,['gaf']
gaffer ,['gaffer']
gaffle ,['gaffl']
gaff-topsail ,"['gaff', 'topsail']"
gagged ,['gag']
gagging ,['gag']
gag ,['gag']
gagate ,['gagat']
gage ,['gage']
gaged ,['gage']
gaging ,['gage']
gager ,['gager']
gagger ,['gagger']
gaggled ,['gaggl']
gaggling ,['gaggl']
gaggle ,['gaggl']
gagtooth ,['gagtooth']
gag-toothed ,"['gag', 'tooth']"
gahnite ,['gahnit']
gaidic ,['gaidic']
gaiety ,['gaieti']
gailer ,['gailer']
gaillard ,['gaillard']
gailliarde ,['gailliard']
gaily ,['gaili']
gain ,['gain']
gained ,['gain']
gaining ,['gain']
gainable ,['gainabl']
gainage ,['gainag']
gainer ,['gainer']
gainful ,['gain']
gaingiving ,['gaingiv']
gainless ,['gainless']
gainly ,['gainli']
gainpain ,['gainpain']
gainsaid ,['gainsaid']
gainsaying ,['gainsay']
gainsay ,['gainsay']
gainsayer ,['gainsay']
gainsome ,['gainsom']
''gainst ,['gainst']
gainstood ,['gainstood']
gainstanding ,['gainstand']
gainstand ,['gainstand']
gainstrive ,['gainstriv']
gairfowl ,['gairfowl']
gairish ,['gairish']
gairishly ,['gairishli']
gairish/ness ,"['gairish', 'ness']"
gait ,['gait']
gaited ,['gait']
gaiter ,['gaiter']
gaitre ,['gaitr']
gaytre ,['gaytr']
gala ,['gala']
galacta-gogue ,"['galacta', 'gogu']"
galactic ,['galact']
galactin ,['galactin']
galactodensimeter ,['galactodensimet']
galactometer ,['galactomet']
galactophagist ,['galactophagist']
galactophagous ,['galactophag']
galactophorous ,['galactophor']
galactopoietic ,['galactopoiet']
galactose ,['galactos']
galage ,['galag']
galagos ,['galago']
galago ,['galago']
galanga ,['galanga']
galangal ,['galang']
galantine ,['galantin']
galapee tree ,"['galape', 'tree']"
galatian ,['galatian']
galaxies ,['galaxi']
galaxy ,['galaxi']
galban ,['galban']
galbanum ,['galbanum']
gale ,['gale']
galea ,['galea']
galeas ,['galea']
galeate ,['galeat']
galeated ,['galeat']
galei ,['galei']
galena ,['galena']
galenic ,['galen']
galenical ,['galen']
galenism ,['galen']
galenist ,['galenist']
galenite ,['galenit']
gale-opithecus ,"['gale', 'opithecu']"
galericu-late ,"['galericu', 'late']"
galerite ,['galerit']
galician ,['galician']
galilean ,['galilean']
galilee ,['galile']
galimatias ,['galimatia']
galingale ,['galingal']
galiot ,['galiot']
galipot ,['galipot']
gall ,['gall']
galled ,['gall']
galling ,['gall']
gallant ,['gallant']
gallanted ,['gallant']
gallanting ,['gallant']
gallantly ,['gallantli']
gallantness ,['gallant']
gallantries ,['gallantri']
gallantry ,['gallantri']
gallate ,['gallat']
gallature ,['gallatur']
galleass ,['galleass']
gallegan ,['gallegan']
gallego ,['gallego']
gallein ,['gallein']
galleon ,['galleon']
galleot ,['galleot']
galleries ,['galleri']
gallery ,['galleri']
galletyle ,['galletyl']
galleys ,['galley']
galley ,['galley']
galley-bird ,"['galley', 'bird']"
galley-worm ,"['galley', 'worm']"
gallflies ,['gallfli']
gallfly ,['gallfli']
gallyambic ,['gallyamb']
gallian ,['gallian']
galliard ,['galliard']
galliardise ,['galliardis']
galliardness ,['galliard']
galliass ,['galliass']
gallic ,['gallic']
gallican ,['gallican']
gallicanism ,['gallican']
gallicism ,['gallic']
gallicized ,['gallic']
gallicizing ,['gallic']
gallicize ,['gallic']
gallied ,['galli']
galliform ,['galliform']
galligaskins ,['galligaskin']
gallimatia ,['gallimatia']
gallimaufries ,['gallimaufri']
gallimaufry ,['gallimaufri']
gallin ,['gallin']
gallinaceae ,['gallinacea']
gallinacean ,['gallinacean']
gallinaceous ,['gallinac']
gallinae ,['gallina']
gallinipper ,['gallinipp']
gallinule ,['gallinul']
galliot ,['galliot']
gallipoli oil ,"['gallipoli', 'oil']"
gallipot ,['gallipot']
gallium ,['gallium']
gallivant ,['galliv']
gallivat ,['gallivat']
galliwasp ,['galliwasp']
gallnut ,['gallnut']
gallomania ,['gallomania']
gallon ,['gallon']
galloon ,['galloon']
gallooned ,['galloon']
galloped ,['gallop']
galloping ,['gallop']
gallop ,['gallop']
gallopade ,['gallopad']
gallopaded ,['gallopad']
gallopading ,['gallopad']
galloper ,['gallop']
gallopin ,['gallopin']
gallotannic ,['gallotann']
gallow ,['gallow']
galloway ,['galloway']
gallowglass ,['gallowglass']
gallowses ,['gallows']
gallows ,['gallow']
gallstone ,['gallston']
gally ,['galli']
gallygaskins ,['gallygaskin']
galoche ,['galoch']
galoshe ,['galosh']
galoot ,['galoot']
galop ,['galop']
galore ,['galor']
galpe ,['galp']
galsome ,['galsom']
galt ,['galt']
galvanic ,['galvan']
galvanism ,['galvan']
galvanist ,['galvanist']
galvanization ,['galvan']
galvanized ,['galvan']
galvanizing ,['galvan']
galvanize ,['galvan']
galvanizer ,['galvan']
galvanocaustic ,['galvanocaust']
galvanocautery ,['galvanocauteri']
galvanoglyphy ,['galvanoglyphi']
galvanograph ,['galvanograph']
galvanographic ,['galvanograph']
galvanography ,['galvanographi']
galvanologist ,['galvanologist']
galvanology ,['galvanolog']
galvanometer ,['galvanomet']
galvanometric ,['galvanometr']
galvanometry ,['galvanometri']
galvanoplastic ,['galvanoplast']
galvanoplasty ,['galvanoplasti']
galvanopuncture ,['galvanopunctur']
galvanoscope ,['galvanoscop']
galvanoscopic ,['galvanoscop']
galvanoscopy ,['galvanoscopi']
galvanotonus ,['galvanotonu']
galvanotropism ,['galvanotrop']
galwes ,['galw']
gama grass ,"['gama', 'grass']"
gamashes ,['gamash']
gamba ,['gamba']
gambadoes ,['gambado']
gambeson ,['gambeson']
gambet ,['gambet']
gambier ,['gambier']
gambison ,['gambison']
gambist ,['gambist']
gambit ,['gambit']
gambled ,['gambl']
gambling ,['gambl']
gamble ,['gambl']
gambler ,['gambler']
gamboge ,['gambog']
gambogian ,['gambogian']
gambogic ,['gambog']
gambol ,['gambol']
gamboled ,['gambol']
gambolled ,['gambol']
gamboling ,['gambol']
gambolling ,['gambol']
gambrel ,['gambrel']
gambroon ,['gambroon']
game ,['game']
gamed ,['game']
gaming ,['game']
gamecock ,['gamecock']
game fowl ,"['game', 'fowl']"
gameful ,['game']
gamekeeper ,['gamekeep']
gameless ,['gameless']
gamely ,['game']
gameness ,['game']
gamesome ,['gamesom']
gamester ,['gamest']
gamic ,['gamic']
gamin ,['gamin']
gamma ,['gamma']
gammadion ,['gammadion']
gammer ,['gammer']
gammon ,['gammon']
gammoned ,['gammon']
gammoning ,['gammon']
gamogenesis ,['gamogenesi']
gamogenetic ,['gamogenet']
gamomorphism ,['gamomorph']
gamopetalous ,['gamopetal']
gamophyllous ,['gamophyl']
gamosepalous ,['gamosepal']
gamut ,['gamut']
gamy ,['gami']
gan ,['gan']
ganch ,['ganch']
gander ,['gander']
gane ,['gane']
ganesa ,['ganesa']
gang ,['gang']
ganger ,['ganger']
gangetic ,['ganget']
gang-flower ,"['gang', 'flower']"
gangion ,['gangion']
gangliac ,['gangliac']
ganglial ,['ganglial']
gangliate ,['gangliat']
gangliated ,['gangliat']
gangliform ,['gangliform']
ganglioform ,['ganglioform']
ganglia ,['ganglia']
ganglions ,['ganglion']
ganglion ,['ganglion']
ganglionary ,['ganglionari']
ganglionic ,['ganglion']
gangrel ,['gangrel']
gangrenate ,['gangren']
gangrene ,['gangren']
gangrened ,['gangren']
gangrening ,['gangren']
gangrenescent ,['gangrenesc']
gangrenous ,['gangren']
gangue ,['gangu']
gangway ,['gangway']
ganil ,['ganil']
ganister ,['ganist']
gannister ,['gannist']
ganja ,['ganja']
gannet ,['gannet']
ganocephala ,['ganocephala']
ganocephalous ,['ganocephal']
ganoid ,['ganoid']
ganoidal ,['ganoid']
ganoidei ,['ganoidei']
ganoidian ,['ganoidian']
ganoine ,['ganoin']
gansa ,['gansa']
gantlet ,['gantlet']
gantline ,['gantlin']
gantlope ,['gantlop']
gantry ,['gantri']
ganza ,['ganza']
gaol ,['gaol']
gaoler ,['gaoler']
gap ,['gap']
gaped ,['gape']
gaping ,['gape']
gape ,['gape']
the gapes ,['gape']
gaper ,['gaper']
gapeseed ,['gapese']
gapesing ,['gapes']
gapeworm ,['gapeworm']
gapingstock ,['gapingstock']
gap-toothed ,"['gap', 'tooth']"
gar ,['gar']
garancin ,['garancin']
garb ,['garb']
garbage ,['garbag']
garbed ,['garb']
garbel ,['garbel']
garbled ,['garbl']
garbling ,['garbl']
garble ,['garbl']
garbler ,['garbler']
garboard ,['garboard']
garboil ,['garboil']
garcinia ,['garcinia']
gard ,['gard']
gardant ,['gardant']
garden ,['garden']
gardened ,['garden']
gardening ,['garden']
gardener ,['garden']
gardenia ,['gardenia']
gardenless ,['gardenless']
gardenly ,['gardenli']
gardenship ,['gardenship']
gardon ,['gardon']
gardyloo ,['gardyloo']
gare ,['gare']
garefowl ,['garefowl']
garfish ,['garfish']
gargalize ,['gargal']
garganey ,['garganey']
gargantuan ,['gargantuan']
gargarism ,['gargar']
gargarize ,['gargar']
garget ,['garget']
gargil ,['gargil']
gargle ,['gargl']
garggled ,['garggl']
gargling ,['gargl']
gargol ,['gargol']
gargoulette ,['gargoulett']
gargoyle ,['gargoyl']
gargyle ,['gargyl']
garibaldi ,['garibaldi']
garish ,['garish']
garland ,['garland']
garlanded ,['garland']
garlanding ,['garland']
garlandless ,['garlandless']
garlic ,['garlic']
garlicky ,['garlicki']
garment ,['garment']
garmented ,['garment']
garmenture ,['garmentur']
garner ,['garner']
garnered ,['garner']
garnering ,['garner']
garnet ,['garnet']
garnetiferous ,['garnetifer']
garnierite ,['garnierit']
garnished ,['garnish']
garnishing ,['garnish']
garnish ,['garnish']
garnishee ,['garnishe']
garnisheed ,['garnishe']
garnisheeing ,['garnishe']
garnisher ,['garnish']
garnishment ,['garnish']
garniture ,['garnitur']
garookuh ,['garookuh']
garous ,['garou']
gar pike ,"['gar', 'pike']"
garpike ,['garpik']
garran ,['garran']
garret ,['garret']
garreted ,['garret']
garreteer ,['garret']
garreting ,['garret']
garrison ,['garrison']
garrisoned ,['garrison']
garrisoning ,['garrison']
garron ,['garron']
garrot ,['garrot']
garrote ,['garrot']
garroted ,['garrot']
garroting ,['garrot']
garroter ,['garrot']
garrulity ,['garrul']
garrulous ,['garrul']
garrupa ,['garrupa']
garter ,['garter']
gartered ,['garter']
gartering ,['garter']
garth ,['garth']
garum ,['garum']
garvie ,['garvi']
gases ,['gase']
gas ,['ga']
gasalier ,['gasali']
gas-burner ,"['ga', 'burner']"
gascoines ,['gascoin']
gascon ,['gascon']
gasconade ,['gasconad']
gasconaded ,['gasconad']
gasconading ,['gasconad']
gasconader ,['gasconad']
gascoynes ,['gascoyn']
gaseity ,['gaseiti']
gaseous ,['gaseou']
gashed ,['gash']
gashing ,['gash']
gash ,['gash']
gashful ,['gash']
gasification ,['gasif']
gasiform ,['gasiform']
gasified ,['gasifi']
gasifying ,['gasifi']
gasify ,['gasifi']
gasket ,['gasket']
gaskins ,['gaskin']
gaslight ,['gaslight']
gasogen ,['gasogen']
gasolene ,['gasolen']
gasolier ,['gasoli']
gasoline ,['gasolin']
gasometer ,['gasomet']
gasometric ,['gasometr']
gasometrical ,['gasometr']
gasometry ,['gasometri']
gasoscope ,['gasoscop']
gasped ,['gasp']
gasping ,['gasp']
gasp ,['gasp']
gaspereau ,['gaspereau']
gasserian ,['gasserian']
gassing ,['gass']
gassy ,['gassi']
gast ,['gast']
gaster ,['gaster']
gasteromycetes ,['gasteromycet']
gasteropod ,['gasteropod']
gasteropoda ,['gasteropoda']
gasteropodous ,['gasteropod']
gastful ,['gast']
gastly ,['gastli']
gastight ,['gastight']
gastness ,['gast']
gastornis ,['gastorni']
gastraea ,['gastraea']
gastralgia ,['gastralgia']
gastric ,['gastric']
gastriloquist ,['gastriloquist']
gastriloquous ,['gastriloqu']
gastriloquy ,['gastriloquy']
gastritis ,['gastriti']
gastro- ,['gastro']
gastrocnemius ,['gastrocnemiu']
gastrocolic ,['gastrocol']
gastrodisc ,['gastrodisc']
gastroduodenal ,['gastroduoden']
gastroduodenitis ,['gastroduoden']
gastroelytrotomy ,['gastroelytrotomi']
gastroenteric ,['gastroenter']
gastroenteritis ,['gastroenter']
gastroepiploic ,['gastroepiplo']
gastrohepatic ,['gastrohepat']
gastrohysterotomy ,['gastrohysterotomi']
gastrointestinal ,['gastrointestin']
gastrolith ,['gastrolith']
gastrology ,['gastrolog']
gastromalacia ,['gastromalacia']
gastromancy ,['gastrom']
gastromyces ,['gastromyc']
gastromyth ,['gastromyth']
gastronome ,['gastronom']
gastronomer ,['gastronom']
gastronomic ,['gastronom']
gastronomical ,['gastronom']
gastronomist ,['gastronomist']
gastronomy ,['gastronomi']
gastrophrenic ,['gastrophren']
gastropneumatic ,['gastropneumat']
gastropod ,['gastropod']
gastropoda ,['gastropoda']
gastropodous ,['gastropod']
gastroraphy ,['gastroraphi']
gastroscope ,['gastroscop']
gastroscopic ,['gastroscop']
gastroscopy ,['gastroscopi']
gastrosplenic ,['gastrosplen']
gastrostege ,['gastrosteg']
gastrostomy ,['gastrostomi']
gastrotomy ,['gastrotomi']
gastrotricha ,['gastrotricha']
gastrotrocha ,['gastrotrocha']
gastrovascular ,['gastrovascular']
gastrulae ,['gastrula']
gastrula ,['gastrula']
gastrulation ,['gastrul']
gastrura ,['gastrura']
gastrurous ,['gastrur']
gat ,['gat']
gate ,['gate']
gated ,['gate']
gatehouse ,['gatehous']
gateless ,['gateless']
gateman ,['gateman']
gatepost ,['gatepost']
gateway ,['gateway']
gatewise ,['gatewis']
gathered ,['gather']
gathering ,['gather']
gather ,['gather']
gatherable ,['gather']
gatherer ,['gather']
gatling gun ,"['gatl', 'gun']"
gatten tree ,"['gatten', 'tree']"
gat-toothed ,"['gat', 'tooth']"
gauche ,['gauch']
gaucherie ,['gaucheri']
gauchos ,['gaucho']
gaucho ,['gaucho']
gaud ,['gaud']
gauded ,['gaud']
gauding ,['gaud']
gaud-day ,"['gaud', 'day']"
gaudery ,['gauderi']
gaudful ,['gaud']
gaudily ,['gaudili']
gaudiness ,['gaudi']
gaudish ,['gaudish']
gaudless ,['gaudless']
gaudy ,['gaudi']
gaudies ,['gaudi']
gaudygreen ,['gaudygreen']
gauffer ,['gauffer']
gauffering ,['gauffer']
gauffre ,['gauffr']
gauged ,['gaug']
gauging ,['gaug']
gauge ,['gaug']
gaugeable ,['gaugeabl']
gauger ,['gauger']
gauger-ship ,"['gauger', 'ship']"
gauging rod ,"['gaug', 'rod']"
gaul ,['gaul']
gaulish ,['gaulish']
gault ,['gault']
gaultheria ,['gaultheria']
gaunt ,['gaunt']
gauntlet ,['gauntlet']
gauntletted ,['gauntlet']
gauntly ,['gauntli']
gauntree ,['gauntre']
gauntry ,['gauntri']
gaur ,['gaur']
gaure ,['gaur']
gauze ,['gauz']
gauziness ,['gauzi']
gauzy ,['gauzi']
gave ,['gave']
gavel ,['gavel']
gavelet ,['gavelet']
gavelkind ,['gavelkind']
gaveloche ,['gaveloch']
gavelock ,['gavelock']
gaverick ,['gaverick']
gaviae ,['gavia']
gavial ,['gavial']
gavot ,['gavot']
gawby ,['gawbi']
gawk ,['gawk']
gawky ,['gawki']
gawn ,['gawn']
gawntree ,['gawntre']
gay ,['gay']
gayal ,['gayal']
gaydiang ,['gaydiang']
gayeties ,['gayeti']
gayety ,['gayeti']
gaylussite ,['gaylussit']
gayly ,['gayli']
gayne ,['gayn']
gayness ,['gay']
gaysome ,['gaysom']
gazed ,['gaze']
gazing ,['gaze']
gaze ,['gaze']
gazeebo ,['gazeebo']
gazeful ,['gaze']
gazehound ,['gazehound']
gazel ,['gazel']
gazelle ,['gazel']
gazement ,['gazement']
gazer ,['gazer']
gazet ,['gazet']
gazette ,['gazett']
gazetted ,['gazet']
gazetting ,['gazet']
gazetteer ,['gazett']
gazingstock ,['gazingstock']
gazogene ,['gazogen']
gazon ,['gazon']
ge- ,['ge']
geal ,['geal']
gean ,['gean']
geanticlinal ,['geanticlin']
gear ,['gear']
geared ,['gear']
gearing ,['gear']
geason ,['geason']
geat ,['geat']
gecarcinian ,['gecarcinian']
geck ,['geck']
geckoes ,['gecko']
gecko ,['gecko']
geckotian ,['geckotian']
ged ,['ged']
gedd ,['gedd']
geed ,['geed']
geeing ,['gee']
gee ,['gee']
geer ,['geer']
geering ,['geer']
geese ,['gees']
geest ,['geest']
geet ,['geet']
geez ,['geez']
gehenna ,['gehenna']
geic ,['geic']
gein ,['gein']
geissler tube ,"['geissler', 'tube']"
geitonogamy ,['geitonogami']
gelable ,['gelabl']
gelada ,['gelada']
gelastic ,['gelast']
gelatification ,['gelatif']
gelatigenous ,['gelatigen']
gelatin ,['gelatin']
gelatine ,['gelatin']
gelatinated ,['gelatin']
gelatinating ,['gelatin']
gelatinate ,['gelatin']
gelatination ,['gelatin']
gelatiniferous ,['gelatinifer']
gelatiniform ,['gelatiniform']
gelatinization ,['gelatin']
gelatinize ,['gelatin']
gelatinous ,['gelatin']
gelation ,['gelat']
geld ,['geld']
gelded ,['geld']
gelding ,['geld']
geldable ,['geldabl']
gelder ,['gelder']
gelder-rose ,"['gelder', 'rose']"
gelid ,['gelid']
gelidity ,['gelid']
gelidly ,['gelidli']
gelidness ,['gelid']
gelly ,['gelli']
geloscopy ,['geloscopi']
gelose ,['gelos']
gelsemic ,['gelsem']
gelsemine ,['gelsemin']
gelseminic ,['gelsemin']
gelsemium ,['gelsemium']
gelt ,['gelt']
gem ,['gem']
gemmed ,['gem']
gemming ,['gem']
gemara ,['gemara']
gemaric ,['gemar']
gemarist ,['gemarist']
gemel ,['gemel']
gemellipa-rous ,"['gemellipa', 'rou']"
geminal ,['gemin']
geminate ,['gemin']
gemination ,['gemin']
gemini ,['gemini']
geminiflorous ,['geminiflor']
geminous ,['gemin']
geminy ,['gemini']
gemitores ,['gemitor']
gemmae ,['gemma']
gemma ,['gemma']
gemmaceous ,['gemmac']
gemmary ,['gemmari']
gemmate ,['gemmat']
gemmated ,['gemmat']
gemmation ,['gemmat']
gemmeous ,['gemmeou']
gemmiferous ,['gemmifer']
gemmification ,['gemmif']
gemmiflorate ,['gemmiflor']
gemminess ,['gemmi']
gemmipara ,['gemmipara']
gemmipares ,['gemmipar']
gemmiparity ,['gemmipar']
gemmiparous ,['gemmipar']
gemmosity ,['gemmos']
gemmulation ,['gemmul']
gemmule ,['gemmul']
gemmuliferous ,['gemmulifer']
gemmy ,['gemmi']
gemote ,['gemot']
gems ,['gem']
gemsbok ,['gemsbok']
gems-horn ,"['gem', 'horn']"
gemul ,['gemul']
gena ,['gena']
genappe ,['genapp']
gendarmes ,['gendarm']
gens d''armes ,"['gen', 'arm']"
gendarme ,['gendarm']
gendarmery ,['gendarmeri']
gender ,['gender']
gendered ,['gender']
gendering ,['gender']
genderless ,['genderless']
geneagenesis ,['geneagenesi']
genealogic ,['genealog']
genealogical ,['genealog']
genealogist ,['genealogist']
genealogize ,['genealog']
genealogies ,['genealog']
genealogy ,['genealog']
genearch ,['genearch']
genera ,['genera']
generability ,['gener']
generable ,['gener']
general ,['gener']
generalia ,['generalia']
generalissimo ,['generalissimo']
generalities ,['gener']
generality ,['gener']
generalizable ,['generaliz']
generalization ,['gener']
generalized ,['gener']
generalizing ,['gener']
generalize ,['gener']
generalizer ,['gener']
generally ,['gener']
generalness ,['gener']
generalship ,['generalship']
generalty ,['generalti']
generant ,['gener']
generated ,['gener']
generating ,['gener']
generate ,['gener']
generation ,['gener']
generative ,['gener']
generator ,['gener']
generatrices ,['generatric']
generatrixes ,['generatrix']
generatrix ,['generatrix']
generic ,['gener']
generical ,['gener']
generically ,['gener']
genericalness ,['generic']
generification ,['generif']
generosity ,['generos']
generous ,['gener']
genesee epoch ,"['genese', 'epoch']"
genesial ,['genesi']
genesiolgy ,['genesiolgi']
genesis ,['genesi']
genet ,['genet']
genette ,['genett']
genethliac ,['genethliac']
genethliacal ,['genethliac']
genethliacs ,['genethliac']
genethlialogy ,['genethlialog']
genethliatic ,['genethliat']
genetic ,['genet']
genetical ,['genet']
genetically ,['genet']
geneva ,['geneva']
genevan ,['genevan']
genevanism ,['genevan']
genevese ,['geneves']
genial ,['genial']
geniality ,['genial']
genially ,['genial']
genialness ,['genial']
genian ,['genian']
geniculate ,['genicul']
geniculated ,['genicul']
geniculating ,['genicul']
geniculation ,['genicul']
genie ,['geni']
genio ,['genio']
geniohyoid ,['geniohyoid']
genipap ,['genipap']
genista ,['genista']
genital ,['genit']
genitals ,['genit']
geniting ,['genit']
genitival ,['genitiv']
genitive ,['genit']
genitocrural ,['genitocrur']
genitor ,['genitor']
genitourinary ,['genitourinari']
geniture ,['genitur']
geniuses ,['genius']
genii ,['genii']
genius ,['geniu']
genoese ,['genoes']
genouillere ,['genouiller']
genre ,['genr']
gentes ,['gent']
gens ,['gen']
gent ,['gent']
genteel ,['genteel']
genteelish ,['genteelish']
genteelly ,['genteelli']
genteelness ,['genteel']
genterie ,['genteri']
gentrie ,['gentri']
gentian ,['gentian']
gentianaceous ,['gentianac']
gentianella ,['gentianella']
gentianic ,['gentian']
gentianine ,['gentianin']
gentianose ,['gentianos']
gentil ,['gentil']
gentile ,['gentil']
gentile-falcon ,"['gentil', 'falcon']"
gentilesse ,['gentiless']
gentilish ,['gentilish']
gentilism ,['gentil']
gentilitial ,['gentiliti']
gentilitious ,['gentiliti']
gentility ,['gentil']
gentilize ,['gentil']
gentilly ,['gentilli']
gentiopikrin ,['gentiopikrin']
gentisin ,['gentisin']
gentle ,['gentl']
gentlefolk ,['gentlefolk']
gentlefolks ,['gentlefolk']
gentle-hearted ,"['gentl', 'heart']"
gentlemen ,['gentlemen']
gentleman ,['gentleman']
gentlemanhood ,['gentlemanhood']
gentlemanlike ,['gentlemanlik']
gentlemanly ,['gentlemanli']
gentlemanliness ,['gentlemanli']
gentlemanship ,['gentlemanship']
gentleness ,['gentl']
gentleship ,['gentleship']
gentlesse ,['gentless']
gentlewomen ,['gentlewomen']
gentlewoman ,['gentlewoman']
gently ,['gentli']
gentoos ,['gentoo']
gentoo ,['gentoo']
gentry ,['gentri']
genty ,['genti']
genua ,['genua']
genu ,['genu']
genuflected ,['genuflect']
genuflecting ,['genuflect']
genuflect ,['genuflect']
genuflection ,['genuflect']
genuine ,['genuin']
genus ,['genu']
genys ,['geni']
geocentric ,['geocentr']
geocentrical ,['geocentr']
geocentrically ,['geocentr']
geocronite ,['geocronit']
geocyclic ,['geocycl']
geode ,['geod']
geodephagous ,['geodephag']
geodesic ,['geodes']
geodesical ,['geodes']
geodesist ,['geodesist']
geodesy ,['geodesi']
geodetic ,['geodet']
geodetical ,['geodet']
geodetically ,['geodet']
geodetics ,['geodet']
geodiferous ,['geodifer']
geoduck ,['geoduck']
geognosis ,['geognosi']
geognost ,['geognost']
geognostic ,['geognost']
geognostical ,['geognost']
geognosy ,['geognosi']
geogonic ,['geogon']
geogonical ,['geogon']
geogony ,['geogoni']
geographer ,['geograph']
geographic ,['geograph']
geographical ,['geograph']
geographically ,['geograph']
geographies ,['geographi']
geography ,['geographi']
geolatry ,['geolatri']
geologer ,['geolog']
geologian ,['geologian']
geologic ,['geolog']
geological ,['geolog']
geologically ,['geolog']
geologist ,['geologist']
geologized ,['geolog']
geologizing ,['geolog']
geologize ,['geolog']
geologies ,['geolog']
geology ,['geolog']
geomalism ,['geomal']
geomancer ,['geomanc']
geomancy ,['geomanc']
geomantic ,['geomant']
geomantical ,['geomant']
geometer ,['geomet']
geometral ,['geometr']
geometric ,['geometr']
geometrical ,['geometr']
geometrically ,['geometr']
geometrician ,['geometrician']
geometrid ,['geometrid']
geometrized ,['geometr']
geometrizing ,['geometr']
geometrize ,['geometr']
geometries ,['geometri']
geometry ,['geometri']
geophagism ,['geophag']
geophagist ,['geophagist']
geophagous ,['geophag']
geophila ,['geophila']
geoponic ,['geopon']
geoponical ,['geopon']
geoponics ,['geopon']
georama ,['georama']
geordie ,['geordi']
george ,['georg']
george noble ,"['georg', 'nobl']"
georgian ,['georgian']
georgic ,['georgic']
georgical ,['georgic']
georgium sidus ,"['georgium', 'sidu']"
geoscopy ,['geoscopi']
geoselenic ,['geoselen']
geostatic ,['geostat']
geosynclinal ,['geosynclin']
geothermometer ,['geothermomet']
geotic ,['geotic']
geotropic ,['geotrop']
geotropism ,['geotrop']
gephyrea ,['gephyrea']
gephyrean ,['gephyrean']
gephyreoid ,['gephyreoid']
gepound ,['gepound']
gerah ,['gerah']
geraniaceous ,['geraniac']
geraniine ,['geraniin']
geranine ,['geranin']
geranium ,['geranium']
gerant ,['gerant']
gerbe ,['gerb']
gerbil ,['gerbil']
gerbille ,['gerbil']
gerboa ,['gerboa']
gere ,['gere']
gerent ,['gerent']
gerfalcon ,['gerfalcon']
gerful ,['ger']
gerland ,['gerland']
gerlond ,['gerlond']
gerlind ,['gerlind']
germ ,['germ']
germain ,['germain']
german ,['german']
germans ,['german']
germander ,['germand']
germane ,['german']
germanic ,['german']
germanism ,['german']
germanium ,['germanium']
germanization ,['german']
germanized ,['german']
germanizing ,['german']
germanize ,['german']
germarium ,['germarium']
germens ,['germen']
germina ,['germina']
germen ,['germen']
germicidal ,['germicid']
germicide ,['germicid']
germinal ,['germin']
germinant ,['germin']
germinated ,['germin']
germinating ,['germin']
germinate ,['germin']
germination ,['germin']
germinative ,['germin']
germiparity ,['germipar']
germless ,['germless']
germogen ,['germogen']
germ plasm ,"['germ', 'plasm']"
germule ,['germul']
gern ,['gern']
gerner ,['gerner']
gerocomia ,['gerocomia']
gerocomical ,['gerocom']
gerocomy ,['gerocomi']
gerontes ,['geront']
gerontocracy ,['gerontocraci']
geropigia ,['geropigia']
gerrymandered ,['gerrymand']
gerrymandering ,['gerrymand']
gerrymander ,['gerrymand']
gerund ,['gerund']
gerundial ,['gerundi']
gerundive ,['gerund']
gerundively ,['gerund']
gery ,['geri']
gesling ,['gesl']
gesse ,['gess']
gest ,['gest']
gestant ,['gestant']
gestation ,['gestat']
gestatory ,['gestatori']
geste ,['gest']
gestic ,['gestic']
gesticulated ,['gesticul']
gesticulating ,['gesticul']
gesticulate ,['gesticul']
gesticulation ,['gesticul']
gesticulator ,['gesticul']
gesticulatory ,['gesticulatori']
gestour ,['gestour']
gestural ,['gestur']
gesture ,['gestur']
gestured ,['gestur']
gesturing ,['gestur']
gestureless ,['gestureless']
gesturement ,['gestur']
get ,['get']
got ,['got']
gotten ,['gotten']
getting ,['get']
geten ,['geten']
geth ,['geth']
get-penny ,"['get', 'penni']"
gettable ,['gettabl']
getter ,['getter']
getterup ,['getterup']
get-up ,['get']
gewgaw ,['gewgaw']
geyser ,['geyser']
geyserite ,['geyserit']
gharry ,['gharri']
ghast ,['ghast']
ghastful ,['ghast']
ghastliness ,['ghastli']
ghastly ,['ghastli']
ghastness ,['ghast']
ghat ,['ghat']
ghaut ,['ghaut']
ghawazi ,['ghawazi']
gheber ghebre ,"['gheber', 'ghebr']"
ghee ,['ghee']
gherkin ,['gherkin']
ghess ,['ghess']
ghetto ,['ghetto']
ghibelline ,['ghibellin']
ghole ,['ghole']
ghost ,['ghost']
ghostfish ,['ghostfish']
ghostless ,['ghostless']
ghostlike ,['ghostlik']
ghostliness ,['ghostli']
ghostly ,['ghostli']
ghostology ,['ghostolog']
ghoul ,['ghoul']
ghoulish ,['ghoulish']
ghyll ,['ghyll']
giallolino ,['giallolino']
giambeux ,['giambeux']
giant ,['giant']
giantess ,['giantess']
giantize ,['giantiz']
giantly ,['giantli']
giantry ,['giantri']
giantship ,['giantship']
giaour ,['giaour']
gib ,['gib']
gibbed ,['gib']
gibbing ,['gib']
gibbartas ,['gibbarta']
gibber ,['gibber']
gibbered ,['gibber']
gibbering ,['gibber']
gibberish ,['gibberish']
gibbet ,['gibbet']
gibbeted ,['gibbet']
gibbeting ,['gibbet']
gibbier ,['gibbier']
gibbon ,['gibbon']
gib boom ,"['gib', 'boom']"
gibbose ,['gibbos']
gibbostity ,['gibbost']
gibbous ,['gibbou']
gibbsite ,['gibbsit']
gib-cat ,"['gib', 'cat']"
gibed ,['gibe']
gibing ,['gibe']
gibe ,['gibe']
gibel ,['gibel']
giber ,['giber']
gibfish ,['gibfish']
gibingly ,['gibingli']
giblet ,['giblet']
giblets ,['giblet']
gibstaff ,['gibstaff']
gid ,['gid']
giddily ,['giddili']
giddiness ,['giddi']
giddy ,['giddi']
giddy-head ,"['giddi', 'head']"
giddy-headed ,"['giddi', 'head']"
giddy-paced ,"['giddi', 'pace']"
gie ,['gie']
gier-eagle ,"['gier', 'eagl']"
gier-falcon ,"['gier', 'falcon']"
gieseckite ,['gieseckit']
gif ,['gif']
giffard injector ,"['giffard', 'injector']"
giffgaff ,['giffgaff']
giffy ,['giffi']
gift ,['gift']
gifted ,['gift']
gifting ,['gift']
giftedness ,['gifted']
gig ,['gig']
gigantean ,['gigantean']
gigantesque ,['gigantesqu']
gigantic ,['gigant']
gigantical ,['gigant']
giganticide ,['giganticid']
gigantine ,['gigantin']
gigantology ,['gigantolog']
gigantomachy ,['gigantomachi']
gide ,['gide']
guide ,['guid']
gigeria ,['gigeria']
gigerium ,['gigerium']
gigget ,['gigget']
giggled ,['giggl']
giggling ,['giggl']
giggle ,['giggl']
giggler ,['giggler']
giggly ,['giggli']
giggot ,['giggot']
giggyng ,['giggyng']
giglot ,['giglot']
giglet ,['giglet']
gigot ,['gigot']
gila monster ,"['gila', 'monster']"
gilded ,['gild']
gilt ,['gilt']
gilding ,['gild']
gild ,['gild']
gildale ,['gildal']
gilden ,['gilden']
gilder ,['gilder']
guilding ,['guild']
gile ,['gile']
gill ,['gill']
gill-flirt ,"['gill', 'flirt']"
gillhouse ,['gillhous']
gillian ,['gillian']
gillie gilly ,"['gilli', 'gilli']"
gillyflower ,['gillyflow']
gilour ,['gilour']
gilse ,['gils']
gilt-edge ,"['gilt', 'edg']"
gilt-edged ,"['gilt', 'edg']"
gilthead ,['gilthead']
giltif ,['giltif']
gilttail ,['gilttail']
gim ,['gim']
gimbal ,['gimbal']
gimbals ,['gimbal']
gimblet ,['gimblet']
gimcrack ,['gimcrack']
gimlet ,['gimlet']
gimleted ,['gimlet']
gimleting ,['gimlet']
gimmal ,['gimmal']
gommal ,['gommal']
gimmer ,['gimmer']
gimmor ,['gimmor']
gimp ,['gimp']
gin ,['gin']
gon ,['gon']
gun ,['gun']
ginning ,['gin']
ginned ,['gin']
ging ,['ging']
gingal ,['gingal']
ginger ,['ginger']
gingerbread ,['gingerbread']
gingerly ,['gingerli']
gingerness ,['ginger']
gingham ,['gingham']
ginging ,['ging']
gingival ,['gingiv']
gingle ,['gingl']
ginglyform ,['ginglyform']
ginglymodi ,['ginglymodi']
ginglymoid ,['ginglymoid']
ginglymoidal ,['ginglymoid']
ginglymi ,['ginglymi']
ginglymus ,['ginglymu']
ginhouse ,['ginhous']
ginkgoes ,['ginkgo']
ginkgo ,['ginkgo']
ginn ,['ginn']
ginnee ,['ginne']
ginnet ,['ginnet']
ginny-carriage ,"['ginni', 'carriag']"
ginseng ,['ginseng']
ginshop ,['ginshop']
gip ,['gip']
gipoun ,['gipoun']
gipser ,['gipser']
gipsire ,['gipsir']
gipsy ,['gipsi']
gipsyism ,['gipsyism']
giraffe ,['giraff']
girandole ,['girandol']
girasole girasol ,"['girasol', 'girasol']"
gird ,['gird']
girt ,['girt']
girded ,['gird']
girding ,['gird']
girder ,['girder']
girdle ,['girdl']
girdled ,['girdl']
girdling ,['girdl']
girdler ,['girdler']
girdlestead ,['girdlestead']
gire ,['gire']
girkin ,['girkin']
girl ,['girl']
girlhood ,['girlhood']
girlish ,['girlish']
girlond ,['girlond']
girn ,['girn']
girondist ,['girondist']
girrock ,['girrock']
girted ,['girt']
girting ,['girt']
girth ,['girth']
girtline ,['girtlin']
gisarm ,['gisarm']
gise ,['gise']
gisle ,['gisl']
gismondine ,['gismondin']
gismondite ,['gismondit']
gist ,['gist']
git ,['git']
gite ,['gite']
gith ,['gith']
gittern ,['gittern']
gittith ,['gittith']
guist ,['guist']
giusto ,['giusto']
given ,['given']
giving ,['give']
give ,['give']
giver ,['giver']
gives ,['give']
gizzard ,['gizzard']
glabell/ ,['glabel']
glabella ,['glabella']
glabellum ,['glabellum']
glabrate ,['glabrat']
glabreate ,['glabreat']
glabriate ,['glabriat']
glabrity ,['glabriti']
glabrous ,['glabrou']
glacial ,['glacial']
glacialist ,['glacialist']
glaciate ,['glaciat']
glaciation ,['glaciat']
glacier ,['glacier']
glacious ,['glaciou']
glacis ,['glaci']
glad ,['glad']
gladded ,['glad']
gladding ,['glad']
gladdened ,['gladden']
gladdening ,['gladden']
gladden ,['gladden']
gladder ,['gladder']
glade ,['glade']
gladen ,['gladen']
gladeye ,['gladey']
gladful ,['glad']
gladiate ,['gladiat']
gladiator ,['gladiat']
gladiatorial ,['gladiatori']
gladiatorian ,['gladiatorian']
gladiatorism ,['gladiator']
gladiatorship ,['gladiatorship']
gladiatory ,['gladiatori']
gladiature ,['gladiatur']
gladiole ,['gladiol']
gladioli ,['gladioli']
gladioluses ,['gladiolus']
gladiolus ,['gladiolu']
gladii ,['gladii']
gladius ,['gladiu']
gladly ,['gladli']
gladness ,['glad']
gladship ,['gladship']
gladsome ,['gladsom']
gladstone ,['gladston']
gladwyn ,['gladwyn']
glair ,['glair']
glaired ,['glair']
glairing ,['glair']
glaire ,['glair']
glaireous ,['glaireou']
glairin ,['glairin']
glairy ,['glairi']
glaive ,['glaiv']
glama ,['glama']
glamour ,['glamour']
glamourie ,['glamouri']
glance ,['glanc']
glanced ,['glanc']
glancing ,['glanc']
"""""""""""""""""""""""""""""""glance """"""""""""""",['glanc']
glancingly ,['glancingli']
gland ,['gland']
glandage ,['glandag']
glandered ,['glander']
glanderous ,['glander']
glanders ,['glander']
glandiferous ,['glandifer']
glandiform ,['glandiform']
glandular ,['glandular']
glandulation ,['glandul']
glandule ,['glandul']
glanduliferous ,['glandulifer']
glandulose ,['glandulos']
glandulosity ,['glandulos']
glandulous ,['glandul']
glandes ,['gland']
glans ,['glan']
glared ,['glare']
glaring ,['glare']
glare ,['glare']
glareous ,['glareou']
glariness ,['glari']
glaringness ,['glaring']
glary ,['glari']
glass ,['glass']
glassed ,['glass']
glassing ,['glass']
glass-crab ,"['glass', 'crab']"
glassen ,['glassen']
glasseye ,['glassey']
glass-faced ,"['glass', 'face']"
glassfuls ,['glass']
glassful ,['glass']
glass-gazing ,"['glass', 'gaze']"
glasshouse ,['glasshous']
glassily ,['glassili']
glassiness ,['glassi']
glassite ,['glassit']
glass maker ,"['glass', 'maker']"
glassmaker ,['glassmak']
glass-rope ,"['glass', 'rope']"
glass-snail ,"['glass', 'snail']"
glass-snake ,"['glass', 'snake']"
glass-sponge ,"['glass', 'spong']"
glassware ,['glasswar']
glasswork ,['glasswork']
glasswort ,['glasswort']
glassy ,['glassi']
glasstonbury thorn ,"['glasstonburi', 'thorn']"
glasynge ,['glasyng']
glauberite ,['glauberit']
glauber''s salt ,"['glauber', 'salt']"
glauber''s salts ,"['glauber', 'salt']"
glaucescent ,['glaucesc']
glaucic ,['glaucic']
glaucine ,['glaucin']
glaucodot ,['glaucodot']
glaucoma ,['glaucoma']
glaucomatous ,['glaucomat']
glaucometer ,['glaucomet']
glauconite ,['glauconit']
glaucophane ,['glaucophan']
glaucosis ,['glaucosi']
glaucous ,['glaucou']
glaucus ,['glaucu']
glaum ,['glaum']
glave ,['glave']
glaver ,['glaver']
glaverer ,['glaver']
glaymore ,['glaymor']
glased ,['glase']
glazing ,['glaze']
glase ,['glase']
glaze ,['glaze']
glazen ,['glazen']
glazer ,['glazer']
glazier ,['glazier']
glazy ,['glazi']
glead ,['glead']
gleam ,['gleam']
gleamed ,['gleam']
gleaming ,['gleam']
gleamy ,['gleami']
gleaned ,['glean']
gleaning ,['glean']
glean ,['glean']
gleaner ,['gleaner']
glebe ,['glebe']
glebeless ,['glebeless']
glebosity ,['glebos']
glebous ,['glebou']
gleby ,['glebi']
glede ,['glede']
glee ,['glee']
gleed ,['gleed']
gleeful ,['gleeful']
gleek ,['gleek']
gleemen ,['gleemen']
gleeman ,['gleeman']
gleen ,['gleen']
gleesome ,['gleesom']
gleet ,['gleet']
gleety ,['gleeti']
gleg ,['gleg']
gleire ,['gleir']
gleyre ,['gleyr']
glen ,['glen']
glenlivat ,['glenlivat']
glenlivet ,['glenlivet']
glenoid ,['glenoid']
glenoidal ,['glenoid']
glent ,['glent']
gleucometer ,['gleucomet']
glew ,['glew']
gley ,['gley']
gliadin ,['gliadin']
glib ,['glib']
gilbbery ,['gilbberi']
glibly ,['glibli']
glibness ,['glib']
glicke ,['glick']
glidden ,['glidden']
glidder ,['glidder']
gliddery ,['glidderi']
glide ,['glide']
glided ,['glide']
gliding ,['glide']
gliden ,['gliden']
glider ,['glider']
glidingly ,['glidingli']
gliff ,['gliff']
glike ,['glike']
glim ,['glim']
glimmered ,['glimmer']
glimmering ,['glimmer']
glimmer ,['glimmer']
glimpse ,['glimps']
glimpsed ,['glimps']
glimpsing ,['glimps']
glint ,['glint']
glinted ,['glint']
glinting ,['glint']
glioma ,['glioma']
glires ,['glire']
glissade ,['glissad']
glissando ,['glissando']
glissette ,['glissett']
glist ,['glist']
glistened ,['glisten']
glistening ,['glisten']
glisten ,['glisten']
glistered ,['glister']
glistering ,['glister']
glister ,['glister']
glisteringly ,['glisteringli']
glittered ,['glitter']
glittering ,['glitter']
glitter ,['glitter']
glitterand ,['glitterand']
glitteringly ,['glitteringli']
gloam ,['gloam']
gloaming ,['gloam']
gloar ,['gloar']
gloated ,['gloat']
gloating ,['gloat']
gloat ,['gloat']
globard ,['globard']
globate ,['globat']
globated ,['globat']
globe ,['globe']
globed ,['globe']
globing ,['globe']
globefish ,['globefish']
globeflower ,['globeflow']
globe-shaped ,"['globe', 'shape']"
globiferous ,['globifer']
globigerin/ ,['globigerin']
globigerina ,['globigerina']
globose ,['globos']
globosely ,['globos']
globosity ,['globos']
globous ,['globou']
globular ,['globular']
globularity ,['globular']
globularly ,['globularli']
globularness ,['globular']
globule ,['globul']
globulet ,['globulet']
globuliferous ,['globulifer']
globulimeter ,['globulimet']
globulin ,['globulin']
globulite ,['globulit']
globulous ,['globul']
globy ,['globi']
glochidiate ,['glochidi']
glochidia ,['glochidia']
glochidium ,['glochidium']
glode ,['glode']
glombe ,['glomb']
glome ,['glome']
glomerate ,['glomer']
glomerated ,['glomer']
glomerating ,['glomer']
glomeration ,['glomer']
glomerous ,['glomer']
glomerule ,['glomerul']
glomeruli ,['glomeruli']
glomerulus ,['glomerulu']
glomuliferous ,['glomulifer']
glonoin ,['glonoin']
glonoine ,['glonoin']
gloom ,['gloom']
gloomed ,['gloom']
glooming ,['gloom']
gloomily ,['gloomili']
gloominess ,['gloomi']
gloomth ,['gloomth']
gloomy ,['gloomi']
gloppen ,['gloppen']
glore ,['glore']
gloria ,['gloria']
gloriation ,['gloriat']
gloried ,['glori']
glorification ,['glorif']
glorified ,['glorifi']
glorifying ,['glorifi']
glorify ,['glorifi']
gloriole ,['gloriol']
gloriosa ,['gloriosa']
glorioser ,['glorios']
glorioso ,['glorioso']
glorious ,['gloriou']
glory ,['glori']
glorying ,['glori']
glose ,['glose']
gloser ,['gloser']
gloss ,['gloss']
glossed ,['gloss']
glossing ,['gloss']
gloss/ ,['gloss']
glossa ,['glossa']
glossal ,['glossal']
glossanthrax ,['glossanthrax']
glossarial ,['glossari']
glossarially ,['glossari']
glossarist ,['glossarist']
gossaries ,['gossari']
glossary ,['glossari']
glossata ,['glossata']
glossator ,['glossat']
glosser ,['glosser']
glossic ,['glossic']
glossily ,['glossili']
glossiness ,['glossi']
glossist ,['glossist']
glossitis ,['glossiti']
glossly ,['glossli']
glossocomon ,['glossocomon']
glossoepiglottic ,['glossoepiglott']
glossographer ,['glossograph']
glossographical ,['glossograph']
glossography ,['glossographi']
glossohyal ,['glossohy']
glossolalia ,['glossolalia']
glossolaly ,['glossolali']
glossological ,['glossolog']
glassologist ,['glassologist']
glossology ,['glossolog']
glossopharyngeal ,['glossopharyng']
glossy ,['glossi']
glost oven ,"['glost', 'oven']"
glottal ,['glottal']
glottic ,['glottic']
glottidean ,['glottidean']
glottis ,['glotti']
glottological ,['glottolog']
glottologist ,['glottologist']
glottology ,['glottolog']
glout ,['glout']
glove ,['glove']
gloved ,['glove']
gloving ,['glove']
glover ,['glover']
glowed ,['glow']
glowing ,['glow']
glow ,['glow']
glowbard ,['glowbard']
glowered ,['glower']
glowering ,['glower']
glower ,['glower']
glowingly ,['glowingli']
glowlamp ,['glowlamp']
glowworm ,['glowworm']
gloxinia ,['gloxinia']
glozed ,['gloze']
glozing ,['gloze']
gloze ,['gloze']
glozer ,['glozer']
glucic ,['glucic']
glucina ,['glucina']
glucinic ,['glucin']
glucinum ,['glucinum']
glucogen ,['glucogen']
glucogenesis ,['glucogenesi']
gluconic ,['glucon']
glucose ,['glucos']
glucoside ,['glucosid']
glucosuria ,['glucosuria']
glue ,['glue']
glued ,['glu']
gluing ,['glu']
gluepot ,['gluepot']
gluer ,['gluer']
gluey ,['gluey']
glueyness ,['gluey']
gluish ,['gluish']
glum ,['glum']
glumaceous ,['glumac']
glumal ,['glumal']
glume ,['glume']
glumella ,['glumella']
glumelle ,['glumel']
glumly ,['glumli']
glummy ,['glummi']
glumness ,['glum']
glump ,['glump']
glumpy ,['glumpi']
glunch ,['glunch']
glutted ,['glut']
glutting ,['glut']
glut ,['glut']
glutaconic ,['glutacon']
glutaeus ,['glutaeu']
glutamic ,['glutam']
glutaric ,['glutar']
glutazine ,['glutazin']
gluteal ,['gluteal']
gluten ,['gluten']
gluteus ,['gluteu']
glutin ,['glutin']
glutinated ,['glutin']
glutinating ,['glutin']
glutinate ,['glutin']
glutination ,['glutin']
glutinative ,['glutin']
glutinosity ,['glutinos']
glutinous ,['glutin']
glutinousness ,['glutin']
glutton ,['glutton']
gluttonish ,['gluttonish']
gluttonized ,['glutton']
gluttonizing ,['glutton']
gluttonize ,['glutton']
gluttonous ,['glutton']
gluttonies ,['gluttoni']
gluttony ,['gluttoni']
glycerate ,['glycer']
glyceric ,['glycer']
glyceride ,['glycerid']
glycerin ,['glycerin']
glycerine ,['glycerin']
glycerite ,['glycerit']
glycerol ,['glycerol']
clycerole ,['clycerol']
glyceryl ,['glyceryl']
glycide ,['glycid']
glycidic ,['glycid']
glycin ,['glycin']
glycocholate ,['glycochol']
glycocholic ,['glycochol']
glycocin ,['glycocin']
glycocoll ,['glycocol']
glycogen ,['glycogen']
glycogenic ,['glycogen']
glycogeny ,['glycogeni']
glycogenesis ,['glycogenesi']
glycol ,['glycol']
glycolic ,['glycol']
glycolide ,['glycolid']
glycoluric ,['glycolur']
glycoluril ,['glycoluril']
glycolyl ,['glycolyl']
glyconian ,['glyconian']
glyconic ,['glycon']
glyconin ,['glyconin']
glycosine ,['glycosin']
glycosuria ,['glycosuria']
glycyrrhiza ,['glycyrrhiza']
glycyrrhizimic ,['glycyrrhizim']
glycyrrhizin ,['glycyrrhizin']
glyn ,['glyn']
glynne ,['glynn']
glyoxal ,['glyoxal']
glyoxalic ,['glyoxal']
glyoxaline ,['glyoxalin']
glyoxime ,['glyoxim']
glyph ,['glyph']
glyphic ,['glyphic']
glyphograph ,['glyphograph']
glyphographic ,['glyphograph']
glyphography ,['glyphographi']
glyptic ,['glyptic']
glyptics ,['glyptic']
glyptodon ,['glyptodon']
glyptodont ,['glyptodont']
glyptographic ,['glyptograph']
glyptography ,['glyptographi']
glyptotheca ,['glyptotheca']
glyster ,['glyster']
gmelinite ,['gmelinit']
gnaphalium ,['gnaphalium']
gnar ,['gnar']
gnarred ,['gnar']
gnarring ,['gnar']
gnarled ,['gnarl']
gnarling ,['gnarl']
gnarl ,['gnarl']
gnarly ,['gnarli']
gnashed ,['gnash']
gnashing ,['gnash']
gnash ,['gnash']
gnashingly ,['gnashingli']
gnat ,['gnat']
gnathic ,['gnathic']
gnathidia ,['gnathidia']
gnathidium ,['gnathidium']
gnathite ,['gnathit']
gnathonic ,['gnathon']
gnathonical ,['gnathon']
gnathopod ,['gnathopod']
gnathopodite ,['gnathopodit']
gnathastegite ,['gnathastegit']
gnathostoma ,['gnathostoma']
gnathothecae ,['gnathotheca']
gnathotheca ,['gnathotheca']
gnatling ,['gnatl']
gnatworm ,['gnatworm']
gnawed ,['gnaw']
gnawing ,['gnaw']
gnaw ,['gnaw']
gnawer ,['gnawer']
gneiss ,['gneiss']
gneissic ,['gneissic']
gneissoid ,['gneissoid']
gneissose ,['gneissos']
gnew ,['gnew']
gnide ,['gnide']
gnof ,['gnof']
gnome ,['gnome']
gnomic ,['gnomic']
gnomical ,['gnomic']
gnomically ,['gnomic']
gnomologic ,['gnomolog']
gnomological ,['gnomolog']
gnomology ,['gnomolog']
gnomon ,['gnomon']
gnomonic ,['gnomon']
gnomonical ,['gnomon']
gnomonically ,['gnomon']
gnomonics ,['gnomon']
gnomonist ,['gnomonist']
gnomonology ,['gnomonolog']
gnoscopine ,['gnoscopin']
gnosis ,['gnosi']
gnostic ,['gnostic']
gnosticism ,['gnostic']
gnow ,['gnow']
gnu ,['gnu']
go ,['go']
went ,['went']
gone ,['gone']
going ,['go']
goa ,['goa']
goad ,['goad']
goaded ,['goad']
goading ,['goad']
goafs ,['goaf']
goaves ,['goav']
goaf ,['goaf']
goal ,['goal']
goa powder ,"['goa', 'powder']"
goar ,['goar']
goarish ,['goarish']
goat ,['goat']
goatee ,['goate']
goatfish ,['goatfish']
goatherd ,['goatherd']
goatish ,['goatish']
goatlike ,['goatlik']
goatskin ,['goatskin']
goatsucker ,['goatsuck']
gob ,['gob']
gobbet ,['gobbet']
gobbetly ,['gobbetli']
gobbing ,['gob']
gobbled ,['gobbl']
gobbling ,['gobbl']
gobble ,['gobbl']
gobbler ,['gobbler']
gobelin ,['gobelin']
gobemouche ,['gobemouch']
gobet ,['gobet']
go-between ,['go']
gobioid ,['gobioid']
goblet ,['goblet']
goblin ,['goblin']
gobline ,['goblin']
goblinize ,['goblin']
gobies ,['gobi']
goby ,['gobi']
go-by ,['go']
gocart ,['gocart']
god ,['god']
godchild ,['godchild']
goddaughter ,['goddaught']
goddess ,['goddess']
gode ,['gode']
godelich ,['godelich']
godfather ,['godfath']
god-fearing ,"['god', 'fear']"
godhead ,['godhead']
godhood ,['godhood']
godild ,['godild']
godless ,['godless']
godlike ,['godlik']
godlily ,['godlili']
godliness ,['godli']
godling ,['godl']
godly ,['godli']
godlyhead ,['godlyhead']
godmother ,['godmoth']
godown ,['godown']
godroon ,['godroon']
godsend ,['godsend']
godship ,['godship']
godsib ,['godsib']
godson ,['godson']
godspeed ,['godspe']
godward ,['godward']
godwit ,['godwit']
goel ,['goel']
goeland ,['goeland']
goemin ,['goemin']
goen ,['goen']
goer ,['goer']
goety ,['goeti']
goff ,['goff']
goffered ,['goffer']
goffering ,['goffer']
goffer ,['goffer']
gog ,['gog']
goggled ,['goggl']
goggling ,['goggl']
goggle ,['goggl']
goggle-eye ,"['goggl', 'eye']"
goggle-eyed ,"['goggl', 'eye']"
goggler ,['goggler']
goglet ,['goglet']
goiter ,['goiter']
goitre ,['goitr']
goitered ,['goiter']
goitred ,['goitr']
goitrous ,['goitrou']
gold ,['gold']
golde ,['gold']
goolde ,['goold']
gold-beaten ,"['gold', 'beaten']"
gold-beating ,"['gold', 'beat']"
gold-bound ,"['gold', 'bound']"
goldcrest ,['goldcrest']
goldcup ,['goldcup']
golden ,['golden']
golden-eye ,"['golden', 'eye']"
goden ly ,"['goden', 'ly']"
golden-rod ,"['golden', 'rod']"
goldfinch ,['goldfinch']
goldfinny ,['goldfinni']
goldfish ,['goldfish']
gold-hammer ,"['gold', 'hammer']"
goldie ,['goldi']
goldilocks ,['goldilock']
goldin ,['goldin']
golding ,['gold']
goldless ,['goldless']
goldney ,['goldney']
goldseed ,['goldse']
goldsinny ,['goldsinni']
goldsmith ,['goldsmith']
goldtit ,['goldtit']
goldylocks ,['goldylock']
golet ,['golet']
golf ,['golf']
golfer ,['golfer']
golgotha ,['golgotha']
goliard ,['goliard']
goliardery ,['goliarderi']
goliath beetle ,"['goliath', 'beetl']"
goll ,['goll']
goloe-shoe ,"['golo', 'shoe']"
golore ,['golor']
goloshe ,['golosh']
goltschut ,['goltschut']
golyardeys ,['golyardey']
goman ,['goman']
gomarist ,['gomarist']
gomarite ,['gomarit']
gombo ,['gombo']
gome ,['gome']
gomer ,['gomer']
gommelin ,['gommelin']
gomphiasis ,['gomphiasi']
gomphosis ,['gomphosi']
gomuti ,['gomuti']
gonads ,['gonad']
gonad ,['gonad']
gonakie ,['gonaki']
gonangia ,['gonangia']
gonangiums ,['gonangium']
gonangium ,['gonangium']
gondola ,['gondola']
gondolet ,['gondolet']
gondolier ,['gondoli']
goneness ,['gone']
gonfalon ,['gonfalon']
gonfanon ,['gonfanon']
gonfalonier ,['gonfaloni']
gong ,['gong']
goniatite ,['goniatit']
gonidial ,['gonidi']
gonidium ,['gonidium']
gonidia ,['gonidia']
gonimia ,['gonimia']
gonimous ,['gonim']
goniometer ,['goniomet']
goniometric ,['goniometr']
goniometrical ,['goniometr']
goniometry ,['goniometri']
gonoblastid ,['gonoblastid']
gonoblastidia ,['gonoblastidia']
gonoblastidium ,['gonoblastidium']
gonocalyx ,['gonocalyx']
gonochorism ,['gonochor']
gonococcus ,['gonococcu']
gonoph ,['gonoph']
gonophore ,['gonophor']
gonorrhea ,['gonorrhea']
gonorrhoea ,['gonorrhoea']
gonorrheal ,['gonorrh']
gonorrhoeal ,['gonorrho']
gonosome ,['gonosom']
gonothec/ ,['gonothec']
gonotheca ,['gonotheca']
gonozooid ,['gonozooid']
gonydial ,['gonydi']
gonys ,['goni']
goober ,['goober']
good ,['good']
good-by ,['good']
good-bye ,"['good', 'bye']"
good-den ,"['good', 'den']"
good-fellowship ,"['good', 'fellowship']"
goodgeon ,['goodgeon']
good-humored ,"['good', 'humor']"
good-humoredly ,"['good', 'humoredli']"
goodish ,['goodish']
goodless ,['goodless']
goodlich ,['goodlich']
goodliness ,['goodli']
good-looking ,"['good', 'look']"
goodly ,['goodli']
goodlyhead ,['goodlyhead']
goodlyhood ,['goodlyhood']
goodman ,['goodman']
good-natured ,"['good', 'natur']"
good-naturedly ,"['good', 'naturedli']"
goodness ,['good']
good now ,['good']
goods ,['good']
goodship ,['goodship']
good-tempered ,"['good', 'temper']"
goodwife ,['goodwif']
goodies ,['goodi']
goody ,['goodi']
gode-year ,"['gode', 'year']"
goody-goody ,"['goodi', 'goodi']"
goodyship ,['goodyship']
gooroo ,['gooroo']
guru ,['guru']
goosander ,['goosand']
goose ,['goos']
gooseberries ,['gooseberri']
gooseberry ,['gooseberri']
goosefish ,['goosefish']
goosefoot ,['goosefoot']
gooseries ,['gooseri']
goosery ,['gooseri']
goosewing ,['goosew']
"""""""""""""""""""""""""""""""goosewinged """"""""""""""",['goosewing']
goosewinged ,['goosewing']
goosish ,['goosish']
goost ,['goost']
goot ,['goot']
go-out ,['go']
gopher ,['gopher']
gopher wood ,"['gopher', 'wood']"
goracco ,['goracco']
goral ,['goral']
goramy ,['gorami']
gor-bellied ,"['gor', 'belli']"
gor-belly ,"['gor', 'belli']"
gorce ,['gorc']
gorcock ,['gorcock']
gorcrow ,['gorcrow']
gord ,['gord']
gordiacea ,['gordiacea']
gordian ,['gordian']
gordius ,['gordiu']
gore ,['gore']
gored ,['gore']
goring ,['gore']
gorebill ,['gorebil']
gorflies ,['gorfli']
gorfly ,['gorfli']
gorge ,['gorg']
gorged ,['gorg']
gorging ,['gorg']
gorgelet ,['gorgelet']
gorgeous ,['gorgeou']
gorgerin ,['gorgerin']
gorget ,['gorget']
gorgon ,['gorgon']
gorgonacea ,['gorgonacea']
gorgonean ,['gorgonean']
gorgoneia ,['gorgoneia']
gorgoneion ,['gorgoneion']
gorgonia ,['gorgonia']
gorgoniacea ,['gorgoniacea']
gorgonian ,['gorgonian']
gorgonize ,['gorgon']
gorhen ,['gorhen']
gorilla ,['gorilla']
goring cloth ,"['gore', 'cloth']"
gorm ,['gorm']
gorma ,['gorma']
gormand ,['gormand']
gormander ,['gormand']
gormandism ,['gormand']
gormandized ,['gormand']
gormandizing ,['gormand']
gormandize ,['gormand']
gormandizer ,['gormand']
goroon shell ,"['goroon', 'shell']"
gorse ,['gors']
gory ,['gori']
goshawk ,['goshawk']
gosherd ,['gosherd']
goslet ,['goslet']
gosling ,['gosl']
gospel ,['gospel']
gospeler ,['gospel']
gospelized ,['gospel']
gospelizing ,['gospel']
gospelize ,['gospel']
goss ,['goss']
gossamer ,['gossam']
gossamery ,['gossameri']
gossan ,['gossan']
gossaniferous ,['gossanifer']
gossat ,['gossat']
gossib ,['gossib']
gossip ,['gossip']
gossiped ,['gossip']
gossiping ,['gossip']
gossiper ,['gossip']
gossiprede ,['gossipred']
gossipry ,['gossipri']
gossipy ,['gossipi']
gossoon ,['gossoon']
gossypium ,['gossypium']
gote ,['gote']
goter ,['goter']
goth ,['goth']
gothamist ,['gothamist']
gothamite ,['gothamit']
gothic ,['gothic']
gothicism ,['gothic']
gothicized ,['gothic']
gothicizing ,['gothic']
gothicize ,['gothic']
gothite ,['gothit']
goethite ,['goethit']
gouache ,['gouach']
goud ,['goud']
goudron ,['goudron']
gouge ,['goug']
gouged ,['goug']
gouging ,['goug']
bouge ,['boug']
gouger ,['gouger']
gougeshell ,['gougeshel']
goujere ,['goujer']
gouland ,['gouland']
goulards extract ,"['goulard', 'extract']"
gour ,['gour']
goura ,['goura']
gourami ,['gourami']
gourd ,['gourd']
gourde ,['gourd']
gourdiness ,['gourdi']
gourd tree ,"['gourd', 'tree']"
gourdworm ,['gourdworm']
gourdy ,['gourdi']
gourmand ,['gourmand']
gourmet ,['gourmet']
gournet ,['gournet']
gout ,['gout']
goutily ,['goutili']
goutiness ,['gouti']
goutweed ,['goutwe']
goutwort ,['goutwort']
gouty ,['gouti']
gove ,['gove']
governed ,['govern']
governing ,['govern']
govern ,['govern']
governability ,['govern']
governable ,['govern']
governableness ,['govern']
governal ,['govern']
governail ,['governail']
governance ,['govern']
governante ,['governant']
governess ,['gover']
government ,['govern']
governmental ,['government']
governor ,['governor']
governor general ,"['governor', 'gener']"
governorship ,['governorship']
gowan ,['gowan']
gowany ,['gowani']
gowd ,['gowd']
gowden ,['gowden']
gowdie ,['gowdi']
gowdnook ,['gowdnook']
gowk ,['gowk']
gowl ,['gowl']
gown ,['gown']
gowned ,['gown']
gownsman ,['gownsman']
gownman ,['gownman']
gozzard ,['gozzard']
graafian ,['graafian']
graal ,['graal']
grab ,['grab']
grabbed ,['grab']
grabbing ,['grab']
grabber ,['grabber']
grabbled ,['grabbl']
grabbling ,['grabbl']
grabble ,['grabbl']
grace ,['grace']
graced ,['grace']
gracing ,['grace']
graceful ,['grace']
graceless ,['graceless']
gracile ,['gracil']
gracillent ,['gracil']
gracility ,['gracil']
gracious ,['graciou']
graciously ,['gracious']
graciousness ,['gracious']
grackle ,['grackl']
gradate ,['gradat']
gradation ,['gradat']
gradational ,['gradat']
gradatory ,['gradatori']
grade ,['grade']
graded ,['grade']
grading ,['grade']
gradely ,['grade']
grader ,['grader']
gradient ,['gradient']
gradin ,['gradin']
gradine ,['gradin']
gradinos ,['gradino']
gradino ,['gradino']
gradual ,['gradual']
graduality ,['gradual']
gradually ,['gradual']
gradualness ,['gradual']
graduated ,['graduat']
graduating ,['graduat']
graduate ,['graduat']
graduateship ,['graduateship']
graduation ,['graduat']
graduator ,['graduat']
gradus ,['gradu']
graf ,['graf']
graff ,['graff']
graffage ,['graffag']
graffer ,['graffer']
graffiti ,['graffiti']
graft ,['graft']
grafted ,['graft']
grafting ,['graft']
grafter ,['grafter']
graham bread ,"['graham', 'bread']"
grahamite ,['grahamit']
grail ,['grail']
graille ,['graill']
grain ,['grain']
grained ,['grain']
graining. ,['grain']
grainer ,['grainer']
grainfield ,['grainfield']
graining ,['grain']
grains ,['grain']
grainy ,['graini']
graip ,['graip']
graith ,['graith']
grakle ,['grakl']
grallae ,['gralla']
grallatores ,['grallator']
grallatorial ,['grallatori']
grallatory ,['grallatori']
grallic ,['grallic']
gralline ,['grallin']
gralloch ,['gralloch']
gram ,['gram']
gramme ,['gramm']
grama grass ,"['grama', 'grass']"
gramarye ,['gramary']
gramashes ,['gramash']
grame ,['grame']
gramercy ,['gramerci']
graminaceous ,['graminac']
gramineal ,['gramin']
gramineous ,['gramin']
graminifolious ,['graminifoli']
graminivorous ,['graminivor']
grammalogue ,['grammalogu']
grammar ,['grammar']
grammarian ,['grammarian']
grammarianism ,['grammarian']
grammarless ,['grammarless']
grammates ,['grammat']
grammatic ,['grammat']
grammatical ,['grammat']
grammaticaster ,['grammaticast']
grammatication ,['grammat']
grammaticism ,['grammatic']
grammaticized ,['grammatic']
grammaticizing ,['grammatic']
grammaticize ,['grammatic']
grammatist ,['grammatist']
gramme machine ,"['gramm', 'machin']"
grampuses ,['grampus']
grampus ,['grampu']
granade ,['granad']
granado ,['granado']
granadilla ,['granadilla']
granaries ,['granari']
granary ,['granari']
granate ,['granat']
granatin ,['granatin']
granatite ,['granatit']
grand ,['grand']
grandam ,['grandam']
grandaunt ,['grandaunt']
grandchild ,['grandchild']
granddaughter ,['granddaught']
grandee ,['grande']
grandeeship ,['grandeeship']
grandeur ,['grandeur']
grandevity ,['grandev']
grandevous ,['grandev']
grand-ducal ,"['grand', 'ducal']"
grandfather ,['grandfath']
grandfatherly ,['grandfatherli']
grandific ,['grandif']
grandiloquence ,['grandiloqu']
grandiloquent ,['grandiloqu']
grandiloquous ,['grandiloqu']
grandinous ,['grandin']
grandiose ,['grandios']
grandiosity ,['grandios']
grandity ,['granditi']
grandly ,['grandli']
grandma ,['grandma']
grandmamma ,['grandmamma']
grand mercy ,"['grand', 'merci']"
grandmother ,['grandmoth']
grandmotherly ,['grandmotherli']
grandnephew ,['grandnephew']
grandness ,['grand']
grandniece ,['grandniec']
grandpa ,['grandpa']
grandpapa ,['grandpapa']
grandsire ,['grandsir']
grandson ,['grandson']
granduncle ,['granduncl']
grane ,['grane']
grange ,['grang']
granger ,['granger']
grangerism ,['granger']
grangerite ,['grangerit']
grangerize ,['granger']
graniferous ,['granifer']
graniform ,['graniform']
granilla ,['granilla']
granite ,['granit']
granite state ,"['granit', 'state']"
granitic ,['granit']
granitical ,['granit']
granitification ,['granitif']
granitiform ,['granitiform']
granitoid ,['granitoid']
granivorous ,['granivor']
grannam ,['grannam']
granny ,['granni']
granolithic ,['granolith']
granted ,['grant']
granting ,['grant']
grant ,['grant']
grantable ,['grantabl']
grantee ,['grante']
granter ,['granter']
grantor ,['grantor']
granular ,['granular']
granularly ,['granularli']
granulary ,['granulari']
granulated ,['granul']
granulating ,['granul']
granulate ,['granul']
granulation ,['granul']
granule ,['granul']
granuliferous ,['granulifer']
granuliform ,['granuliform']
granulite ,['granulit']
granulose ,['granulos']
granulous ,['granul']
grape ,['grape']
grape fruit ,"['grape', 'fruit']"
grapeless ,['grapeless']
grapery ,['graperi']
grapeshot ,['grapeshot']
grapestone ,['grapeston']
grapevine ,['grapevin']
graphic ,['graphic']
graphical ,['graphic']
graphically ,['graphic']
graphicness ,['graphic']
graphicalness ,['graphic']
graphics ,['graphic']
graphiscope ,['graphiscop']
graphite ,['graphit']
graphitic ,['graphit']
graphitoid ,['graphitoid']
graphitoidal ,['graphitoid']
grapholite ,['grapholit']
graphology ,['grapholog']
graphoscope ,['graphoscop']
graphotype ,['graphotyp']
grapnel ,['grapnel']
grappled ,['grappl']
grappling ,['grappl']
grapple ,['grappl']
grapplement ,['grapplement']
grapsoid ,['grapsoid']
graptolite ,['graptolit']
graptolitic ,['graptolit']
grapy ,['grapi']
grasper ,['grasper']
qraspine ,['qraspin']
grasp ,['grasp']
graspable ,['graspabl']
graaper ,['graaper']
grasping ,['grasp']
graspless ,['graspless']
grass ,['grass']
grassed ,['grass']
grassing ,['grass']
grassation ,['grassat']
grass-green ,"['grass', 'green']"
grass-grown ,"['grass', 'grown']"
grasshopper ,['grasshopp']
grassiness ,['grassi']
grassless ,['grassless']
grassplot ,['grassplot']
grass tree ,"['grass', 'tree']"
grassy ,['grassi']
grate ,['grate']
grated ,['grate']
grating ,['grate']
grateful ,['grate']
grater ,['grater']
graticulation ,['graticul']
graticule ,['graticul']
gratification ,['gratif']
glatified ,['glatifi']
gratifier ,['gratifi']
gratified ,['gratifi']
gratifying ,['gratifi']
gratify ,['gratifi']
gratiolin ,['gratiolin']
gratis ,['grati']
gratitude ,['gratitud']
gratuitous ,['gratuit']
gtratuities ,['gtratuiti']
gratuity ,['gratuiti']
grqatulated ,['grqatul']
gratulating ,['gratul']
gratulate ,['gratul']
gratulation ,['gratul']
gratulatory ,['gratulatori']
graunt ,['graunt']
grauwacke ,['grauwack']
gravamina ,['gravamina']
gravamens ,['gravamen']
gravamen ,['gravamen']
grave ,['grave']
graved ,['grave']
graven ,['graven']
graving ,['grave']
graveclothes ,['gravecloth']
gravedigger ,['gravedigg']
gravel ,['gravel']
graveled ,['gravel']
gravelled ,['gravel']
graveling ,['gravel']
gravelling ,['gravel']
graveless ,['graveless']
gravelliness ,['gravelli']
gravelly ,['gravelli']
gravel-stone ,"['gravel', 'stone']"
gravely ,['grave']
graveness ,['grave']
gravenstein ,['gravenstein']
graveolence ,['graveol']
graveolent ,['graveol']
graver ,['graver']
gravery ,['graveri']
graves ,['grave']
graves'' disease ,"['grave', 'diseas']"
gravestone ,['graveston']
graveyard ,['graveyard']
gravic ,['gravic']
gravid ,['gravid']
gravidated ,['gravid']
gravidation ,['gravid']
gravidity ,['gravid']
gravigrade ,['gravigrad']
gravimeter ,['gravimet']
gravimetric ,['gravimetr']
gravitated ,['gravit']
gravitating ,['gravit']
gravitate ,['gravit']
gravitation ,['gravit']
gravitational ,['gravit']
gravitative ,['gravit']
gravities ,['graviti']
gravity ,['graviti']
gravies ,['gravi']
gravy ,['gravi']
gray ,['gray']
grayback ,['grayback']
graybeard ,['graybeard']
grayfly ,['grayfli']
grayhound ,['grayhound']
grayish ,['grayish']
graylag ,['graylag']
grayling ,['grayl']
grayness ,['gray']
gtraystone ,['gtrayston']
graywacke ,['graywack']
grazed ,['graze']
grazing ,['graze']
graze ,['graze']
grazer ,['grazer']
grazier ,['grazier']
grazioso ,['grazioso']
gre ,['gre']
grease ,['greas']
greased ,['greas']
greasing ,['greas']
greaser ,['greaser']
greasily ,['greasili']
greasiness ,['greasi']
greasy ,['greasi']
great ,['great']
great-bellied ,"['great', 'belli']"
greatcoat ,['greatcoat']
greaten ,['greaten']
great-grandchild ,"['great', 'grandchild']"
great-granddaughter ,"['great', 'granddaught']"
great-grandfather ,"['great', 'grandfath']"
great-grandmother ,"['great', 'grandmoth']"
great-grandson ,"['great', 'grandson']"
great-hearted ,"['great', 'heart']"
great-heartedness ,"['great', 'hearted']"
greatly ,['greatli']
greatness ,['great']
greave ,['greav']
greaved ,['greav']
greaving ,['greav']
greaves ,['greav']
grebe ,['grebe']
grecian ,['grecian']
grecism ,['grecism']
grecized ,['greciz']
grecizing ,['greciz']
grecize ,['greciz']
grecianize ,['grecian']
greco-roman ,"['greco', 'roman']"
grecque ,['grecqu']
gree ,['gree']
grees ,['gree']
greece ,['greec']
grice ,['grice']
grise ,['grise']
grize ,['grize']
greed ,['greed']
greedily ,['greedili']
greediness ,['greedi']
greedy ,['greedi']
greedy-gut ,"['greedi', 'gut']"
greegree ,['greegre']
greek ,['greek']
greekess ,['greekess']
greekish ,['greekish']
greekling ,['greekl']
green ,['green']
greened ,['green']
greening ,['green']
greenback ,['greenback']
greenbacker ,['greenback']
greenbone ,['greenbon']
green-broom ,"['green', 'broom']"
greencloth ,['greencloth']
greenery ,['greeneri']
green-eyed ,"['green', 'eye']"
greenfinch ,['greenfinch']
greenfish ,['greenfish']
greengage ,['greengag']
greengill ,['greengil']
greengrocer ,['greengroc']
greenhead ,['greenhead']
greenhood ,['greenhood']
greenhorn ,['greenhorn']
greenhouse ,['greenhous']
greenish ,['greenish']
greenlander ,['greenland']
green-leek ,"['green', 'leek']"
greenlet ,['greenlet']
greenly ,['greenli']
greenness ,['green']
greenockite ,['greenockit']
greenroom ,['greenroom']
greensand ,['greensand']
greenshank ,['greenshank']
green-stall ,"['green', 'stall']"
greenstone ,['greenston']
greensward ,['greensward']
greenth ,['greenth']
greenweed ,['greenwe']
greenwood ,['greenwood']
greet ,['greet']
greeted ,['greet']
greeting ,['greet']
greeter ,['greeter']
greeve ,['greev']
greeze ,['greez']
greffier ,['greffier']
gregal ,['gregal']
gregarian ,['gregarian']
\d8gregarin\91 ,"['d8gregarin', '91']"
gregarine ,['gregarin']
\d8gregarinida ,['d8gregarinida']
gregarious ,['gregari']
grege ,['grege']
gregge ,['gregg']
greggoe ,['greggo']
grego ,['grego']
gregorian ,['gregorian']
greillade ,['greillad']
greisen ,['greisen']
greit ,['greit']
greith ,['greith']
gremial ,['gremial']
grenade ,['grenad']
grenadier ,['grenadi']
grenadillo ,['grenadillo']
grenadine ,['grenadin']
grenado ,['grenado']
grene ,['grene']
gres ,['gre']
gressorial ,['gressori']
gressorious ,['gressori']
gret ,['gret']
grete ,['grete']
gretto ,['gretto']
greve ,['greve']
grew ,['grew']
grewsome ,['grewsom']
gruesome ,['gruesom']
grey ,['grey']
greyhound ,['greyhound']
greylag ,['greylag']
gribble ,['gribbl']
grid ,['grid']
griddle ,['griddl']
griddlecake ,['griddlecak']
grided ,['gride']
griding ,['gride']
gride ,['gride']
gridelin ,['gridelin']
gridiron ,['gridiron']
grief ,['grief']
griefful ,['grief']
griefless ,['griefless']
griego ,['griego']
grievable ,['grievabl']
grievance ,['grievanc']
grievancer ,['grievanc']
grieve ,['griev']
grieved ,['griev']
grieving ,['griev']
griever ,['griever']
grievous ,['grievou']
griff ,['griff']
griffe ,['griff']
griffin ,['griffin']
griffon ,['griffon']
grig ,['grig']
gril ,['gril']
grill ,['grill']
grilled ,['grill']
grilling ,['grill']
grillade ,['grillad']
grillage ,['grillag']
grille ,['grill']
grilly ,['grilli']
grilse ,['grils']
grim ,['grim']
grimace ,['grimac']
grimaced ,['grimac']
grimalkin ,['grimalkin']
grime ,['grime']
grimily ,['grimili']
griminess ,['grimi']
grimly ,['grimli']
grimme ,['grimm']
grimness ,['grim']
grimsir ,['grimsir']
grimy ,['grimi']
grin ,['grin']
grinned ,['grin']
grinning ,['grin']
ground ,['ground']
grinding ,['grind']
grind ,['grind']
grinded ,['grind']
grindelia ,['grindelia']
grinder ,['grinder']
grindery ,['grinderi']
grindingly ,['grindingli']
grindle ,['grindl']
grindle stone ,"['grindl', 'stone']"
grindlet ,['grindlet']
grindstone ,['grindston']
grinner ,['grinner']
grinningly ,['grinningli']
grint ,['grint']
grinte ,['grint']
grinting ,['grint']
grip ,['grip']
gripe ,['gripe']
griped ,['gripe']
griping ,['gripe']
gripeful ,['gripe']
griper ,['griper']
gripingly ,['gripingli']
griman ,['griman']
grippe ,['gripp']
gripper ,['gripper']
gripple ,['grippl']
grippleness ,['grippl']
gripsack ,['gripsack']
gris ,['gri']
grisaille ,['grisail']
grisamber ,['grisamb']
griseous ,['griseou']
grisette ,['grisett']
griskin ,['griskin']
grisled ,['grisl']
grisliness ,['grisli']
grisly ,['grisli']
grison ,['grison']
grisons ,['grison']
grist ,['grist']
gristle ,['gristl']
gristly ,['gristli']
gristmill ,['gristmil']
grit ,['grit']
gritted ,['grit']
gritting ,['grit']
grith ,['grith']
gritrock ,['gritrock']
gritstone ,['gritston']
grittiness ,['gritti']
gritty ,['gritti']
grivet ,['grivet']
grizelin ,['grizelin']
grizzle ,['grizzl']
grizzled ,['grizzl']
grizzly ,['grizzli']
grizzlies ,['grizzli']
groaned ,['groan']
groaning ,['groan']
groan ,['groan']
groanful ,['groan']
groat ,['groat']
groats ,['groat']
grocer ,['grocer']
groceries ,['groceri']
grocery ,['groceri']
grog ,['grog']
groggeries ,['groggeri']
groggery ,['groggeri']
grogginess ,['groggi']
groggy ,['groggi']
grogram ,['grogram']
grogran ,['grogran']
grogshop ,['grogshop']
groin ,['groin']
groined ,['groin']
groining ,['groin']
gromet ,['gromet']
gromill ,['gromil']
grommet ,['grommet']
gromwell ,['gromwel']
grond ,['grond']
gronte ,['gront']
groom ,['groom']
groomed ,['groom']
grooming ,['groom']
groomer ,['groomer']
groomsmen ,['groomsmen']
groomsman ,['groomsman']
grooper ,['grooper']
groove ,['groov']
grooved ,['groov']
groving ,['grove']
groover ,['groover']
grooving ,['groov']
groped ,['grope']
groping ,['grope']
grope ,['grope']
groper ,['groper']
groping-ly ,"['grope', 'ly']"
gros ,['gro']
grosbeak ,['grosbeak']
groschen ,['groschen']
grosgrain ,['grosgrain']
gross ,['gross']
grossbeak ,['grossbeak']
gross-headed ,"['gross', 'head']"
grossification ,['grossif']
grossly ,['grossli']
grossness ,['gross']
grossular ,['grossular']
grossularia ,['grossularia']
grossulin ,['grossulin']
grot ,['grot']
grote ,['grote']
grotesgue ,['grotesgu']
grotesque ,['grotesqu']
grotesquely ,['grotesqu']
grotesqueness ,['grotesqu']
grottoes ,['grotto']
grotto ,['grotto']
grotto-work ,"['grotto', 'work']"
grounded ,['ground']
grounding ,['ground']
groundage ,['groundag']
groundedly ,['groundedli']
grounden ,['grounden']
groundless ,['groundless']
groundling ,['groundl']
groundly ,['groundli']
groundnut ,['groundnut']
groundsel ,['groundsel']
groundsill ,['groundsil']
groundwork ,['groundwork']
group ,['group']
grouped ,['group']
grouping ,['group']
grouper ,['grouper']
grouse ,['grous']
grouser ,['grouser']
grout ,['grout']
grouted ,['grout']
grouting ,['grout']
grouthead ,['grouthead']
groutnol ,['groutnol']
grouty ,['grouti']
grove ,['grove']
groveled ,['grovel']
grovelled ,['grovel']
groveling ,['grovel']
grovelling ,['grovel']
grovel ,['grovel']
groveler ,['grovel']
grovy ,['grovi']
grown ,['grown']
growing ,['grow']
grow ,['grow']
growable ,['growabl']
growan ,['growan']
grower ,['grower']
growled ,['growl']
growling ,['growl']
growl ,['growl']
growler ,['growler']
growlingly ,['growlingli']
growse ,['grows']
growth ,['growth']
growthead ,['growthead']
growthful ,['growth']
groyne ,['groyn']
grozing iron ,"['groze', 'iron']"
grubbed ,['grub']
grubbing ,['grub']
grub ,['grub']
grubber ,['grubber']
grubbla ,['grubbla']
grubby ,['grubbi']
grubworm ,['grubworm']
grucche ,['grucch']
grudger ,['grudger']
grudging ,['grudg']
grudge ,['grudg']
grudgeful ,['grudg']
grudgeons ,['grudgeon']
gurgeons ,['gurgeon']
gruddger ,['gruddger']
grudgingly ,['grudgingli']
grudgingness ,['grudging']
gruel ,['gruel']
gruelly ,['gruelli']
gruf ,['gruf']
gruff ,['gruff']
grugru palm ,"['grugru', 'palm']"
grugru worm ,"['grugru', 'worm']"
grum ,['grum']
grunbled ,['grunbl']
grumbling ,['grumbl']
grumble ,['grumbl']
grumbler ,['grumbler']
grumblingly ,['grumblingli']
grume ,['grume']
grumbly ,['grumbl']
grumose ,['grumos']
grumous ,['grumou']
grumousness ,['grumous']
grumpily ,['grumpili']
grumpy ,['grumpi']
grundel ,['grundel']
grundsel ,['grundsel']
grunted ,['grunt']
grunting ,['grunt']
grunt ,['grunt']
grunter ,['grunter']
gruntingly ,['gruntingli']
gruntle ,['gruntl']
gruntling ,['gruntl']
grutch ,['grutch']
gruyere cheese ,"['gruyer', 'chees']"
gry ,['gri']
gryde ,['gryde']
gryfon ,['gryfon']
gryllus ,['gryllu']
grype ,['grype']
gryphaea ,['gryphaea']
gryphite ,['gryphit']
gryphon ,['gryphon']
grysbok ,['grysbok']
guacharo ,['guacharo']
guachos ,['guacho']
guacho ,['guacho']
guaco ,['guaco']
guaiac ,['guaiac']
guaiacum ,['guaiacum']
guan ,['guan']
guana ,['guana']
guanacos ,['guanaco']
guanaco ,['guanaco']
guanidine ,['guanidin']
guaniferous ,['guanifer']
guanin ,['guanin']
guanos ,['guano']
guano ,['guano']
guara ,['guara']
guarana ,['guarana']
guaranine ,['guaranin']
guarantees ,['guarante']
guarantee ,['guarante']
guaranteed ,['guarante']
guaranteeing ,['guarante']
guarantor ,['guarantor']
guaranies ,['guarani']
guaranty ,['guaranti']
guarantied ,['guaranti']
guarantying ,['guaranti']
guarded ,['guard']
gurding ,['gurd']
guard ,['guard']
guardable ,['guardabl']
guardage ,['guardag']
guardant ,['guardant']
guardenage ,['guardenag']
guarder ,['guarder']
guardfish ,['guardfish']
guardful ,['guard']
guardhouse ,['guardhous']
guardian ,['guardian']
guardianage ,['guardianag']
guardiance ,['guardianc']
guardianess ,['guardia']
guardianless ,['guardianless']
guardianship ,['guardianship']
guardless ,['guardless']
guardroom ,['guardroom']
guards ,['guard']
guardship ,['guardship']
guardsmen ,['guardsmen']
guardsman ,['guardsman']
guarish ,['guarish']
guatemala grass ,"['guatemala', 'grass']"
guava ,['guava']
gubernance ,['gubern']
gubernate ,['gubern']
gubernation ,['gubern']
gubernative ,['gubern']
gubernatorial ,['gubernatori']
gudgeon ,['gudgeon']
gue ,['gue']
gueber ,['gueber']
guebre ,['guebr']
guelderrose'' ,['guelderros']
guelph ,['guelph']
guelf ,['guelf']
guelphic ,['guelphic']
guelfic ,['guelfic']
guenon ,['guenon']
gueparde ,['guepard']
guerdon ,['guerdon']
guerdonable ,['guerdon']
guerdonless ,['guerdonless']
guereza ,['guereza']
guerilla ,['guerilla']
guerite ,['guerit']
guernsey lily ,"['guernsey', 'lili']"
guerrilla ,['guerrilla']
guessed ,['guess']
guessing ,['guess']
guess ,['guess']
guessable ,['guessabl']
guesser ,['guesser']
guessingly ,['guessingli']
guessive ,['guessiv']
guess rope ,"['guess', 'rope']"
guess warp ,"['guess', 'warp']"
guesswork ,['guesswork']
guest ,['guest']
guest rope ,"['guest', 'rope']"
guestwise ,['guestwis']
gue''vi ,"['gue', 'vi']"
guffaw ,['guffaw']
guffer ,['guffer']
guggle ,['guggl']
guhr ,['guhr']
guiac ,['guiac']
guiacol ,['guiacol']
guiacum ,['guiacum']
guib ,['guib']
guicowar ,['guicowar']
guidable ,['guidabl']
guidage ,['guidag']
guidance ,['guidanc']
guided ,['guid']
guiding ,['guid']
guideboard ,['guideboard']
guidebook ,['guidebook']
guideless ,['guideless']
guidepost ,['guidepost']
guider ,['guider']
guideress ,['guideress']
guidguid ,['guidguid']
guidon ,['guidon']
gulge ,['gulg']
guild ,['guild']
guildable ,['guildabl']
guilder ,['guilder']
guildhall ,['guildhal']
guile ,['guil']
guileful ,['guil']
guileless ,['guileless']
guilor ,['guilor']
guillemet ,['guillemet']
guillemot ,['guillemot']
guillevat ,['guillevat']
guilloche ,['guilloch']
guilloched ,['guilloch']
guillotine ,['guillotin']
guillotined ,['guillotin']
guillotining ,['guillotin']
guilt ,['guilt']
guiltily ,['guiltili']
guiltiness ,['guilti']
guiltless ,['guiltless']
guilt-sick ,"['guilt', 'sick']"
guilty ,['guilti']
guiltylike ,['guiltylik']
guinea ,['guinea']
guipure ,['guipur']
guirland ,['guirland']
guise ,['guis']
guiser ,['guiser']
guitar ,['guitar']
guitguit ,['guitguit']
gulae ,['gula']
gulas ,['gula']
gula ,['gula']
gular ,['gular']
gulaund ,['gulaund']
gulch ,['gulch']
guid ,['guid']
gulden ,['gulden']
gule ,['gule']
gules ,['gule']
gulf ,['gulf']
gulfy ,['gulfi']
gulgul ,['gulgul']
gulist ,['gulist']
gulled ,['gull']
gulling ,['gull']
gull ,['gull']
gullage ,['gullag']
guller ,['guller']
gullery ,['gulleri']
gullet ,['gullet']
gulleting ,['gullet']
gullible ,['gullibl']
gullish ,['gullish']
gulles ,['gull']
gully ,['gulli']
gullies ,['gulli']
gullied ,['gulli']
gullying ,['gulli']
gulosity ,['gulos']
gulped ,['gulp']
gulping ,['gulp']
gulp ,['gulp']
gulph ,['gulph']
gult ,['gult']
gulty ,['gulti']
guly ,['guli']
gum ,['gum']
gummed ,['gum']
gumming ,['gum']
gumbo ,['gumbo']
gumboil ,['gumboil']
gummata ,['gummata']
gumma ,['gumma']
gummatous ,['gummat']
gummer ,['gummer']
gummiferous ,['gummifer']
gumminess ,['gummi']
gummite ,['gummit']
gummosity ,['gummos']
gummous ,['gummou']
gummy ,['gummi']
gump ,['gump']
gumption ,['gumption']
guna ,['guna']
gunarchy ,['gunarchi']
gunboat ,['gunboat']
guncotton ,['guncotton']
gundelet ,['gundelet']
gunflint ,['gunflint']
gunjah ,['gunjah']
gunlock ,['gunlock']
gunnage ,['gunnag']
gunnel ,['gunnel']
gunner ,['gunner']
gunnery ,['gunneri']
gunnie ,['gunni']
gunning ,['gun']
gunny ,['gunni']
gunny cloth ,"['gunni', 'cloth']"
gunocracy ,['gunocraci']
gunpowder ,['gunpowd']
gunreach ,['gunreach']
gunroom ,['gunroom']
gunshot ,['gunshot']
gunsmith ,['gunsmith']
gunsmithery ,['gunsmitheri']
gunsmith ing ,"['gunsmith', 'ing']"
gunstick ,['gunstick']
gunstock ,['gunstock']
gunstome ,['gunstom']
gunter rig ,"['gunter', 'rig']"
gunter''s chain ,"['gunter', 'chain']"
gunter''s line ,"['gunter', 'line']"
gunter''s quadrant ,"['gunter', 'quadrant']"
gunter''s scale ,"['gunter', 'scale']"
gunwale ,['gunwal']
gurge ,['gurg']
gurgled ,['gurgl']
gurgling ,['gurgl']
gurgle ,['gurgl']
gurglet ,['gurglet']
gurgling-ly ,"['gurgl', 'ly']"
gurgoyle ,['gurgoyl']
gurjun ,['gurjun']
gurl ,['gurl']
gurlet ,['gurlet']
gurmy ,['gurmi']
gurnard ,['gurnard']
gurnet ,['gurnet']
gurniad ,['gurniad']
gurry ,['gurri']
gurt ,['gurt']
gurts ,['gurt']
gushed ,['gush']
gushing ,['gush']
gush ,['gush']
gusher ,['gusher']
gushingly ,['gushingli']
gusset ,['gusset']
gust ,['gust']
gustable ,['gustabl']
gustard ,['gustard']
gustation ,['gustat']
gustatory ,['gustatori']
gustful ,['gust']
gustless ,['gustless']
gusto ,['gusto']
gustoso ,['gustoso']
gusty ,['gusti']
gut ,['gut']
gutted ,['gut']
gutting ,['gut']
guttae ,['gutta']
gutta ,['gutta']
gutta-percha ,"['gutta', 'percha']"
guttate ,['guttat']
guttated ,['guttat']
guttatrap ,['guttatrap']
gutter ,['gutter']
guttered ,['gutter']
guttering ,['gutter']
guttifer ,['guttif']
guttiferous ,['guttifer']
guttiform ,['guttiform']
guttle ,['guttl']
guttler ,['guttler']
guttulous ,['guttul']
guttural ,['guttur']
gutturalism ,['guttur']
gutturality ,['guttur']
gutturalize ,['guttur']
gutturally ,['guttur']
gutturalness ,['guttur']
gutturine ,['gutturin']
gutturize ,['guttur']
gutturo- ,['gutturo']
gutty ,['gutti']
gutwort ,['gutwort']
guy ,['guy']
guyed ,['guy']
guying ,['guy']
guyle ,['guyl']
guze ,['guze']
guzzled ,['guzzl']
guzzling ,['guzzl']
guzzle ,['guzzl']
guzzler ,['guzzler']
gwiniad ,['gwiniad']
gyall ,['gyall']
gyb ,['gyb']
gybe ,['gybe']
gybed ,['gybe']
gybing ,['gybe']
gye ,['gye']
gyle ,['gyle']
gymnal ,['gymnal']
gymnasiarch ,['gymnasiarch']
gymnasiums ,['gymnasium']
gymnasia ,['gymnasia']
gymnasium ,['gymnasium']
gymnast ,['gymnast']
gymnastic ,['gymnast']
gymnastical ,['gymnast']
gymnastically ,['gymnast']
gymnastics ,['gymnast']
gymnic ,['gymnic']
gymnical ,['gymnic']
gymnite ,['gymnit']
gymnoblastea ,['gymnoblastea']
gymnoblastic ,['gymnoblast']
gymnocarpous ,['gymnocarp']
gymnochroa ,['gymnochroa']
gymnocladus ,['gymnocladu']
gymnocopa ,['gymnocopa']
gymnocyte ,['gymnocyt']
gymnocytode ,['gymnocytod']
gymnodont ,['gymnodont']
gymnogen ,['gymnogen']
gymnoglossa ,['gymnoglossa']
gymnolaema ,['gymnolaema']
gymnolaemata ,['gymnolaemata']
gymnonoti ,['gymnonoti']
gymnopaedic ,['gymnopaed']
gymnophiona ,['gymnophiona']
gymnophthalmata ,['gymnophthalmata']
gymnoplast ,['gymnoplast']
gymnorhinal ,['gymnorhin']
gymnosomata ,['gymnosomata']
gymnosophist ,['gymnosophist']
gymnosophy ,['gymnosophi']
gymnosperm ,['gymnosperm']
gymnospermous ,['gymnosperm']
gymnotoka ,['gymnotoka']
gymnotus ,['gymnotu']
gyn ,['gyn']
gynaeceum ,['gynaeceum']
gynaecium ,['gynaecium']
gynaecian ,['gynaecian']
gynaecophore ,['gynaecophor']
gynander ,['gynand']
gynandria ,['gynandria']
gynandrian ,['gynandrian']
gynandrous ,['gynandr']
gynandromorph ,['gynandromorph']
gynandromorphism ,['gynandromorph']
gynandromorphous ,['gynandromorph']
gynantherous ,['gynanther']
gynarchy ,['gynarchi']
gyneceum ,['gyneceum']
gynecian ,['gynecian']
gynecocracy ,['gynecocraci']
gynecological ,['gynecolog']
gynecology ,['gynecolog']
gyneocracy ,['gyneocraci']
gyneolatry ,['gyneolatri']
gynephobia ,['gynephobia']
gynno ,['gynno']
gynobase ,['gynobas']
gynobasic ,['gynobas']
gynocracy ,['gynocraci']
gynodioecious ,['gynodioeci']
gynoecium ,['gynoecium']
gynophore ,['gynophor']
gyp ,['gyp']
gypse ,['gyps']
gypseous ,['gypseou']
gypsey ,['gypsey']
gypsiferous ,['gypsifer']
gyp''sine ,"['gyp', 'sine']"
gypsography ,['gypsographi']
gypsoplast ,['gypsoplast']
gypsum ,['gypsum']
gypsies ,['gypsi']
gypsy ,['gypsi']
gypsyism ,['gypsyism']
gypsywort ,['gypsywort']
gyracanthus ,['gyracanthu']
gyral ,['gyral']
gyrant ,['gyrant']
gyrate ,['gyrat']
gyrated ,['gyrat']
gyrating ,['gyrat']
gyration ,['gyrat']
gyratory ,['gyratori']
gyre ,['gyre']
gyreful ,['gyre']
gyrencephala ,['gyrencephala']
gyrfalcon ,['gyrfalcon']
gyri ,['gyri']
gyrland ,['gyrland']
gyrodus ,['gyrodu']
gyrogonite ,['gyrogonit']
gyroidal ,['gyroid']
gyrolepis ,['gyrolepi']
gyroma ,['gyroma']
gyromancy ,['gyrom']
gyron ,['gyron']
gyronny ,['gyronni']
gyropigeon ,['gyropigeon']
gyroscope ,['gyroscop']
gyroscopic ,['gyroscop']
gy-rose ,"['gy', 'rose']"
gyrostat ,['gyrostat']
gyrostatic ,['gyrostat']
gyrostatics ,['gyrostat']
gyrus ,['gyru']
gyse ,['gyse']
gyte ,['gyte']
gyve ,['gyve']
