word,format
h ,['h']
ha ,['ha']
haaf ,['haaf']
haak ,['haak']
haar ,['haar']
habeas corpus ,"['habea', 'corpu']"
habendum ,['habendum']
haberdash ,['haberdash']
haberdasher ,['haberdash']
haberdashery ,['haberdasheri']
haberdine ,['haberdin']
habergeon ,['habergeon']
habilatory ,['habilatori']
habile ,['habil']
habiliment ,['habili']
habilimented ,['habili']
habilitate ,['habilit']
habilitation ,['habilit']
hability ,['habil']
habit ,['habit']
habited ,['habit']
habiting ,['habit']
habitability ,['habit']
habitable ,['habit']
habitakle ,['habitakl']
habitan ,['habitan']
habitance ,['habit']
habiitancy ,['habiit']
habitant ,['habit']
habitat ,['habitat']
habitation ,['habit']
habitator ,['habit']
habitual ,['habitu']
habituated ,['habitu']
habituating ,['habitu']
habituate ,['habitu']
habituation ,['habitu']
habitude ,['habitud']
habitue ,['habitu']
habiture ,['habitur']
habitus ,['habitu']
hable ,['habl']
habnab ,['habnab']
hachure ,['hachur']
hacienda ,['hacienda']
hack ,['hack']
hacked ,['hack']
hacking ,['hack']
hackamore ,['hackamor']
hackberry ,['hackberri']
hackbolt ,['hackbolt']
hackbuss ,['hackbuss']
hackee ,['hacke']
hacker ,['hacker']
hackery ,['hackeri']
hackle ,['hackl']
hackled ,['hackl']
hackling ,['hackl']
hackly ,['hackli']
hackmen ,['hackmen']
hackman ,['hackman']
hackmatack ,['hackmatack']
hackneys ,['hackney']
hackney ,['hackney']
hackneyed ,['hackney']
hackneying ,['hackney']
hackneymen ,['hackneymen']
hackneyman ,['hackneyman']
hackster ,['hackster']
hacqueton ,['hacqueton']
had ,[]
hadder ,['hadder']
haddie ,['haddi']
haddock ,['haddock']
hade ,['hade']
hades ,['hade']
hadj ,['hadj']
hadji ,['hadji']
hadrosaurus ,['hadrosauru']
haecceity ,['haecceiti']
haema- ,['haema']
haemato- ,['haemato']
haemo- ,['haemo']
haemachrome ,['haemachrom']
haemacyanin ,['haemacyanin']
haemacytometer ,['haemacytomet']
haemad ,['haemad']
haemadrometer ,['haemadromet']
haemadremometer ,['haemadremomet']
haemadrometry ,['haemadrometri']
haemadromometry ,['haemadromometri']
haemadromograph ,['haemadromograph']
haemadynameter ,['haemadynamet']
haemadynamometer ,['haemadynamomet']
haemadynamics ,['haemadynam']
haemal ,['haemal']
haemaphaein ,['haemaphaein']
haemapod ,['haemapod']
haemapodous ,['haemapod']
haemapoietic ,['haemapoiet']
haemapophysis ,['haemapophysi']
haemastatics ,['haemastat']
haematachometer ,['haematachomet']
haematachometry ,['haematachometri']
haematemesis ,['haematemesi']
haematic ,['haemat']
haematin ,['haematin']
haematinometer ,['haematinomet']
haematinometric ,['haematinometr']
haematite ,['haematit']
haematitic ,['haematit']
haematoblast ,['haematoblast']
haematocrya ,['haematocrya']
haematocryal ,['haematocry']
haematocrystallin ,['haematocrystallin']
haematodynamometer ,['haematodynamomet']
haematogenesis ,['haematogenesi']
haematogenic ,['haematogen']
haematogenous ,['haematogen']
haematoglobulin ,['haematoglobulin']
haematoid ,['haematoid']
haematoidin ,['haematoidin']
haematoin ,['haematoin']
haematolin ,['haematolin']
haematology ,['haematolog']
haematometer ,['haematomet']
haematophlina ,['haematophlina']
haematoplast ,['haematoplast']
haematoplastic ,['haematoplast']
haematoporphyrin ,['haematoporphyrin']
haematosac ,['haematosac']
haematoscope ,['haematoscop']
haematosin ,['haematosin']
haematosis ,['haematosi']
haematotherma ,['haematotherma']
haematothermal ,['haematotherm']
haematothorax ,['haematothorax']
haematexylin ,['haematexylin']
haematoxylon ,['haematoxylon']
haematozoa ,['haematozoa']
haematozoon ,['haematozoon']
haemic ,['haemic']
haemin ,['haemin']
haemochrome ,['haemochrom']
haemochromogen ,['haemochromogen']
haemochromometer ,['haemochromomet']
haemocyanin ,['haemocyanin']
haemocytolysis ,['haemocytolysi']
haemocytometer ,['haemocytomet']
haemocytotrypsis ,['haemocytotrypsi']
haemodromograph ,['haemodromograph']
haemodynameter ,['haemodynamet']
haemoglobin ,['haemoglobin']
haemoglobinometer ,['haemoglobinomet']
haemolutein ,['haemolutein']
haemomanometer ,['haemomanomet']
haemometer ,['haemomet']
"""""""""""""""""""""""""""""""haemony """"""""""""""",['haemoni']
haemoplastic ,['haemoplast']
haemorrhoidal ,['haemorrhoid']
haemoscope ,['haemoscop']
haemostatic ,['haemostat']
haemotachometer ,['haemotachomet']
haemotachometry ,['haemotachometri']
haf ,['haf']
haffle ,['haffl']
haft ,['haft']
hafter ,['hafter']
hag ,['hag']
hagged ,['hag']
hagging ,['hag']
hagberry ,['hagberri']
hagborn ,['hagborn']
hagbut ,['hagbut']
hagbutter ,['hagbutt']
hagdon ,['hagdon']
haggadoth ,['haggadoth']
haggada ,['haggada']
haggard ,['haggard']
haggardly ,['haggardli']
haggis ,['haggi']
haggish ,['haggish']
haggishly ,['haggishli']
haggled ,['haggl']
haggling ,['haggl']
haggle ,['haggl']
haggler ,['haggler']
hagiarchy ,['hagiarchi']
hagiocracy ,['hagiocraci']
hagiographa ,['hagiographa']
hagiographal ,['hagiograph']
hagiographer ,['hagiograph']
hagiography ,['hagiographi']
hagiolatry ,['hagiolatri']
hagiologist ,['hagiologist']
hagiology ,['hagiolog']
hagioscope ,['hagioscop']
hag-ridden ,"['hag', 'ridden']"
hagseed ,['hagse']
hagship ,['hagship']
hag-taper ,"['hag', 'taper']"
haguebut ,['haguebut']
hah ,['hah']
ha-ha ,"['ha', 'ha']"
haidingerite ,['haidingerit']
haiduck ,['haiduck']
haik ,['haik']
haikal ,['haikal']
hail ,['hail']
halled ,['hall']
halting ,['halt']
hail-fellow ,"['hail', 'fellow']"
hailse ,['hails']
hailshot ,['hailshot']
hailstone ,['hailston']
hailstorm ,['hailstorm']
haily ,['haili']
han ,['han']
hain''t ,['hain']
hair ,['hair']
hairbell ,['hairbel']
hairbird ,['hairbird']
hairbrained ,['hairbrain']
hairbreadth ,['hairbreadth']
hair''sbreadth ,"['hair', 'sbreadth']"
hair-brown ,"['hair', 'brown']"
hairbrush ,['hairbrush']
haircloth ,['haircloth']
hairdresser ,['hairdress']
haired ,['hair']
hairen ,['hairen']
hair grass ,"['hair', 'grass']"
hairiness ,['hairi']
hairless ,['hairless']
hairpin ,['hairpin']
hair-salt ,"['hair', 'salt']"
hairsplitter ,['hairsplitt']
hairsplitting ,['hairsplit']
hairspring ,['hairspr']
hairstreak ,['hairstreak']
hairtail ,['hairtail']
hairworm ,['hairworm']
hairy ,['hairi']
haitian ,['haitian']
haye ,['hay']
hake ,['hake']
hake''s-dame ,"['hake', 'dame']"
haketon ,['haketon']
hakim ,['hakim']
halachoth ,['halachoth']
halacha ,['halacha']
halation ,['halat']
halberd ,['halberd']
halberdier ,['halberdi']
halberd-shaped ,"['halberd', 'shape']"
halcyon ,['halcyon']
halcyonian ,['halcyonian']
halcyonold ,['halcyonold']
hale ,['hale']
haled ,['hale']
haling ,['hale']
halesia ,['halesia']
half ,['half']
halves ,['halv']
half-and-half ,"['half', 'half']"
halfbeak ,['halfbeak']
half blood ,"['half', 'blood']"
half-blooded ,"['half', 'blood']"
half-boot ,"['half', 'boot']"
half-bound ,"['half', 'bound']"
half-bred ,"['half', 'bred']"
half-breed ,"['half', 'breed']"
half-brother ,"['half', 'brother']"
half-caste ,"['half', 'cast']"
half-clammed ,"['half', 'clam']"
halfcocked ,['halfcock']
halfcocking ,['halfcock']
halfcock ,['halfcock']
half-cracked ,"['half', 'crack']"
half-deck ,"['half', 'deck']"
half-decked ,"['half', 'deck']"
halfen ,['halfen']
halfendeal ,['halfend']
halfer ,['halfer']
half-faced ,"['half', 'face']"
half-fish ,"['half', 'fish']"
half-hatched ,"['half', 'hatch']"
half-heard ,"['half', 'heard']"
half-hearted ,"['half', 'heart']"
half-hourly ,"['half', 'hourli']"
half-learned ,"['half', 'learn']"
half-length ,"['half', 'length']"
half-mast ,"['half', 'mast']"
half-moon ,"['half', 'moon']"
halfness ,['half']
halfpace ,['halfpac']
half-pike ,"['half', 'pike']"
half-port ,"['half', 'port']"
half-ray ,"['half', 'ray']"
half-read ,"['half', 'read']"
half seas over ,"['half', 'sea']"
half-sighted ,"['half', 'sight']"
half-sister ,"['half', 'sister']"
half-strained ,"['half', 'strain']"
half-sword ,"['half', 'sword']"
half-timbered ,"['half', 'timber']"
half-tounue ,"['half', 'tounu']"
halfway ,['halfway']
half-wit ,"['half', 'wit']"
half-witted ,"['half', 'wit']"
half-yearly ,"['half', 'yearli']"
halibut ,['halibut']
halichondriae ,['halichondria']
halicore ,['halicor']
halidom ,['halidom']
halieutics ,['halieut']
halmas ,['halma']
haliographer ,['haliograph']
haliography ,['haliographi']
haliotis ,['halioti']
haliotoid ,['haliotoid']
halisauria ,['halisauria']
halite ,['halit']
halituous ,['halitu']
halk ,['halk']
hall ,['hall']
hallage ,['hallag']
halleluiah ,['halleluiah']
hallelujah ,['hallelujah']
hallelujatic ,['hallelujat']
halliard ,['halliard']
hallidome ,['hallidom']
hallier ,['hallier']
hall-mark ,"['hall', 'mark']"
halloa ,['halloa']
halloo ,['halloo']
hallooed ,['halloo']
halloing ,['hallo']
hallowed ,['hallow']
hallowing ,['hallow']
hallow ,['hallow']
halloween ,['halloween']
hallowmas ,['hallowma']
halloysite ,['halloysit']
hallucal ,['halluc']
hallucinate ,['hallucin']
hallucination ,['hallucin']
hallucinator ,['hallucin']
hallucinatory ,['hallucinatori']
hallux ,['hallux']
halm ,['halm']
halma ,['halma']
halos ,['halo']
halo ,['halo']
haloed ,['halo']
haloing ,['halo']
halogen ,['halogen']
halogenous ,['halogen']
haloid ,['haloid']
halomancy ,['halom']
halometer ,['halomet']
halones ,['halon']
halophyte ,['halophyt']
haloscope ,['haloscop']
halotrichite ,['halotrichit']
haloxyline ,['haloxylin']
halp ,['halp']
halpace ,['halpac']
hals ,['hal']
halse ,['hals']
halsed ,['hals']
halsing ,['hals']
halsening ,['halsen']
halser ,['halser']
halt ,['halt']
halted ,['halt']
halter ,['halter']
haltered ,['halter']
haltering ,['halter']
halteres ,['halter']
halter-sack ,"['halter', 'sack']"
haltingly ,['haltingli']
halvans ,['halvan']
halve ,['halv']
halved ,['halv']
halving ,['halv']
halwe ,['halw']
hal''yard ,"['hal', 'yard']"
halysites ,['halysit']
ham ,['ham']
hamadryads ,['hamadryad']
hamadryades ,['hamadryad']
hamadryad ,['hamadryad']
hamadryas ,['hamadrya']
hamamelis ,['hamam']
hamate ,['hamat']
hamated ,['hamat']
hamatum ,['hamatum']
hamble ,['hambl']
hamburg ,['hamburg']
hame ,['hame']
hamel ,['hamel']
hamesecken ,['hamesecken']
hamesucken ,['hamesucken']
hamiform ,['hamiform']
hamilton period ,"['hamilton', 'period']"
haminura ,['haminura']
hamite ,['hamit']
haitic ,['haitic']
hamlet ,['hamlet']
hamleted ,['hamlet']
hammer ,['hammer']
hammered ,['hammer']
hammering ,['hammer']
hammerable ,['hammer']
hammer-beam ,"['hammer', 'beam']"
hammercloth ,['hammercloth']
hammer-dressed ,"['hammer', 'dress']"
hammerer ,['hammer']
hammer-harden ,"['hammer', 'harden']"
hammerhead ,['hammerhead']
hammerkop ,['hammerkop']
hammer-less ,"['hammer', 'less']"
hammermen ,['hammermen']
hammerman ,['hammerman']
hammochrysos ,['hammochryso']
hammock ,['hammock']
hamose ,['hamos']
hamous ,['hamou']
hamper ,['hamper']
hampered ,['hamper']
hampering ,['hamper']
hamshackle ,['hamshackl']
hamster ,['hamster']
hamstring ,['hamstr']
hamstrung ,['hamstrung']
hamstringing ,['hamstring']
hamular ,['hamular']
hamulate ,['hamul']
hamule ,['hamul']
hamulose ,['hamulos']
hamuli ,['hamuli']
hamulus ,['hamulu']
hanap ,['hanap']
hanaper ,['hanap']
hance ,['hanc']
hanch ,['hanch']
hand ,['hand']
hand staves ,"['hand', 'stave']"
handed ,['hand']
handing ,['hand']
handbarrow ,['handbarrow']
handbill ,['handbil']
handbook ,['handbook']
handbreadth ,['handbreadth']
handcart ,['handcart']
handcloth ,['handcloth']
handcraft ,['handcraft']
handcraftsman ,['handcraftsman']
handcuff ,['handcuff']
handcuffed ,['handcuf']
handcuffing ,['handcuf']
hander ,['hander']
handfast ,['handfast']
handfasted ,['handfast']
handfasting ,['handfast']
handfastly ,['handfastli']
handfish ,['handfish']
hand flus ,"['hand', 'flu']"
handful ,['hand']
hand-hole ,"['hand', 'hole']"
handicap ,['handicap']
handicapped ,['handicap']
handicapping ,['handicap']
handicapper ,['handicapp']
handicraft ,['handicraft']
handi-craftsman ,"['handi', 'craftsman']"
handily ,['handili']
handiness ,['handi']
handiron ,['handiron']
handiwork ,['handiwork']
handkercher ,['handkerch']
handkerchief ,['handkerchief']
handled ,['handl']
handling ,['handl']
handle ,['handl']
handleable ,['handleabl']
handless ,['handless']
handmade ,['handmad']
handmaid ,['handmaid']
handmaiden ,['handmaiden']
handsaw ,['handsaw']
handsel ,['handsel']
handseled ,['handsel']
handseling ,['handsel']
handselling ,['handsel']
handsome ,['handsom']
hadsome ,['hadsom']
handsomely ,['handsom']
handsomeness ,['handsom']
handspike ,['handspik']
handspring ,['handspr']
hand-tight ,"['hand', 'tight']"
handwheel ,['handwheel']
hand-winged ,"['hand', 'wing']"
handwriting ,['handwrit']
handy ,['handi']
handyy-dandy ,"['handyy', 'dandi']"
handyfight ,['handyfight']
handygripe ,['handygrip']
handystroke ,['handystrok']
hand-work ,"['hand', 'work']"
hanged ,['hang']
hung ,['hung']
hanging ,['hang']
hang ,['hang']
hangbird ,['hangbird']
hang-bies ,"['hang', 'bie']"
hang-by ,['hang']
hangdog ,['hangdog']
hanger ,['hanger']
hangers-on ,['hanger']
hanger-on ,['hanger']
hangmen ,['hangmen']
hangman ,['hangman']
hangmanship ,['hangmanship']
hangnail ,['hangnail']
hangnest ,['hangnest']
hank ,['hank']
hankered ,['hanker']
hankering ,['hanker']
hanker ,['hanker']
hankeringly ,['hankeringli']
hankey-pankey ,"['hankey', 'pankey']"
hanoverian ,['hanoverian']
han sa ,"['han', 'sa']"
hansard ,['hansard']
hanse ,['hans']
hanseatic ,['hanseat']
hansel ,['hansel']
hanselines ,['hanselin']
hansom ,['hansom']
hansom cab ,"['hansom', 'cab']"
han''t ,['han']
hanuman ,['hanuman']
hap ,['hap']
hap''penny ,"['hap', 'penni']"
haphazard ,['haphazard']
hapless ,['hapless']
haplessly ,['haplessli']
haplomi ,['haplomi']
haplostemonous ,['haplostemon']
haply ,['hapli']
happed ,['hap']
happened ,['happen']
happening ,['happen']
happen ,['happen']
happily ,['happili']
happiness ,['happi']
happy ,['happi']
hapuku ,['hapuku']
haquebut ,['haquebut']
hara-kiri ,"['hara', 'kiri']"
harangue ,['harangu']
harangued ,['harangu']
haranguing ,['harangu']
harangueful ,['harangu']
haranguer ,['harangu']
harassed ,['harass']
harassing ,['harass']
harass ,['harass']
harasser ,['harass']
harassment ,['harass']
harberous ,['harber']
harbinger ,['harbing']
harbingered ,['harbing']
harbingering ,['harbing']
harbor ,['harbor']
harbored ,['harbor']
harboring ,['harbor']
harborage ,['harborag']
harborer ,['harbor']
harborless ,['harborless']
harbor master ,"['harbor', 'master']"
harborough ,['harborough']
harbrough ,['harbrough']
harborous ,['harbor']
hard ,['hard']
hardbake ,['hardbak']
hardbeam ,['hardbeam']
hardened ,['harden']
hardening ,['harden']
harden ,['harden']
hardener ,['harden']
harder ,['harder']
harderian ,['harderian']
hard-favored ,"['hard', 'favor']"
hardfavoredness ,['hardfavored']
hard-featured ,"['hard', 'featur']"
hardfern ,['hardfern']
hard-fisted ,"['hard', 'fist']"
hard-fought ,"['hard', 'fought']"
hard grass ,"['hard', 'grass']"
hardhack ,['hardhack']
hard-handed ,"['hard', 'hand']"
hardhead ,['hardhead']
hard-headed ,"['hard', 'head']"
hard-hearted ,"['hard', 'heart']"
harddihead ,['harddihead']
harddihood ,['harddihood']
hardily ,['hardili']
hardiment ,['hardiment']
hardiness ,['hardi']
hardish ,['hardish']
hard-labored ,"['hard', 'labor']"
hardly ,['hardli']
hard-mouthed ,"['hard', 'mouth']"
hardness ,['hard']
hardock ,['hardock']
hardpan ,['hardpan']
hards ,['hard']
hard-shell ,"['hard', 'shell']"
hardship ,['hardship']
hardspun ,['hardspun']
hard-tack ,"['hard', 'tack']"
hardtail ,['hardtail']
hard-visaged ,"['hard', 'visag']"
hardware ,['hardwar']
hardwaremen ,['hardwaremen']
hardwareman ,['hardwareman']
hardy ,['hardi']
hare ,['hare']
harebell ,['harebel']
hare''brained'' ,"['hare', 'brain']"
harefoot ,['harefoot']
hare-hearted ,"['hare', 'heart']"
harehound ,['harehound']
hareld ,['hareld']
harelip ,['harelip']
harem ,['harem']
harengiform ,['harengiform']
hare''s-ear ,"['hare', 'ear']"
hare''s-foot fern ,"['hare', 'foot', 'fern']"
hare''s-tail ,"['hare', 'tail']"
harfang ,['harfang']
hariali grass ,"['hariali', 'grass']"
haricot ,['haricot']
harier ,['harier']
harikari ,['harikari']
harioiation ,['harioiat']
harish ,['harish']
hark ,['hark']
harken ,['harken']
harl ,['harl']
harle ,['harl']
harlech group ,"['harlech', 'group']"
harlequin ,['harlequin']
harlequinade ,['harlequinad']
harlock ,['harlock']
harlot ,['harlot']
harlotize ,['harlot']
harlotry ,['harlotri']
harm ,['harm']
harmed ,['harm']
harming ,['harm']
harmaline ,['harmalin']
harmattan ,['harmattan']
harmel ,['harmel']
harmful ,['harm']
harmine ,['harmin']
harmless ,['harmless']
harmonic ,['harmon']
harmonical ,['harmon']
harmonica ,['harmonica']
har monically ,"['har', 'monic']"
harmonicon ,['harmonicon']
harmonics ,['harmon']
harmonious ,['harmoni']
harmoniphon ,['harmoniphon']
harmonist ,['harmonist']
harmonite ,['harmonit']
harmonium ,['harmonium']
harmonization ,['harmon']
harmonized ,['harmon']
harmonizing ,['harmon']
harmonize ,['harmon']
harmonizer ,['harmon']
harmonometer ,['harmonomet']
harmonies ,['harmoni']
harmony ,['harmoni']
harmost ,['harmost']
harmotome ,['harmotom']
harness ,['har']
harnessed ,['har']
harnessing ,['har']
harness cask ,"['har', 'cask']"
harnesser ,['harness']
harns ,['harn']
harp ,['harp']
harped ,['harp']
harping ,['harp']
harpa ,['harpa']
harpagon ,['harpagon']
harper ,['harper']
harping iron ,"['harp', 'iron']"
harpings ,['harp']
harpist ,['harpist']
harpoon ,['harpoon']
harpooned ,['harpoon']
harpooning ,['harpoon']
harpooneer ,['harpoon']
harpooner ,['harpoon']
harpress ,['harpress']
harpsichon ,['harpsichon']
harpsichord ,['harpsichord']
harpies ,['harpi']
harpy ,['harpi']
harquebus ,['harquebu']
harquebuse ,['harquebus']
harrage ,['harrag']
harre ,['harr']
harridan ,['harridan']
harrier ,['harrier']
harrow ,['harrow']
harrowed ,['harrow']
harrowing ,['harrow']
harrower ,['harrow']
harried ,['harri']
harrying ,['harri']
harry ,['harri']
harsh ,['harsh']
harshly ,['harshli']
harshness ,['harsh']
harslet ,['harslet']
hart ,['hart']
hartbeest ,['hartbeest']
harten ,['harten']
hartford ,['hartford']
harts clover ,"['hart', 'clover']"
hart''s-ear ,"['hart', 'ear']"
hartshorn ,['hartshorn']
hart-tongue ,"['hart', 'tongu']"
hartwort ,['hartwort']
harum-scarum ,"['harum', 'scarum']"
haruspication ,['harusp']
haruspice ,['haruspic']
haruspicy ,['haruspici']
harvest ,['harvest']
harvested ,['harvest']
harvesting ,['harvest']
harvester ,['harvest']
harvest-home ,"['harvest', 'home']"
harvestless ,['harvestless']
harvestmen ,['harvestmen']
harvestman ,['harvestman']
harvestry ,['harvestri']
hary ,['hari']
has ,[]
hasard ,['hasard']
hase ,['hase']
hash ,['hash']
hashed ,['hash']
hashing ,['hash']
hasheesh ,['hasheesh']
hashish ,['hashish']
hask ,['hask']
haslet ,['haslet']
hasp ,['hasp']
hasped ,['hasp']
hasping ,['hasp']
hassock ,['hassock']
hast ,['hast']
hastate ,['hastat']
hastated ,['hastat']
haste ,['hast']
hasted ,['hast']
hasting ,['hast']
hastened ,['hasten']
hastening ,['hasten']
hasten ,['hasten']
hastener ,['hasten']
hastif ,['hastif']
hastile ,['hastil']
hastily ,['hastili']
hastiness ,['hasti']
hastings ,['hast']
hastings sands ,"['hast', 'sand']"
hastive ,['hastiv']
hasty ,['hasti']
hasty pudding ,"['hasti', 'pud']"
hat ,['hat']
hatable ,['hatabl']
hatband ,['hatband']
hatbox ,['hatbox']
hatched ,['hatch']
hatching ,['hatch']
hatch ,['hatch']
hatch-boat ,"['hatch', 'boat']"
hatchel ,['hatchel']
hatcheled ,['hatchel']
hatchelled ,['hatchel']
hatcheling ,['hatchel']
hatchelling ,['hatchel']
hatcheler ,['hatchel']
hatcher ,['hatcher']
hatchery ,['hatcheri']
hatchet ,['hatchet']
hatchettine ,['hatchettin']
hatchettite ,['hatchettit']
hatchment ,['hatchment']
hatchure ,['hatchur']
hatchway ,['hatchway']
hated ,['hate']
hating ,['hate']
hate ,['hate']
hateful ,['hate']
hatel ,['hatel']
hater ,['hater']
hath ,['hath']
hatless ,['hatless']
hatrack ,['hatrack']
hatred ,['hatr']
hatstand ,['hatstand']
hatte ,['hatt']
hatted ,['hat']
hatter ,['hatter']
hatteria ,['hatteria']
hatting ,['hat']
hatti-sherif ,"['hatti', 'sherif']"
hattree ,['hattre']
haubergeon ,['haubergeon']
hauberk ,['hauberk']
hauerite ,['hauerit']
haugh ,['haugh']
haught ,['haught']
haughtily ,['haughtili']
haughtiness ,['haughti']
haughty ,['haughti']
hauled ,['haul']
hauling ,['haul']
haul ,['haul']
haulage ,['haulag']
hauler ,['hauler']
haulm ,['haulm']
hauls ,['haul']
haulse ,['hauls']
hault ,['hault']
haum ,['haum']
haunce ,['haunc']
haunch ,['haunch']
haunched ,['haunch']
haunted ,['haunt']
haunting ,['haunt']
haunt ,['haunt']
haunter ,['haunter']
haurient ,['haurient']
hausen ,['hausen']
hausse ,['hauss']
haustellata ,['haustellata']
haustellate ,['haustel']
haustella ,['haustella']
haustellum ,['haustellum']
haustoria ,['haustoria']
haustorium ,['haustorium']
haut ,['haut']
hautboy ,['hautboy']
hautboyist ,['hautboyist']
hautein ,['hautein']
hauteur ,['hauteur']
hautgout ,['hautgout']
hautpas ,['hautpa']
hauynite ,['hauynit']
havana ,['havana']
havanese ,['havanes']
having ,[]
have ,[]
haveless ,['haveless']
havelock ,['havelock']
haven ,[]
havenage ,['havenag']
havened ,['haven']
havener ,['haven']
haver ,['haver']
haversack ,['haversack']
haversian ,['haversian']
havildar ,['havildar']
havior ,['havior']
havoc ,['havoc']
haw ,['haw']
hawed ,['haw']
hawing ,['haw']
hawaiian ,['hawaiian']
hawebake ,['hawebak']
hawfinch ,['hawfinch']
haw-haw ,"['haw', 'haw']"
hawhaw ,['hawhaw']
hawk ,['hawk']
hawked ,['hawk']
hawking ,['hawk']
hawkbill ,['hawkbil']
hawkbit ,['hawkbit']
hawker ,['hawker']
hawkey ,['hawkey']
hawk-eyed ,"['hawk', 'eye']"
hawk moth ,"['hawk', 'moth']"
hawkweed ,['hawkwe']
hawm ,['hawm']
hawse ,['haws']
hawser ,['hawser']
hawser-laid ,"['hawser', 'laid']"
hawthorn ,['hawthorn']
hay ,['hay']
haybird ,['haybird']
haybote ,['haybot']
haycock ,['haycock']
hay-cutter ,"['hay', 'cutter']"
hayfield ,['hayfield']
hayfork ,['hayfork']
hayloft ,['hayloft']
haymaker ,['haymak']
haymaking ,['haymak']
haymow ,['haymow']
hayrack ,['hayrack']
hayrake ,['hayrak']
hayrick ,['hayrick']
haystack ,['haystack']
haystalk ,['haystalk']
haythorn ,['haythorn']
haytian ,['haytian']
hayward ,['hayward']
hazard ,['hazard']
hazarded ,['hazard']
hazarding ,['hazard']
hazardable ,['hazard']
hazarder ,['hazard']
hazardize ,['hazard']
hazardous ,['hazard']
hazardry ,['hazardri']
haze ,['haze']
hazed ,['haze']
hazing ,['haze']
hazel ,['hazel']
hazeless ,['hazeless']
hazelly ,['hazelli']
hazelnut ,['hazelnut']
hazelwort ,['hazelwort']
hazily ,['hazili']
haziness ,['hazi']
hazle ,['hazl']
hazy ,['hazi']
he ,[]
head ,['head']
headed ,['head']
heading ,['head']
headache ,['headach']
headachy ,['headachi']
headband ,['headband']
headbeard ,['headbeard']
headborough ,['headborough']
headborrow ,['headborrow']
head-cheese ,"['head', 'chees']"
headdress ,['headdress']
header ,['header']
headfirst ,['headfirst']
headforemost ,['headforemost']
headfish ,['headfish']
head gear ,"['head', 'gear']"
headgear ,['headgear']
head-hunter ,"['head', 'hunter']"
headily ,['headili']
headiness ,['headi']
headland ,['headland']
headless ,['headless']
headlight ,['headlight']
headline ,['headlin']
headlong ,['headlong']
head-lugged ,"['head', 'lug']"
headmen ,['headmen']
headman ,['headman']
headmold shot ,"['headmold', 'shot']"
headmould shot ,"['headmould', 'shot']"
headmost ,['headmost']
headnote ,['headnot']
headpan ,['headpan']
headpiece ,['headpiec']
headquarters ,['headquart']
headrace ,['headrac']
headroom ,['headroom']
headrope ,['headrop']
headsail ,['headsail']
headshake ,['headshak']
headship ,['headship']
headsmen ,['headsmen']
headsman ,['headsman']
headspring ,['headspr']
headstall ,['headstal']
headstock ,['headstock']
headstone ,['headston']
headstrong ,['headstrong']
headstrongness ,['headstrong']
headtire ,['headtir']
headway ,['headway']
headwork ,['headwork']
heady ,['headi']
heal ,['heal']
healed ,['heal']
healing ,['heal']
healable ,['healabl']
healall ,['healal']
heald ,['heald']
healful ,['heal']
healingly ,['healingli']
health ,['health']
healthful ,['health']
healthfully ,['health']
healthfulness ,['health']
healthily ,['healthili']
healthiness ,['healthi']
healthless ,['healthless']
healthlessness ,['healthless']
healthsome ,['healthsom']
healthward ,['healthward']
healthy ,['healthi']
heam ,['heam']
heap ,['heap']
heaped ,['heap']
heaping ,['heap']
heaper ,['heaper']
heapy ,['heapi']
heard ,['heard']
hearing ,['hear']
hear ,['hear']
hearer ,['hearer']
hearkened ,['hearken']
hearkening ,['hearken']
hearken ,['hearken']
hearkener ,['hearken']
hearsal ,['hearsal']
hearsay ,['hearsay']
hearse ,['hears']
hearsecloth ,['hearsecloth']
hearselike ,['hearselik']
heart ,['heart']
heartache ,['heartach']
heartbreak ,['heartbreak']
heartbreaking ,['heartbreak']
heartbroken ,['heartbroken']
heartburn ,['heartburn']
heartburned ,['heartburn']
heartburning ,['heartburn']
heartdear ,['heartdear']
heartdeep ,['heartdeep']
heart-eating ,"['heart', 'eat']"
hearted ,['heart']
heartedness ,['hearted']
hearten ,['hearten']
heartener ,['hearten']
heartfelt ,['heartfelt']
heartgrief ,['heartgrief']
hearth ,['hearth']
hearthstone ,['hearthston']
heartily ,['heartili']
heariness ,['heari']
heartless ,['heartless']
heartlet ,['heartlet']
heartlings ,['heartl']
heartpea ,['heartpea']
heartquake ,['heartquak']
heartrending ,['heartrend']
heart-robbing ,"['heart', 'rob']"
heart''s-ease ,"['heart', 'eas']"
heartseed ,['heartse']
heartshaped ,['heartshap']
heartsick ,['heartsick']
heartsome ,['heartsom']
heart-spoon ,"['heart', 'spoon']"
heartstricken ,['heartstricken']
heartstrike ,['heartstrik']
heartstring ,['heartstr']
heartstruck ,['heartstruck']
heartswelling ,['heartswel']
heart-whole ,"['heart', 'whole']"
heartwood ,['heartwood']
heart-wounded ,"['heart', 'wound']"
hearty ,['hearti']
hearties ,['hearti']
heartyhale ,['heartyhal']
heat ,['heat']
heated ,['heat']
heating ,['heat']
heater ,['heater']
heath ,['heath']
heathclad ,['heathclad']
heathens ,['heathen']
heathen ,['heathen']
heathendom ,['heathendom']
heathenesse ,['heatheness']
heathenish ,['heathenish']
heathenishly ,['heathenishli']
heathenishness ,['heathenish']
heathenism ,['heathen']
heathenized ,['heathen']
heathenizing ,['heathen']
heathenize ,['heathen']
heathenness ,['heathen']
heathenry ,['heathenri']
heather ,['heather']
heathery ,['heatheri']
heathy ,['heathi']
heatingly ,['heatingli']
heatless ,['heatless']
heaved ,['heav']
hove ,['hove']
hoven ,['hoven']
heaving ,['heav']
heave ,['heav']
heaven ,['heaven']
heavened ,['heaven']
heavening ,['heaven']
heavenize ,['heaven']
heavenliness ,['heavenli']
heavenly ,['heavenli']
heavenlyminded ,['heavenlymind']
heavenward ,['heavenward']
heave offering ,"['heav', 'offer']"
heaver ,['heaver']
heaves ,['heav']
heavily ,['heavili']
heaviness ,['heavi']
heavisome ,['heavisom']
heavy ,['heavi']
heavy-armed ,"['heavi', 'arm']"
heavy-haded ,"['heavi', 'hade']"
heavy-headed ,"['heavi', 'head']"
heavy spar ,"['heavi', 'spar']"
hebdomad ,['hebdomad']
hebdomadal ,['hebdomad']
hebdomadary ,['hebdomadari']
hebdomadally ,['hebdomad']
hebdomatical ,['hebdomat']
hebe ,['hebe']
heben ,['heben']
hebenon ,['hebenon']
hebetated ,['hebet']
hebetating ,['hebet']
hebetate ,['hebet']
hebetation ,['hebet']
hebete ,['hebet']
hebetude ,['hebetud']
hebraic ,['hebraic']
hebraically ,['hebraic']
hebraism ,['hebraism']
hebraist ,['hebraist']
hebraistic ,['hebraist']
hebraistically ,['hebraist']
hebraize ,['hebraiz']
hebraized ,['hebraiz']
hebraizing ,['hebraiz']
hebrew ,['hebrew']
hebrewess ,['hebrewess']
hebrician ,['hebrician']
hebridean ,['hebridean']
hebridian ,['hebridian']
hecatomb ,['hecatomb']
hecatompedon ,['hecatompedon']
hecdecane ,['hecdecan']
heck ,['heck']
heckimal ,['heckim']
heckle ,['heckl']
hectare ,['hectar']
hectic ,['hectic']
hectocotylized ,['hectocotyl']
hectocotyli ,['hectocotyli']
hectocotylus ,['hectocotylu']
hectogram ,['hectogram']
hectogramme ,['hectogramm']
hectograph ,['hectograph']
hectoliter ,['hectolit']
hectolitre ,['hectolitr']
hectometer ,['hectomet']
hectometre ,['hectometr']
hector ,['hector']
hectored ,['hector']
hectoring ,['hector']
hectorism ,['hector']
hectorly ,['hectorli']
hectostere ,['hectoster']
heddles ,['heddl']
heddle ,['heddl']
heddle-eye ,"['heddl', 'eye']"
heddling ,['heddl']
hederaceous ,['hederac']
hederal ,['heder']
hederic ,['heder']
hederiferous ,['hederifer']
hederose ,['hederos']
hedge ,['hedg']
hedged ,['hedg']
hedging ,['hedg']
hedgeborn ,['hedgeborn']
hedgebote ,['hedgebot']
hedgehog ,['hedgehog']
hedgeless ,['hedgeless']
hedgepig ,['hedgepig']
hedger ,['hedger']
hedgerow ,['hedgerow']
hedging bill ,"['hedg', 'bill']"
hedonic ,['hedon']
hedonistic ,['hedonist']
heeded ,['heed']
heeding ,['heed']
heed ,['heed']
heedful ,['heed']
heedless ,['heedless']
heedy ,['heedi']
heel ,['heel']
heeled ,['heel']
heeling ,['heel']
heelball ,['heelbal']
heeler ,['heeler']
heelless ,['heelless']
heelpiece ,['heelpiec']
heelpost ,['heelpost']
heelspur ,['heelspur']
heeltap ,['heeltap']
heeltapped ,['heeltap']
heeltapping ,['heeltap']
heeltool ,['heeltool']
heep ,['heep']
heer ,['heer']
heft ,['heft']
hefted ,['heft']
hefting ,['heft']
hefty ,['hefti']
hegelian ,['hegelian']
hegelianism ,['hegelian']
hegelism ,['hegel']
hegemonic ,['hegemon']
hegemonical ,['hegemon']
hegemony ,['hegemoni']
hegge ,['hegg']
hegira ,['hegira']
heifer ,['heifer']
heigh-ho ,"['heigh', 'ho']"
height ,['height']
heightened ,['heighten']
heightening ,['heighten']
heighten ,['heighten']
heightener ,['heighten']
heinous ,['heinou']
heir ,['heir']
heirdom ,['heirdom']
heiress ,['heiress']
heirless ,['heirless']
heirloom ,['heirloom']
heirship ,['heirship']
hejira ,['hejira']
hektare ,['hektar']
hektogram ,['hektogram']
hektoliter ,['hektolit']
hektometer ,['hektomet']
hektograph ,['hektograph']
helamys ,['helami']
helcoplasty ,['helcoplasti']
held ,['held']
hele ,['hele']
helena ,['helena']
helenin ,['helenin']
heliac ,['heliac']
heliacal ,['heliac']
heliacally ,['heliac']
helianthin ,['helianthin']
helianthoid ,['helianthoid']
helianthoidea ,['helianthoidea']
helical ,['helic']
helichrysum ,['helichrysum']
heliciform ,['heliciform']
helicin ,['helicin']
helicine ,['helicin']
helicograph ,['helicograph']
helicoid ,['helicoid']
helicoidal ,['helicoid']
helicon ,['helicon']
heliconia ,['heliconia']
heliconian ,['heliconian']
helicotrema ,['helicotrema']
"""""""""""""""""""""""""""""""helio- """"""""""""""",['helio']
heliocentric ,['heliocentr']
heliocentrical ,['heliocentr']
heliochrome ,['heliochrom']
heliochromic ,['heliochrom']
heliochromy ,['heliochromi']
heliograph ,['heliograph']
heliographic ,['heliograph']
heliography ,['heliographi']
heliogravure ,['heliogravur']
heliolater ,['heliolat']
heliolatry ,['heliolatri']
heliolite ,['heliolit']
heliometer ,['heliomet']
heliometric ,['heliometr']
heliometrical ,['heliometr']
heliometry ,['heliometri']
heliopora ,['heliopora']
helioscope ,['helioscop']
heliostat ,['heliostat']
heliotrope ,['heliotrop']
heliotroper ,['heliotrop']
heliotropic ,['heliotrop']
heliotropism ,['heliotrop']
heliotype ,['heliotyp']
heliotypic ,['heliotyp']
heliotypy ,['heliotypi']
heliozoa ,['heliozoa']
helispheric ,['helispher']
helispherical ,['helispher']
helium ,['helium']
helices ,['helic']
helixes ,['helix']
helix ,['helix']
hell ,['hell']
hellanodic ,['hellanod']
hellbender ,['hellbend']
hellborn ,['hellborn']
hellbred ,['hellbr']
hellbrewed ,['hellbrew']
hellbroth ,['hellbroth']
hell-cat ,"['hell', 'cat']"
hell-diver ,"['hell', 'diver']"
helldoomed ,['helldoom']
hellebore ,['hellebor']
helleborein ,['helleborein']
helleborin ,['helleborin']
helleborism ,['hellebor']
hellene ,['hellen']
hellenian ,['hellenian']
hellenic ,['hellen']
hellenism ,['hellen']
hellenist ,['hellenist']
hellenistic ,['hellenist']
hellenistical ,['hellenist']
hellenistically ,['hellenist']
hellenize ,['hellen']
hellenotype ,['hellenotyp']
hellespont ,['hellespont']
hellespontine ,['hellespontin']
hellgamite ,['hellgamit']
hellgramite ,['hellgramit']
hellhag ,['hellhag']
hell-haunted ,"['hell', 'haunt']"
hellhound ,['hellhound']
hellier ,['hellier']
hellish ,['hellish']
hellkite ,['hellkit']
hello ,['hello']
hellward ,['hellward']
helly ,['helli']
helm ,['helm']
helmed ,['helm']
helming ,['helm']
helmage ,['helmag']
helmet ,['helmet']
helmeted ,['helmet']
helmet-shaped ,"['helmet', 'shape']"
helminth ,['helminth']
helminthagogue ,['helminthagogu']
helminthes ,['helminth']
helminthiasis ,['helminthiasi']
helminthic ,['helminth']
helminthite ,['helminthit']
helminthoid ,['helminthoid']
helminthologic ,['helmintholog']
helminthological ,['helmintholog']
helminthologist ,['helminthologist']
helminthology ,['helmintholog']
helmless ,['helmless']
helmsmen ,['helmsmen']
helmsman ,['helmsman']
helmwind ,['helmwind']
helot ,['helot']
helotism ,['helot']
helotry ,['helotri']
helped ,['help']
holp ,['holp']
holpen ,['holpen']
helping ,['help']
help ,['help']
helper ,['helper']
helpful ,['help']
helpless ,['helpless']
helpmate ,['helpmat']
helpmeet ,['helpmeet']
helter-skelter ,"['helter', 'skelter']"
helve ,['helv']
helved ,['helv']
helving ,['helv']
helvetian ,['helvetian']
helvetic ,['helvet']
helvine ,['helvin']
helvite ,['helvit']
hem ,['hem']
hemmed ,['hem']
hemming ,['hem']
hema- ,['hema']
hemachate ,['hemach']
hemachrome ,['hemachrom']
hemacite ,['hemacit']
hemadrometer ,['hemadromet']
hemadromometer ,['hemadromomet']
hemadrometry ,['hemadrometri']
hemadromometry ,['hemadromometri']
hemadynamics ,['hemadynam']
hemadynamometer ,['hemadynamomet']
hemal ,['hemal']
hemaphaein ,['hemaphaein']
hemapophyses ,['hemapophys']
hemapophysis ,['hemapophysi']
hemastatic ,['hemastat']
hemastatical ,['hemastat']
hemastatics ,['hemastat']
hematachometer ,['hematachomet']
hematein ,['hematein']
hematemesis ,['hematemesi']
hematherm ,['hematherm']
hemathermal ,['hematherm']
hematic ,['hemat']
hematin ,['hematin']
hematinometer ,['hematinomet']
hematinometric ,['hematinometr']
hematinon ,['hematinon']
hematite ,['hematit']
hematitic ,['hematit']
hemato ,['hemato']
hematocele ,['hematocel']
hematocrya ,['hematocrya']
hematocrystallin ,['hematocrystallin']
hematoid ,['hematoid']
hematoidin ,['hematoidin']
hematology ,['hematolog']
hematoma ,['hematoma']
hematophilia ,['hematophilia']
hematosin ,['hematosin']
hematosis ,['hematosi']
hematotherma ,['hematotherma']
hematothermal ,['hematotherm']
hematoxylin ,['hematoxylin']
hematuria ,['hematuria']
hemautography ,['hemautographi']
hemelytra ,['hemelytra']
hemelytron ,['hemelytron']
hemelytrum ,['hemelytrum']
hemeralopia ,['hemeralopia']
hemerobian ,['hemerobian']
hemerobid ,['hemerobid']
hemerocallis ,['hemeroc']
hemi- ,['hemi']
hemialbumin ,['hemialbumin']
hemialbumose ,['hemialbumos']
hemianaesthesia ,['hemianaesthesia']
hemibranchi ,['hemibranchi']
hemicardia ,['hemicardia']
hemicarp ,['hemicarp']
hemicerebrum ,['hemicerebrum']
hemicollin ,['hemicollin']
hemicrania ,['hemicrania']
hemicrany ,['hemicrani']
hemicycle ,['hemicycl']
hemidactyl ,['hemidactyl']
hemi-demi-semiquaver ,"['hemi', 'demi', 'semiquav']"
hemiditone ,['hemiditon']
hemigamous ,['hemigam']
hemiglyph ,['hemiglyph']
hemihedral ,['hemihedr']
hemihedrism ,['hemihedr']
hemihedron ,['hemihedron']
hemiholohedral ,['hemiholohedr']
hemimellitic ,['hemimellit']
hemimetabola ,['hemimetabola']
hemimetabolic ,['hemimetabol']
hemimorphic ,['hemimorph']
hemin ,['hemin']
heminae ,['hemina']
hemina ,['hemina']
hemionus ,['hemionu']
hemiopia ,['hemiopia']
hemiopsia ,['hemiopsia']
hemiorthotype ,['hemiorthotyp']
hemipeptone ,['hemipepton']
hemiplegia ,['hemiplegia']
hemiplegy ,['hemiplegi']
hemipode ,['hemipod']
hemiprotein ,['hemiprotein']
hemipter ,['hemipt']
hemiptera ,['hemiptera']
hemipteral ,['hemipter']
hemipterous ,['hemipter']
hemipteran ,['hemipteran']
hemisected ,['hemisect']
hemisecting ,['hemisect']
hemisect ,['hemisect']
hemisection ,['hemisect']
hemisphere ,['hemispher']
hemispheric ,['hemispher']
hemispherical ,['hemispher']
hemispheroid ,['hemispheroid']
hemispheroidal ,['hemispheroid']
hemispherule ,['hemispherul']
hemistich ,['hemistich']
hemistichal ,['hemistich']
hemisystole ,['hemisystol']
hemitone ,['hemiton']
hemitropal ,['hemitrop']
hemitropous ,['hemitrop']
hemitrope ,['hemitrop']
hemitropy ,['hemitropi']
hemlock ,['hemlock']
hemmel ,['hemmel']
hemmer ,['hemmer']
hemo- ,['hemo']
hemoglobin ,['hemoglobin']
hemoglobinometer ,['hemoglobinomet']
hemophilia ,['hemophilia']
hemoptysis ,['hemoptysi']
hemorrhage ,['hemorrhag']
hemorrhagic ,['hemorrhag']
hemorrhoidal ,['hemorrhoid']
hemorrhoids ,['hemorrhoid']
hemostatic ,['hemostat']
hemoothorax ,['hemoothorax']
hemp ,['hemp']
hempen ,['hempen']
hempy ,['hempi']
hemself ,['hemself']
hemselven ,['hemselven']
hemstitched ,['hemstitch']
hemstitching ,['hemstitch']
hemstitch ,['hemstitch']
hemuse ,['hemus']
hen ,['hen']
henbane ,['henban']
henbit ,['henbit']
hence ,['henc']
henceforth ,['henceforth']
henceforward ,['henceforward']
henchboy ,['henchboy']
henchman ,['henchman']
hencoop ,['hencoop']
hende ,['hend']
hendecagon ,['hendecagon']
hendecane ,['hendecan']
hendecasyllabic ,['hendecasyllab']
hendecasyllable ,['hendecasyl']
hendecatoic ,['hendecato']
hendiadys ,['hendiadi']
hendy ,['hendi']
henen ,['henen']
henfish ,['henfish']
heng ,['heng']
hen-hearted ,"['hen', 'heart']"
henhouses ,['henhous']
henhouse ,['henhous']
henhussy ,['henhussi']
heniquen ,['heniquen']
henna ,['henna']
hennery ,['henneri']
hennes ,['henn']
hennotannic ,['hennotann']
henoge ny ,"['henog', 'ny']"
henogenesis ,['henogenesi']
henotheism ,['henoth']
henotic ,['henot']
henpecked ,['henpeck']
henpecking ,['henpeck']
henpeck ,['henpeck']
henroost ,['henroost']
henrys ,['henri']
henry ,['henri']
hen''s-foot ,"['hen', 'foot']"
hente ,['hent']
hent ,['hent']
henware ,['henwar']
henxman ,['henxman']
hep ,['hep']
hepar ,['hepar']
hepatic ,['hepat']
hepaticae ,['hepatica']
hepatica ,['hepatica']
hepatical ,['hepat']
hepatite ,['hepatit']
hepatitis ,['hepat']
hepatization ,['hepat']
hepatized ,['hepat']
hepatizing ,['hepat']
hepatize ,['hepat']
hepatocele ,['hepatocel']
hepatocystic ,['hepatocyst']
hepatogastric ,['hepatogastr']
hepatogenic ,['hepatogen']
hepatogenous ,['hepatogen']
hepatology ,['hepatolog']
hepato-pancreas ,"['hepato', 'pancrea']"
hepatorenal ,['hepatoren']
hepatoscopy ,['hepatoscopi']
heppen ,['heppen']
hepper ,['hepper']
hepta ,['hepta']
heptachord ,['heptachord']
heptad ,['heptad']
heptade ,['heptad']
heptaglot ,['heptaglot']
heptagon ,['heptagon']
heptagonal ,['heptagon']
heptagynia ,['heptagynia']
heptagynian ,['heptagynian']
heptagynous ,['heptagyn']
heptahedron ,['heptahedron']
heptamerous ,['heptamer']
heptandria ,['heptandria']
heptandrian ,['heptandrian']
heptandrous ,['heptandr']
heptane ,['heptan']
heptangular ,['heptangular']
heptaphyllous ,['heptaphyl']
heptarch ,['heptarch']
heptarchic ,['heptarch']
heptarchist ,['heptarchist']
heptarchy ,['heptarchi']
heptaspermous ,['heptasperm']
heptastich ,['heptastich']
heptateuch ,['heptateuch']
heptavalent ,['heptaval']
heptene ,['hepten']
heptine ,['heptin']
heptoic ,['heptoic']
heptone ,['hepton']
hep tree ,"['hep', 'tree']"
heptyl ,['heptyl']
heptylene ,['heptylen']
heptylic ,['heptyl']
her ,[]
here ,[]
heracleonite ,['heracleonit']
herakline ,['heraklin']
herald ,['herald']
heralded ,['herald']
heralding ,['herald']
heraldic ,['herald']
heraldically ,['herald']
heraldry ,['heraldri']
heraldship ,['heraldship']
herapathite ,['herapathit']
heraud ,['heraud']
herb ,['herb']
herbaceous ,['herbac']
herbage ,['herbag']
herbaged ,['herbag']
herbal ,['herbal']
herbalism ,['herbal']
herbalist ,['herbalist']
herbar ,['herbar']
herbarian ,['herbarian']
herbarist ,['herbarist']
herbariums ,['herbarium']
herbaria ,['herbaria']
herbarium ,['herbarium']
herbarize ,['herbar']
herbary ,['herbari']
herber ,['herber']
herbergage ,['herbergag']
herbergeour ,['herbergeour']
herbergh ,['herbergh']
herberwe ,['herberw']
herbescent ,['herbesc']
herbid ,['herbid']
herbiferous ,['herbifer']
herbist ,['herbist']
herbivora ,['herbivora']
herbivore ,['herbivor']
herbivorous ,['herbivor']
herbless ,['herbless']
herblet ,['herblet']
herborist ,['herborist']
herborization ,['herbor']
herborized ,['herbor']
herborizing ,['herbor']
herborize ,['herbor']
herborough ,['herborough']
herbose ,['herbos']
herbous ,['herbou']
herb-women ,"['herb', 'women']"
herb-woman ,"['herb', 'woman']"
herby ,['herbi']
hercogamous ,['hercogam']
herculean ,['herculean']
hercules ,['hercul']
hercynian ,['hercynian']
herd ,['herd']
herded ,['herd']
herding ,['herd']
herdbook ,['herdbook']
herder ,['herder']
herderite ,['herderit']
herdess ,['herdess']
herdgroom ,['herdgroom']
herdic ,['herdic']
herdman ,['herdman']
herdsman ,['herdsman']
women ,['women']
herdswoman ,['herdswoman']
herea-bout ,"['herea', 'bout']"
hereabouts ,['hereabout']
hereafter ,['hereaft']
hereafterward ,['hereafterward']
here-at ,[]
hereby ,['herebi']
hereditability ,['heredit']
hereditable ,['heredit']
hereditably ,['heredit']
hereditament ,['heredita']
hereditarily ,['hereditarili']
hereditary ,['hereditari']
heredity ,['hered']
hereford ,['hereford']
herehence ,['hereh']
herein ,['herein']
hereinafter ,['hereinaft']
hereinbefore ,['hereinbefor']
hereinto ,['hereinto']
heremit ,['heremit']
heremite ,['heremit']
heremitical ,['heremit']
heren ,['heren']
hereof ,['hereof']
hereon ,['hereon']
hereout ,['hereout']
heresiarch ,['heresiarch']
heresiarchy ,['heresiarchi']
heresiographer ,['heresiograph']
heresiography ,['heresiographi']
heresies ,['heresi']
heresy ,['heresi']
heretic ,['heret']
heretical ,['heret']
heretically ,['heret']
hereticate ,['heret']
heretification ,['heretif']
hereto ,['hereto']
heretoch ,['heretoch']
heretog ,['heretog']
heretofore ,['heretofor']
hereunto ,['hereunto']
hereupon ,['hereupon']
herewith ,['herewith']
herie ,['heri']
heriot ,['heriot']
heriotable ,['heriot']
herisson ,['herisson']
heritability ,['herit']
heritable ,['herit']
heritage ,['heritag']
heritance ,['herit']
heritor ,['heritor']
herl ,['herl']
herling ,['herl']
hirling ,['hirl']
hermae ,['herma']
herma ,['herma']
hermaphrodeity ,['hermaphrod']
hermaphrodism ,['hermaphrod']
hermaphrodite ,['hermaphrodit']
hermaphroditic ,['hermaphrodit']
hermaphroditical ,['hermaphrodit']
hermaphroditism ,['hermaphrodit']
hermeneutic ,['hermeneut']
hermeneutical ,['hermeneut']
hermeneutically ,['hermeneut']
hermeneutics ,['hermeneut']
hermes ,['herm']
hermetic ,['hermet']
hermetical ,['hermet']
hermetically ,['hermet']
hermit ,['hermit']
hermitage ,['hermitag']
hermitary ,['hermitari']
hermitess ,['hermitess']
hermitical ,['hermit']
hermodactyl ,['hermodactyl']
hermogenian ,['hermogenian']
hern ,['hern']
hernani ,['hernani']
herne ,['hern']
hernias ,['hernia']
herniae ,['hernia']
hernia ,['hernia']
hernial ,['hernial']
herniotomy ,['herniotomi']
hernshaw ,['hernshaw']
heroes ,['hero']
hero ,['hero']
herodian ,['herodian']
herodiones ,['herodion']
heroess ,['heroess']
heroic ,['heroic']
heroical ,['heroic']
heroicness ,['heroic']
heroicomic ,['heroicom']
heroicomical ,['heroicom']
heroine ,['heroin']
heroism ,['heroism']
heron ,['heron']
heroner ,['heron']
heronry ,['heronri']
heronsew ,['heronsew']
heronshaw ,['heronshaw']
heroologist ,['heroologist']
heroship ,['heroship']
herpes ,['herp']
herpetic ,['herpet']
herpetism ,['herpet']
herpetologic ,['herpetolog']
herpetological ,['herpetolog']
herpetologist ,['herpetologist']
herpetology ,['herpetolog']
herpetotomist ,['herpetotomist']
herpetotomy ,['herpetotomi']
herr ,['herr']
herring ,['her']
herringbone ,['herringbon']
herrnhuter ,['herrnhut']
hers ,[]
hersal ,['hersal']
herschel ,['herschel']
herschelian ,['herschelian']
herse ,['hers']
herself ,[]
hersillon ,['hersillon']
hert ,['hert']
herte ,['hert']
hertely ,['hert']
hery ,['heri']
hesitancy ,['hesit']
hesitant ,['hesit']
hesitantly ,['hesitantli']
hesitated ,['hesit']
hesitating ,['hesit']
hesitate ,['hesit']
hesitatingly ,['hesitatingli']
hesitation ,['hesit']
hesitative ,['hesit']
hesitatory ,['hesitatori']
hesp ,['hesp']
hesper ,['hesper']
hesperetin ,['hesperetin']
hesperian ,['hesperian']
hesperid ,['hesperid']
hesperidene ,['hesperiden']
hesperides ,['hesperid']
hesperidin ,['hesperidin']
hesperidium ,['hesperidium']
hesperornis ,['hesperorni']
hesperus ,['hesperu']
hessian ,['hessian']
hessite ,['hessit']
hest ,['hest']
hestern ,['hestern']
hesternal ,['hestern']
hesychast ,['hesychast']
hetairism ,['hetair']
hetarism ,['hetar']
hetchel ,['hetchel']
hete ,['hete']
het ,['het']
heteracanth ,['heteracanth']
heterarchy ,['heterarchi']
heterauxesis ,['heterauxesi']
hetero- ,['hetero']
heterocarpism ,['heterocarp']
heterocarpous ,['heterocarp']
hetercephalous ,['hetercephal']
heterocera ,['heterocera']
heterocercal ,['heterocerc']
heterocercy ,['heterocerci']
heterochromous ,['heterochrom']
heterochronism ,['heterochron']
heterochrony ,['heterochroni']
heteroclite ,['heteroclit']
heteroclitic ,['heteroclit']
heteroclitical ,['heteroclit']
heteroclitous ,['heteroclit']
heterocyst ,['heterocyst']
heterodactyl ,['heterodactyl']
heterodactylae ,['heterodactyla']
heterodactylous ,['heterodactyl']
heterodont ,['heterodont']
heterodox ,['heterodox']
heterodoxal ,['heterodox']
heterodoxy ,['heterodoxi']
heterodromous ,['heterodrom']
heterogamous ,['heterogam']
heterogamy ,['heterogami']
heterogangliate ,['heterogangli']
heterogene ,['heterogen']
heterogeneal ,['heterogen']
heterogeneity ,['heterogen']
heterogeneous ,['heterogen']
heterogenesis ,['heterogenesi']
heterogenetic ,['heterogenet']
heterogenist ,['heterogenist']
heterogenous ,['heterogen']
heterogeny ,['heterogeni']
heterogonous ,['heterogon']
heterogony ,['heterogoni']
heterographic ,['heterograph']
heterography ,['heterographi']
heterogynous ,['heterogyn']
heterologous ,['heterolog']
heterology ,['heterolog']
heteromera ,['heteromera']
heteromerous ,['heteromer']
heteromorphic ,['heteromorph']
heteromorphism ,['heteromorph']
heteromorphy ,['heteromorphi']
heteromorphous ,['heteromorph']
heteromyaria ,['heteromyaria']
heteronereis ,['heteronerei']
heteronomous ,['heteronom']
heteronomy ,['heteronomi']
heteronym ,['heteronym']
heteronymous ,['heteronym']
heteroousian ,['heteroousian']
heteroousious ,['heteroousi']
heteropathic ,['heteropath']
heteropathy ,['heteropathi']
heteropelmous ,['heteropelm']
heterophagi ,['heterophagi']
heterophemist ,['heterophemist']
heterophemy ,['heterophemi']
heterophony ,['heterophoni']
heterophyllous ,['heterophyl']
heteroplasm ,['heteroplasm']
heteroplastic ,['heteroplast']
heteropod ,['heteropod']
heteropoda ,['heteropoda']
heteropodous ,['heteropod']
heteropter ,['heteropt']
heteroptera ,['heteroptera']
heteroptics ,['heteropt']
heteroscian ,['heteroscian']
heterosis ,['heterosi']
heterosomati ,['heterosomati']
heterosporic ,['heterospor']
heterosporous ,['heterospor']
heterostyled ,['heterostyl']
heterostylism ,['heterostyl']
heterotactous ,['heterotact']
heterotaxy ,['heterotaxi']
heterotopism ,['heterotop']
heterotopy ,['heterotopi']
heterotricha ,['heterotricha']
heterotropal ,['heterotrop']
heterotropous ,['heterotrop']
hething ,['heth']
hetmans ,['hetman']
hetman ,['hetman']
heugh ,['heugh']
heuk ,['heuk']
heulandite ,['heulandit']
heuristic ,['heurist']
heved ,['heve']
hewed ,['hew']
hewn ,['hewn']
hewing ,['hew']
hew ,['hew']
hewe ,['hew']
hewer ,['hewer']
hewhole ,['hewhol']
hex- ,['hex']
hexa ,['hexa']
hexabasic ,['hexabas']
hexacapsular ,['hexacapsular']
hexachord ,['hexachord']
hexacid ,['hexacid']
hexactinellid ,['hexactinellid']
hexactinelline ,['hexactinellin']
hexactinia ,['hexactinia']
hexad ,['hexad']
hexadactylous ,['hexadactyl']
hexade ,['hexad']
hexadecane ,['hexadecan']
hexagon ,['hexagon']
hexagonal ,['hexagon']
hexagonally ,['hexagon']
hexagony ,['hexagoni']
hexagynia ,['hexagynia']
hexagynian ,['hexagynian']
hexagynous ,['hexagyn']
hexahedral ,['hexahedr']
hexahedrons ,['hexahedron']
hexahedra ,['hexahedra']
hexahedron ,['hexahedron']
hexahemeron ,['hexahemeron']
hexamerous ,['hexamer']
hexameter ,['hexamet']
hexametric ,['hexametr']
hexametrical ,['hexametr']
hexametrist ,['hexametrist']
hexandria ,['hexandria']
hexandrian ,['hexandrian']
hex-androus ,"['hex', 'androu']"
hexane ,['hexan']
hexangular ,['hexangular']
hexapetalous ,['hexapetal']
hexaphyllous ,['hexaphyl']
hexapla ,['hexapla']
hexapod ,['hexapod']
hexapoda ,['hexapoda']
hexapodous ,['hexapod']
hexapterous ,['hexapter']
hexastich ,['hexastich']
hexastichon ,['hexastichon']
hexastyle ,['hexastyl']
hexateuch ,['hexateuch']
hexatomic ,['hexatom']
hexavalent ,['hexaval']
hexdecyl ,['hexdecyl']
hexdecylic ,['hexdecyl']
hexeikosane ,['hexeikosan']
hexene ,['hexen']
hexicology ,['hexicolog']
hexine ,['hexin']
hexoctahedron ,['hexoctahedron']
hexoic ,['hexoic']
hexone ,['hexon']
hexyl ,['hexyl']
hexylene ,['hexylen']
hexylic ,['hexyl']
hey ,['hey']
heyday ,['heyday']
heydeguy ,['heydeguy']
heyh ,['heyh']
heygh ,['heygh']
heyne ,['heyn']
heyten ,['heyten']
hiation ,['hiation']
hiatus ,['hiatu']
hiatuses ,['hiatus']
hibernacle ,['hibernacl']
hibernaculum ,['hibernaculum']
hibernal ,['hibern']
hibernated ,['hibern']
hibernating ,['hibern']
hibernate ,['hibern']
hibernation ,['hibern']
hibernian ,['hibernian']
hibernicism ,['hibernic']
hibernianism ,['hibernian']
hiberno-celtic ,"['hiberno', 'celtic']"
hibiscus ,['hibiscu']
hiccius doctius ,"['hicciu', 'doctiu']"
hiccough ,['hiccough']
hiccoughed ,['hiccough']
hiccoughing ,['hiccough']
hickory ,['hickori']
hicksite ,['hicksit']
hickup ,['hickup']
hickwall ,['hickwal']
hickway ,['hickway']
hid ,['hid']
hidage ,['hidag']
hidalgo ,['hidalgo']
hidden ,['hidden']
hiddenite ,['hiddenit']
hiddenly ,['hiddenli']
hiding ,['hide']
hide ,['hide']
hided ,['hide']
hidebound ,['hidebound']
hideous ,['hideou']
hider ,['hider']
hied ,['hie']
hying ,['hy']
hie ,['hie']
hiems ,['hiem']
hierapicra ,['hierapicra']
hierarch ,['hierarch']
hierarchal ,['hierarch']
hierarchic ,['hierarch']
hierarchical ,['hierarch']
hierarchism ,['hierarch']
hierarchies ,['hierarchi']
hierarchy ,['hierarchi']
hieratic ,['hierat']
hierocracy ,['hierocraci']
hieroglyph ,['hieroglyph']
hieroglyphic ,['hieroglyph']
hieroglyphical ,['hieroglyph']
hieroglyphically ,['hieroglyph']
hieroglyphist ,['hieroglyphist']
hierogram ,['hierogram']
hierogrammatic ,['hierogrammat']
hierogrammatist ,['hierogrammatist']
hierographic ,['hierograph']
hierographical ,['hierograph']
hierography ,['hierographi']
hierolatry ,['hierolatri']
hierologic ,['hierolog']
hierological ,['hierolog']
hierologist ,['hierologist']
hierology ,['hierolog']
hieromancy ,['hierom']
hiermartyr ,['hiermartyr']
hieromnemon ,['hieromnemon']
hieron ,['hieron']
hieronymite ,['hieronymit']
hierophant ,['hieroph']
hierophantic ,['hierophant']
hieroscopy ,['hieroscopi']
hierotheca ,['hierotheca']
hierourgy ,['hierourgi']
hifalutin ,['hifalutin']
higgled ,['higgl']
higgling ,['higgl']
higgle ,['higgl']
higgledy-piggledy ,"['higgledi', 'piggledi']"
higgler ,['higgler']
high ,['high']
highbinder ,['highbind']
high-blown ,"['high', 'blown']"
highborn ,['highborn']
high-bred ,"['high', 'bred']"
high-built ,"['high', 'built']"
high-church ,"['high', 'church']"
high-churchism ,"['high', 'churchism']"
high-churchman ,"['high', 'churchman']"
high-churchman-ship ,"['high', 'churchman', 'ship']"
high-colored ,"['high', 'color']"
high-embowed ,"['high', 'embow']"
highering ,['higher']
highfaluting ,['highfalut']
high-fed ,"['high', 'fed']"
high-finished ,"['high', 'finish']"
highflier ,['highflier']
high-flown ,"['high', 'flown']"
high-flushed ,"['high', 'flush']"
highflying ,['highfli']
high-go ,"['high', 'go']"
high-handed ,"['high', 'hand']"
high-hearted ,"['high', 'heart']"
high-hoe ,"['high', 'hoe']"
high-holder ,"['high', 'holder']"
highland ,['highland']
highlander ,['highland']
highlandry ,['highlandri']
high-low ,"['high', 'low']"
highly ,['highli']
highmen ,['highmen']
high-mettled ,"['high', 'mettl']"
high-minded ,"['high', 'mind']"
high-mindedness ,"['high', 'minded']"
highmost ,['highmost']
highness ,['high']
high-palmed ,"['high', 'palm']"
high-pressure ,"['high', 'pressur']"
high priest ,"['high', 'priest']"
high-priesthood ,"['high', 'priesthood']"
high-priestship ,"['high', 'priestship']"
high-principled ,"['high', 'principl']"
high-proof ,"['high', 'proof']"
high-raised ,"['high', 'rais']"
high-reaching ,"['high', 'reach']"
high-red ,"['high', 'red']"
highroad ,['highroad']
high-seasoned ,"['high', 'season']"
high-sighted ,"['high', 'sight']"
high-souled ,"['high', 'soul']"
high-sounding ,"['high', 'sound']"
high-spirited ,"['high', 'spirit']"
high-stepper ,"['high', 'stepper']"
high-stomached ,"['high', 'stomach']"
high-strung ,"['high', 'strung']"
high-swelling ,"['high', 'swell']"
hight ,['hight']
hot ,['hot']
hote ,['hote']
hoten ,['hoten']
hightener ,['highten']
highth ,['highth']
high-toned ,"['high', 'tone']"
high-top ,"['high', 'top']"
highty-tighty ,"['highti', 'tighti']"
highway ,['highway']
highwaymen ,['highwaymen']
highwayman ,['highwayman']
high-wrought ,"['high', 'wrought']"
higre ,['higr']
hig-taper ,"['hig', 'taper']"
hijera ,['hijera']
hijra ,['hijra']
hilal ,['hilal']
hilar ,['hilar']
hilarious ,['hilari']
hilarity ,['hilar']
hilary term ,"['hilari', 'term']"
hilding ,['hild']
hile ,['hile']
hill ,['hill']
hilled ,['hill']
hilling ,['hill']
hilliness ,['hilli']
hillock ,['hillock']
hillside ,['hillsid']
hilltop ,['hilltop']
hilly ,['hilli']
hilt ,['hilt']
hilted ,['hilt']
hilum ,['hilum']
hilus ,['hilu']
him ,[]
himalayan ,['himalayan']
himpne ,['himpn']
himself ,[]
himselven ,['himselven']
himselve ,['himselv']
himyaric ,['himyar']
himyaritic ,['himyarit']
hin ,['hin']
hind ,['hind']
hindberry ,['hindberri']
hindbrain ,['hindbrain']
hinder ,['hinder']
hindered ,['hinder']
hindering ,['hinder']
hinderance ,['hinder']
hinderer ,['hinder']
hinderest ,['hinderest']
hinderling ,['hinderl']
hindermost ,['hindermost']
hindmost ,['hindmost']
hindgut ,['hindgut']
hindi ,['hindi']
hindleys screw ,"['hindley', 'screw']"
hindoos ,['hindoo']
hindus ,['hindu']
hindoo ,['hindoo']
hindu ,['hindu']
hindooism ,['hindooism']
hinduism ,['hinduism']
hindoostanee ,['hindoostane']
hindustani ,['hindustani']
hindrance ,['hindranc']
hine ,['hine']
hinge ,['hing']
hinged ,['hing']
hinging ,['hing']
hingeless ,['hingeless']
hink ,['hink']
hinniate ,['hinniat']
hinny ,['hinni']
hinnies ,['hinni']
hinted ,['hint']
hinting ,['hint']
hint ,['hint']
hintingly ,['hintingli']
hip ,['hip']
hipped ,['hip']
hipping ,['hip']
hipps ,['hipp']
hiphalt ,['hiphalt']
hippa ,['hippa']
hippe ,['hipp']
hipparion ,['hipparion']
hippish ,['hippish']
hippobosca ,['hippobosca']
hippocamp ,['hippocamp']
hippocampal ,['hippocamp']
hippocampus ,['hippocampu']
hippocentaur ,['hippocentaur']
hippocras ,['hippocra']
hippocrates ,['hippocr']
hippocratic ,['hippocrat']
hippocratism ,['hippocrat']
hippocrene ,['hippocren']
hippocrepian ,['hippocrepian']
hippocrepiform ,['hippocrepiform']
hippodame ,['hippodam']
hippodrome ,['hippodrom']
hippogriff ,['hippogriff']
hippolith ,['hippolith']
hippopathology ,['hippopatholog']
hippophagi ,['hippophagi']
hippophagism ,['hippophag']
hippophagist ,['hippophagist']
hippophagous ,['hippophag']
hippophagy ,['hippophagi']
hippophile ,['hippophil']
hippopotamuses ,['hippopotamus']
hippopotami ,['hippopotami']
hippopotamus ,['hippopotamu']
hippotomy ,['hippotomi']
hippuric ,['hippur']
hippurite ,['hippurit']
hip-roofed ,"['hip', 'roof']"
hipshot ,['hipshot']
hip tree ,"['hip', 'tree']"
hir ,['hir']
hircic ,['hircic']
hircin ,['hircin']
hircine ,['hircin']
hircinous ,['hircin']
hire ,['hire']
hired ,['hire']
hiring ,['hire']
hireless ,['hireless']
hireling ,['hirel']
hirer ,['hirer']
hires ,['hire']
hirs ,['hir']
hirsute ,['hirsut']
hirsuteness ,['hirsut']
hirtellous ,['hirtel']
hirudine ,['hirudin']
hirudinea ,['hirudinea']
hirudo ,['hirudo']
hirundine ,['hirundin']
hirundo ,['hirundo']
his ,[]
hisingerite ,['hisingerit']
hispanic ,['hispan']
hispanicism ,['hispanic']
hispanicize ,['hispanic']
hispid ,['hispid']
hispidulous ,['hispidul']
hissed ,['hiss']
hissing ,['hiss']
hiss ,['hiss']
hissingly ,['hissingli']
hist ,['hist']
histiology ,['histiolog']
histogenesis ,['histogenesi']
histogenetic ,['histogenet']
histogeny ,['histogeni']
histographer ,['histograph']
histographical ,['histograph']
histography ,['histographi']
histohaematin ,['histohaematin']
histoid ,['histoid']
histologic ,['histolog']
histological ,['histolog']
histologist ,['histologist']
histology ,['histolog']
histolysis ,['histolysi']
histolytic ,['histolyt']
histonomy ,['histonomi']
histophyly ,['histophyli']
historial ,['histori']
historian ,['historian']
historic ,['histor']
historical ,['histor']
historically ,['histor']
historicize ,['historic']
historied ,['histori']
historier ,['histori']
historiette ,['historiett']
histority ,['histor']
historiographer ,['historiograph']
historiographership ,['historiographership']
historiography ,['historiographi']
historiology ,['historiolog']
historionomer ,['historionom']
historize ,['histor']
histories ,['histori']
history ,['histori']
histotomy ,['histotomi']
histozyme ,['histozym']
histrion ,['histrion']
histrionic ,['histrion']
histrionical ,['histrion']
histrionicism ,['histrionic']
histrionism ,['histrion']
histrionize ,['histrion']
hit ,['hit']
hitting ,['hit']
hit. ,['hit']
hitch ,['hitch']
hitched ,['hitch']
hitching ,['hitch']
hitchel ,['hitchel']
hithe ,['hith']
hither ,['hither']
hithermost ,['hithermost']
hitherto ,['hitherto']
hitherward ,['hitherward']
hitter ,['hitter']
hive ,['hive']
hived ,['hive']
hiving ,['hive']
hiveless ,['hiveless']
hiver ,['hiver']
hives ,['hive']
hizz ,['hizz']
ho ,['ho']
hoa ,['hoa']
hoar ,['hoar']
hoard ,['hoard']
hoarded ,['hoard']
hoarding ,['hoard']
hoarder ,['hoarder']
hoared ,['hoar']
hoarfrost ,['hoarfrost']
hoarhound ,['hoarhound']
hoariness ,['hoari']
hoarse ,['hoars']
hoarsely ,['hoars']
hoarsened ,['hoarsen']
hoarsening ,['hoarsen']
hoarsen ,['hoarsen']
hoarseness ,['hoars']
hoarstone ,['hoarston']
hoary ,['hoari']
hoatzin ,['hoatzin']
hoax ,['hoax']
hoaxed ,['hoax']
hoaxing ,['hoax']
hoaxer ,['hoaxer']
hoazin ,['hoazin']
hob ,['hob']
hobanob ,['hobanob']
hobandnob ,['hobandnob']
hobbism ,['hobbism']
hobbist ,['hobbist']
hobbled ,['hobbl']
hobbling ,['hobbl']
hobble ,['hobbl']
hobblebush ,['hobblebush']
hobbledehoy ,['hobbledehoy']
hobbletehoy ,['hobbletehoy']
hobbler ,['hobbler']
hobblingly ,['hobblingli']
hobbly ,['hobbl']
hobbies ,['hobbi']
hobby ,['hobbi']
hobbyhorse ,['hobbyhors']
hobbyhorsical ,['hobbyhors']
hobgoblin ,['hobgoblin']
hobiler ,['hobil']
hobit ,['hobit']
hobnail ,['hobnail']
hobnailed ,['hobnail']
hobnob ,['hobnob']
hornobbed ,['hornob']
hornobbing ,['hornob']
hobornob ,['hobornob']
hoboy ,['hoboy']
hobson''s choice ,"['hobson', 'choic']"
hocco ,['hocco']
hochepot ,['hochepot']
hock ,['hock']
hough ,['hough']
hockamore ,['hockamor']
hockday ,['hockday']
hockey ,['hockey']
hockherb ,['hockherb']
hockled ,['hockl']
hockling ,['hockl']
hockle ,['hockl']
hocus ,['hocu']
hocuspocus ,['hocuspocu']
hod ,['hod']
hoddengray ,['hoddengray']
hoddy ,['hoddi']
hoddydoddy ,['hoddydoddi']
hodgepodge ,['hodgepodg']
hodgkin''s disease ,"['hodgkin', 'diseas']"
hodiern ,['hodiern']
hodiernal ,['hodiern']
hodmen ,['hodmen']
hodman ,['hodman']
hodmandod ,['hodmandod']
hodograph ,['hodograph']
hodometer ,['hodomet']
hoe ,['hoe']
hoed ,['ho']
hoeing ,['hoe']
hoecake ,['hoecak']
hoemother ,['hoemoth']
hoful ,['hoful']
hog ,['hog']
hogged ,['hog']
hogging ,['hog']
hogback ,['hogback']
hogchain ,['hogchain']
hogchoker ,['hogchok']
hogcote ,['hogcot']
hogfish ,['hogfish']
hogframe ,['hogfram']
hogger ,['hogger']
hoggerel ,['hoggerel']
hoggerpipe ,['hoggerpip']
hogger-pump ,"['hogger', 'pump']"
hoggery ,['hoggeri']
hogget ,['hogget']
hoggish ,['hoggish']
hogh ,['hogh']
hogherd ,['hogherd']
hogmanay ,['hogmanay']
hognosesnake ,['hognosesnak']
hognut ,['hognut']
hogo ,['hogo']
hogpen ,['hogpen']
hogreeve ,['hogreev']
hogringer ,['hogring']
hog''s-back ,"['hog', 'back']"
hogscore ,['hogscor']
hogshead ,['hogshead']
hogskin ,['hogskin']
hogsties ,['hogsti']
hogsty ,['hogsti']
hogwash ,['hogwash']
hogweed ,['hogwe']
hoiden ,['hoiden']
hoidenhood ,['hoidenhood']
hoidenish ,['hoidenish']
hoise ,['hois']
hoisted ,['hoist']
hoisting ,['hoist']
hoist ,['hoist']
hoistaway ,['hoistaway']
hoistway ,['hoistway']
hoit ,['hoit']
hoity-toity ,"['hoiti', 'toiti']"
hokeday ,['hokeday']
hoker ,['hoker']
hol ,['hol']
holaspidean ,['holaspidean']
holcad ,['holcad']
hold ,['hold']
holding ,['hold']
holden ,['holden']
holdback ,['holdback']
holder ,['holder']
holder-forth ,"['holder', 'forth']"
holdfast ,['holdfast']
hole ,['hole']
holethnic ,['holethn']
holethnos ,['holethno']
holibut ,['holibut']
holidam ,['holidam']
holiday ,['holiday']
holily ,['holili']
holiness ,['holi']
holing ,['hole']
holla ,['holla']
hollaed ,['holla']
hollaing ,['holla']
holland ,['holland']
hollander ,['holland']
hollandish ,['hollandish']
hollands ,['holland']
hollo ,['hollo']
holloed ,['hollo']
holloing ,['hollo']
holloa ,['holloa']
hollow ,['hollow']
hollowed ,['hollow']
hollowing ,['hollow']
hollow-hearted ,"['hollow', 'heart']"
hollow-horned ,"['hollow', 'horn']"
hollowly ,['hollowli']
hollowness ,['hollow']
holly ,['holli']
hollyhock ,['hollyhock']
holm ,['holm']
holmia ,['holmia']
holmium ,['holmium']
holmos ,['holmo']
"""""""""""""""""""""""""""""""holo- """"""""""""""",['holo']
holoblast ,['holoblast']
holoblastic ,['holoblast']
holocaust ,['holocaust']
holocephali ,['holocephali']
holocryptic ,['holocrypt']
holocrystalline ,['holocrystallin']
holograph ,['holograph']
holographic ,['holograph']
holohedral ,['holohedr']
holohemihedral ,['holohemihedr']
holometabola ,['holometabola']
holometabolic ,['holometabol']
holometer ,['holomet']
holophanerous ,['holophaner']
holophotal ,['holophot']
holophote ,['holophot']
holophrastic ,['holophrast']
holophytic ,['holophyt']
holorhinal ,['holorhin']
holosiderite ,['holosiderit']
holostean ,['holostean']
holostei ,['holostei']
holosteric ,['holoster']
holostomata ,['holostomata']
holostomate ,['holostom']
holostomatous ,['holostomat']
holostome ,['holostom']
holostraca ,['holostraca']
holothure ,['holothur']
holothurian ,['holothurian']
holothurioidea ,['holothurioidea']
holotricha ,['holotricha']
holour ,['holour']
holsom ,['holsom']
holster ,['holster']
holstered ,['holster']
holt ,['holt']
holwe ,['holw']
holy ,['holi']
holy cross ,"['holi', 'cross']"
holyday ,['holyday']
holystone ,['holyston']
homacanth ,['homacanth']
homage ,['homag']
homaged ,['homag']
homaging ,['homag']
homageable ,['homag']
homager ,['homag']
homalographic ,['homalograph']
homaloid ,['homaloid']
homaloidal ,['homaloid']
homarus ,['homaru']
homatropine ,['homatropin']
homaxonial ,['homaxoni']
home ,['home']
homeborn ,['homeborn']
home-bound ,"['home', 'bound']"
home-bred ,"['home', 'bred']"
home-coming ,"['home', 'come']"
home-driven ,"['home', 'driven']"
home-dwelling ,"['home', 'dwell']"
home-felt ,"['home', 'felt']"
homefield ,['homefield']
home-keeping ,"['home', 'keep']"
homeless ,['homeless']
homelike ,['homelik']
homelily ,['homelili']
homeliness ,['homeli']
homeling ,['homel']
homely ,['home']
homelyn ,['homelyn']
homemade ,['homemad']
homeopath ,['homeopath']
homeopathic ,['homeopath']
homeopathically ,['homeopath']
homeopathist ,['homeopathist']
homeopathy ,['homeopathi']
homer ,['homer']
homeric ,['homer']
homesick ,['homesick']
home-speaking ,"['home', 'speak']"
homespun ,['homespun']
homestall ,['homestal']
homestead ,['homestead']
homesteader ,['homestead']
homeward ,['homeward']
homewards ,['homeward']
homicidal ,['homicid']
homicide ,['homicid']
homiform ,['homiform']
homilete ,['homilet']
homiletic ,['homilet']
homiletical ,['homilet']
homiletics ,['homilet']
homilist ,['homilist']
homilite ,['homilit']
homilies ,['homili']
homily ,['homili']
homing ,['home']
hominy ,['homini']
homish ,['homish']
hommock ,['hommock']
hommocky ,['hommocki']
homo- ,['homo']
homocategoric ,['homocategor']
homocentric ,['homocentr']
homocercal ,['homocerc']
homocercy ,['homocerci']
homocerebrin ,['homocerebrin']
homochromous ,['homochrom']
homodemic ,['homodem']
homodermic ,['homoderm']
homodermy ,['homodermi']
homodont ,['homodont']
homodromal ,['homodrom']
homodromous ,['homodrom']
homodynamic ,['homodynam']
homodynamous ,['homodynam']
homodynamy ,['homodynami']
homoeomeria ,['homoeomeria']
homoeomeric ,['homoeomer']
homoeomerical ,['homoeomer']
homoeomerous ,['homoeomer']
homoeomery ,['homoeomeri']
homoeomorphism ,['homoeomorph']
homoeomorphous ,['homoeomorph']
homoeopathic ,['homoeopath']
homoeopathist ,['homoeopathist']
homoeopathy ,['homoeopathi']
homoeothermal ,['homoeotherm']
homoeozoic ,['homoeozo']
homogamous ,['homogam']
homogamy ,['homogami']
homogangliate ,['homogangli']
homogene ,['homogen']
homogeneal ,['homogen']
homogenealness ,['homogen']
homogeneity ,['homogen']
homogeneous ,['homogen']
homogeneousness ,['homogen']
homogenesis ,['homogenesi']
homogenetic ,['homogenet']
homogenous ,['homogen']
homogeny ,['homogeni']
homogonous ,['homogon']
homogony ,['homogoni']
homograph ,['homograph']
homographic ,['homograph']
homography ,['homographi']
homoioptoton ,['homoioptoton']
homoiothermal ,['homoiotherm']
homoiousian ,['homoiousian']
homologated ,['homolog']
homologating ,['homolog']
homologate ,['homolog']
homologation ,['homolog']
homological ,['homolog']
homologinic ,['homologin']
homologize ,['homolog']
homologon ,['homologon']
homologoumena ,['homologoumena']
homologous ,['homolog']
homolographic ,['homolograph']
homologue ,['homologu']
homology ,['homolog']
homomallous ,['homomal']
homomorphic ,['homomorph']
homomorphous ,['homomorph']
homomorphism ,['homomorph']
homomorphy ,['homomorphi']
homonomous ,['homonom']
homonomy ,['homonomi']
homonym ,['homonym']
homonymous ,['homonym']
homonymously ,['homonym']
homonymy ,['homonymi']
homoorgan ,['homoorgan']
homoousian ,['homoousian']
homophone ,['homophon']
homophonic ,['homophon']
homophonous ,['homophon']
homophony ,['homophoni']
homophylic ,['homophyl']
homophyly ,['homophyli']
homoplasmy ,['homoplasmi']
homoplast ,['homoplast']
homoplastic ,['homoplast']
homoplasty ,['homoplasti']
homoplasy ,['homoplasi']
homopolic ,['homopol']
homopter ,['homopt']
homoptera ,['homoptera']
homopteran ,['homopteran']
homopterous ,['homopter']
homostyled ,['homostyl']
homosystemic ,['homosystem']
homotaxia ,['homotaxia']
homotaxial ,['homotaxi']
homotaxic ,['homotax']
homotaxis ,['homotaxi']
homotaxy ,['homotaxi']
homothermic ,['homotherm']
homothermous ,['homotherm']
homotonous ,['homoton']
homotropal ,['homotrop']
homotropous ,['homotrop']
homotypal ,['homotyp']
homotype ,['homotyp']
homotypic ,['homotyp']
homotypical ,['homotyp']
homotypy ,['homotypi']
homunculi ,['homunculi']
homunculus ,['homunculu']
hond ,['hond']
hone ,['hone']
honed ,['hone']
honing ,['hone']
honest ,['honest']
honestation ,['honest']
honestetee ,['honestete']
honestly ,['honestli']
honesty ,['honesti']
honewort ,['honewort']
honey ,['honey']
honeyed ,['honey']
honeying ,['honey']
honey-bag ,"['honey', 'bag']"
honeybee ,['honeybe']
honeybird ,['honeybird']
honeycomb ,['honeycomb']
honeycombed ,['honeycomb']
honeydew ,['honeydew']
honeyless ,['honeyless']
honeymoon ,['honeymoon']
honey-mouthed ,"['honey', 'mouth']"
honeystone ,['honeyston']
honeysucker ,['honeysuck']
honeysuckle ,['honeysuckl']
honeysuckled ,['honeysuckl']
honey-sweet ,"['honey', 'sweet']"
honey-tongued ,"['honey', 'tongu']"
honeyware ,['honeywar']
honeywort ,['honeywort']
hong ,['hong']
honied ,['honi']
honiton lace ,"['honiton', 'lace']"
honk ,['honk']
honor ,['honor']
honored ,['honor']
honoring ,['honor']
honorable ,['honor']
honorableness ,['honor']
honorably ,['honor']
honorarium ,['honorarium']
honorary ,['honorari']
honorer ,['honor']
honorific ,['honorif']
honorless ,['honorless']
hont ,['hont']
hoo ,['hoo']
hood ,['hood']
hooded ,['hood']
hooding ,['hood']
hoodcap ,['hoodcap']
hoodless ,['hoodless']
hoodlum ,['hoodlum']
hoodman ,['hoodman']
hoodman-blind ,"['hoodman', 'blind']"
hood molding ,"['hood', 'mold']"
hood moulding ,"['hood', 'mould']"
hoodoo ,['hoodoo']
hoodwink ,['hoodwink']
hoody ,['hoodi']
hoofs ,['hoof']
hooves ,['hoov']
hoof ,['hoof']
hoofbound ,['hoofbound']
hoofed ,['hoof']
hoofless ,['hoofless']
hook ,['hook']
hooked ,['hook']
hooking ,['hook']
hookah ,['hookah']
hook-billed ,"['hook', 'bill']"
hookedness ,['hooked']
hooker ,['hooker']
hooke''s gearing ,"['hook', 'gear']"
hooke''s joint ,"['hook', 'joint']"
hookey ,['hookey']
hooklet ,['hooklet']
hook-nosed ,"['hook', 'nose']"
hooky ,['hooki']
hool ,['hool']
hoolock ,['hoolock']
hoom ,['hoom']
hoonoomaun ,['hoonoomaun']
hoop ,['hoop']
hooped ,['hoop']
hooping ,['hoop']
hooper ,['hooper']
hoopoe ,['hoopo']
hoopoo ,['hoopoo']
hoosier ,['hoosier']
hooted ,['hoot']
hooting ,['hoot']
hoot ,['hoot']
hoove ,['hoov']
hooven ,['hooven']
hopped ,['hop']
hopping ,['hop']
hop ,['hop']
hopbine ,['hopbin']
hopbind ,['hopbind']
hope ,['hope']
hoped ,['hope']
hoping ,['hope']
hopeful ,['hope']
hopeite ,['hopeit']
hopeless ,['hopeless']
hoper ,['hoper']
hopingly ,['hopingli']
hoplite ,['hoplit']
hop-o''-my-thumb ,"['hop', 'thumb']"
hop-thumb ,"['hop', 'thumb']"
hopper ,['hopper']
hopperings ,['hopper']
hoppestere ,['hoppester']
hoppet ,['hoppet']
hoppled ,['hoppl']
hoppling ,['hoppl']
hopple ,['hoppl']
hopplebush ,['hopplebush']
hoppo ,['hoppo']
hopscotch ,['hopscotch']
hopyard ,['hopyard']
horal ,['horal']
horaly ,['horali']
horary ,['horari']
horatian ,['horatian']
horde ,['hord']
hordeic ,['hordeic']
hordein ,['hordein']
hordeolum ,['hordeolum']
hordock ,['hordock']
hore ,['hore']
horehound ,['horehound']
horizon ,['horizon']
horizontal ,['horizont']
horizontality ,['horizont']
horizontally ,['horizont']
hormogonium ,['hormogonium']
horn ,['horn']
hornbeak ,['hornbeak']
hornbeam ,['hornbeam']
hornbill ,['hornbil']
hornblende ,['hornblend']
hornblendic ,['hornblend']
hornblower ,['hornblow']
hornbook ,['hornbook']
hornbug ,['hornbug']
horned ,['horn']
hornedness ,['horned']
hornel ,['hornel']
horner ,['horner']
hornet ,['hornet']
hornfish ,['hornfish']
hornfoot ,['hornfoot']
hornify ,['hornifi']
horning ,['horn']
hornish ,['hornish']
hornito ,['hornito']
hornless ,['hornless']
horn-mad ,"['horn', 'mad']"
hornotine ,['hornotin']
hornowl ,['hornowl']
hornpike ,['hornpik']
hornpipe ,['hornpip']
hornpout ,['hornpout']
hornsnake ,['hornsnak']
hornstone ,['hornston']
horntail ,['horntail']
hornwork ,['hornwork']
hornwort ,['hornwort']
hornwrack ,['hornwrack']
horny ,['horni']
horny-handed ,"['horni', 'hand']"
hornyhead ,['hornyhead']
horography ,['horographi']
horologe ,['horolog']
horologer ,['horolog']
horological ,['horolog']
horologiographer ,['horologiograph']
horologiographic ,['horologiograph']
horologiography ,['horologiographi']
horologist ,['horologist']
horology ,['horolog']
horometer ,['horomet']
horometrical ,['horometr']
horometry ,['horometri']
horopter ,['horopt']
horopteric ,['horopter']
horoscope ,['horoscop']
horoscoper ,['horoscop']
horoscopist ,['horoscopist']
horoscopy ,['horoscopi']
horrendous ,['horrend']
horrent ,['horrent']
horrible ,['horribl']
horribleness ,['horribl']
horribly ,['horribl']
horrid ,['horrid']
horridly ,['horridli']
horridness ,['horrid']
horrific ,['horrif']
horrification ,['horrif']
horrified ,['horrifi']
horrifying ,['horrifi']
horrify ,['horrifi']
horripilation ,['horripil']
horrisonant ,['horrison']
horrisonous ,['horrison']
horror ,['horror']
horror-sticken ,"['horror', 'sticken']"
horror-struck ,"['horror', 'struck']"
hors de combat ,"['hor', 'de', 'combat']"
horse ,['hors']
horsed ,['hors']
horsing ,['hors']
horseback ,['horseback']
horse-chestnut ,"['hors', 'chestnut']"
horse-drench ,"['hors', 'drench']"
horsefish ,['horsefish']
horseflesh ,['horseflesh']
horseflies ,['horsefli']
horsefly ,['horsefli']
horsefeet ,['horsefeet']
horsefoot ,['horsefoot']
horse guards ,"['hors', 'guard']"
horsehair ,['horsehair']
horsehead ,['horsehead']
horsehide ,['horsehid']
horse-jockey ,"['hors', 'jockey']"
horseknop ,['horseknop']
horselaugh ,['horselaugh']
horse-leech ,"['hors', 'leech']"
horse-leechery ,"['hors', 'leecheri']"
horse-litter ,"['hors', 'litter']"
horsemen ,['horsemen']
horseman ,['horseman']
horsemanship ,['horsemanship']
horsemint ,['horsemint']
horsenail ,['horsenail']
horseplay ,['horseplay']
horsepond ,['horsepond']
horse power ,"['hors', 'power']"
horse-radish ,"['hors', 'radish']"
horserake ,['horserak']
horseshoe ,['horsesho']
horseshoer ,['horsesho']
horseshoeing ,['horsesho']
horsetail ,['horsetail']
horseweed ,['horsewe']
horsewhip ,['horsewhip']
horsewomen ,['horsewomen']
horsewoman ,['horsewoman']
horsewood ,['horsewood']
horseworm ,['horseworm']
horsiness ,['horsi']
horsly ,['horsli']
horsy ,['horsi']
hortation ,['hortat']
hortative ,['hort']
hortatory ,['hortatori']
hortensial ,['hortensi']
horticultor ,['horticultor']
horticultural ,['horticultur']
horticulture ,['horticultur']
horticulturist ,['horticulturist']
hortulan ,['hortulan']
hortus siccus ,"['hortu', 'siccu']"
hortyard ,['hortyard']
hosannas ,['hosanna']
hosanna ,['hosanna']
hose ,['hose']
hosen ,['hosen']
hosier ,['hosier']
hosiery ,['hosieri']
hospice ,['hospic']
hospitable ,['hospit']
hospitableness ,['hospit']
hospitably ,['hospit']
hospitage ,['hospitag']
hospital ,['hospit']
hospitaler ,['hospital']
hospitalism ,['hospit']
hospitalities ,['hospit']
hospitality ,['hospit']
hospitalize ,['hospit']
hospitate ,['hospit']
hospitium ,['hospitium']
hospodar ,['hospodar']
host ,['host']
hostage ,['hostag']
hostel ,['hostel']
hosteler ,['hostel']
hostelry ,['hostelri']
hostess ,['hostess']
hostess-ship ,"['hostess', 'ship']"
hostie ,['hosti']
hostile ,['hostil']
hostilely ,['hostil']
hostilities ,['hostil']
hostility ,['hostil']
hostilize ,['hostil']
hosting ,['host']
hostler ,['hostler']
hostless ,['hostless']
hostry ,['hostri']
hotbed ,['hotb']
hot blast ,"['hot', 'blast']"
hot-blooded ,"['hot', 'blood']"
hot-brained ,"['hot', 'brain']"
hotchpot ,['hotchpot']
hotchpotch ,['hotchpotch']
hotcockles ,['hotcockl']
hotel ,['hotel']
hotel-de-ville ,"['hotel', 'de', 'vill']"
hotel-dieu ,"['hotel', 'dieu']"
hotfoot ,['hotfoot']
hot-head ,"['hot', 'head']"
hot-headed ,"['hot', 'head']"
hothouse ,['hothous']
hot-livered ,"['hot', 'liver']"
hotly ,['hotli']
hot-mouthed ,"['hot', 'mouth']"
hotness ,['hot']
hotpress ,['hotpress']
hotpressed ,['hotpress']
hot-short ,"['hot', 'short']"
hot-spirited ,"['hot', 'spirit']"
hotspur ,['hotspur']
hotspurred ,['hotspur']
hottentot ,['hottentot']
hottentotism ,['hottentot']
houdah ,['houdah']
houghed ,['hough']
houghing ,['hough']
houlet ,['houlet']
hoult ,['hoult']
hound ,['hound']
hounded ,['hound']
hounding ,['hound']
houndfish ,['houndfish']
hound''s-tongue ,"['hound', 'tongu']"
houp ,['houp']
hour ,['hour']
hourglass ,['hourglass']
houris ,['houri']
houri ,['houri']
hourly ,['hourli']
hours ,['hour']
housage ,['housag']
houses ,['hous']
house ,['hous']
housed ,['hous']
housing ,['hous']
housebote ,['housebot']
housebreaker ,['housebreak']
housebreaking ,['housebreak']
housebuilder ,['housebuild']
housecarl ,['housecarl']
household ,['household']
householder ,['household']
housekeeper ,['housekeep']
housekeeping ,['housekeep']
housel ,['housel']
houseleek ,['houseleek']
houseless ,['houseless']
houselessness ,['houseless']
houseline ,['houselin']
houseling ,['housel']
housemaid ,['housemaid']
housemate ,['housem']
houseroom ,['houseroom']
housewarming ,['housewarm']
housewife ,['housewif']
housewive ,['housew']
housewifely ,['housewif']
housewifery ,['housewiferi']
housework ,['housework']
housewright ,['housewright']
housling ,['housl']
houss ,['houss']
houtou ,['houtou']
houve ,['houv']
houyhnhnm ,['houyhnhnm']
hovel ,['hovel']
hoveled ,['hovel']
hovelled ,['hovel']
hoveling ,['hovel']
hovelling ,['hovel']
hoveler ,['hovel']
hover ,['hover']
hovered ,['hover']
hovering ,['hover']
hoverer ,['hover']
hover-hawk ,"['hover', 'hawk']"
hoveringly ,['hoveringli']
how ,[]
howadji ,['howadji']
howbeit ,['howbeit']
howdah ,['howdah']
howdy ,['howdi']
howel ,['howel']
howell ,['howel']
however ,['howev']
howitz ,['howitz']
howitzer ,['howitz']
howker ,['howker']
howled ,['howl']
howling ,['howl']
howl ,['howl']
howler ,['howler']
howlet ,['howlet']
howp ,['howp']
howso ,['howso']
howsoever ,['howsoev']
howve ,['howv']
hox ,['hox']
hoy ,['hoy']
hoyden ,['hoyden']
hoymen ,['hoymen']
hoyman ,['hoyman']
huanaco ,['huanaco']
hub ,['hub']
hubble-bubble ,"['hubbl', 'bubbl']"
hubbub ,['hubbub']
hubby ,['hubbi']
hubner ,['hubner']
huch ,['huch']
huchen ,['huchen']
huck ,['huck']
huckaback ,['huckaback']
huckle ,['huckl']
huckle-backed ,"['huckl', 'back']"
huckleberry ,['huckleberri']
huckster ,['huckster']
huckstered ,['huckster']
huckstering ,['huckster']
hucksterage ,['hucksterag']
hucksterer ,['huckster']
huckstress ,['huckstress']
hud ,['hud']
huddled ,['huddl']
huddling ,['huddl']
huddle ,['huddl']
huddler ,['huddler']
hudge ,['hudg']
hudibrastic ,['hudibrast']
hudsonian ,['hudsonian']
hue ,['hue']
hued ,['hu']
hueless ,['hueless']
huer ,['huer']
huffed ,['huf']
huffing ,['huf']
huff ,['huff']
huffcap ,['huffcap']
huffer ,['huffer']
huffiness ,['huffi']
huffingly ,['huffingli']
huffish ,['huffish']
huffy ,['huffi']
hugged ,['hug']
hugging ,['hug']
hug ,['hug']
huge ,['huge']
hugger ,['hugger']
hugger-mugger ,"['hugger', 'mugger']"
huggle ,['huggl']
huguenot ,['huguenot']
huguenotism ,['huguenot']
hugy ,['hugi']
huia bird ,"['huia', 'bird']"
huisher ,['huisher']
huke ,['huke']
hulan ,['hulan']
hulch ,['hulch']
hulchy ,['hulchi']
hulk ,['hulk']
hulking ,['hulk']
hulky ,['hulki']
hull ,['hull']
hulled ,['hull']
hulling ,['hull']
hullabaloo ,['hullabaloo']
huller ,['huller']
hullo ,['hullo']
hully ,['hulli']
huloist ,['huloist']
hulotheism ,['huloth']
hulver ,['hulver']
hummed ,['hum']
humming ,['hum']
hum ,['hum']
human ,['human']
humanate ,['human']
humane ,['human']
humanics ,['human']
humanify ,['humanifi']
humanism ,['human']
humanist ,['humanist']
humanistic ,['humanist']
humanitarian ,['humanitarian']
humanitarianism ,['humanitarian']
humanitian ,['humanitian']
humanities ,['human']
humanity ,['human']
humanization ,['human']
humanized ,['human']
humanizing ,['human']
humanize ,['human']
humanizer ,['human']
humankind ,['humankind']
humanly ,['humanli']
humanness ,['human']
humate ,['humat']
humation ,['humat']
humbird ,['humbird']
humble ,['humbl']
humbled ,['humbl']
humbling ,['humbl']
humblebee ,['humblebe']
humblehead ,['humblehead']
humbleness ,['humbl']
humbler ,['humbler']
humbles ,['humbl']
humblesse ,['humbless']
humbly ,['humbl']
humbug ,['humbug']
humbugged ,['humbug']
humbugging ,['humbug']
humbugger ,['humbugg']
humbuggery ,['humbuggeri']
humdrum ,['humdrum']
humect ,['humect']
humectate ,['humect']
humectant ,['humect']
humectation ,['humect']
humective ,['humect']
humeral ,['humer']
humeri ,['humeri']
humerus ,['humeru']
humic ,['humic']
humicubation ,['humicub']
humid ,['humid']
humidity ,['humid']
humidness ,['humid']
humifuse ,['humifus']
humiliant ,['humili']
humiliated ,['humili']
humiliating ,['humili']
humiliate ,['humili']
humiliation ,['humili']
humilities ,['humil']
humility ,['humil']
humin ,['humin']
humiri ,['humiri']
humite ,['humit']
hummel ,['hummel']
hummeler ,['hummel']
hummer ,['hummer']
hummock ,['hummock']
hummocking ,['hummock']
hummocky ,['hummocki']
hummum ,['hummum']
humor ,['humor']
humored ,['humor']
humoring ,['humor']
humoral ,['humor']
humoralism ,['humor']
humoralist ,['humoralist']
humorism ,['humor']
humorist ,['humorist']
humoristic ,['humorist']
humorize ,['humor']
humorless ,['humorless']
humorous ,['humor']
humorously ,['humor']
humorousness ,['humor']
humorsome ,['humorsom']
humorsomely ,['humorsom']
humorsomeness ,['humorsom']
hump ,['hump']
humpback ,['humpback']
humpbacked ,['humpback']
humped ,['hump']
humph ,['humph']
humpless ,['humpless']
hump-shouldered ,"['hump', 'shoulder']"
humpy ,['humpi']
humstrum ,['humstrum']
humulin ,['humulin']
humus ,['humu']
hun ,['hun']
hunch ,['hunch']
hunched ,['hunch']
hunching ,['hunch']
hunchback ,['hunchback']
hunchbacked ,['hunchback']
hundred ,['hundr']
hundreder ,['hundred']
hundredfold ,['hundredfold']
hundredth ,['hundredth']
hundredweight ,['hundredweight']
hungarian ,['hungarian']
hungary ,['hungari']
hunger ,['hunger']
hungered ,['hunger']
hungering ,['hunger']
hunger-bit ,"['hunger', 'bit']"
hunger-bitten ,"['hunger', 'bitten']"
hungerer ,['hunger']
hungerly ,['hungerli']
hunger-starve ,"['hunger', 'starv']"
hungred ,['hungr']
hungrily ,['hungrili']
hungry ,['hungri']
hunk ,['hunk']
hunker ,['hunker']
hunkerism ,['hunker']
hunks ,['hunk']
hunted ,['hunt']
hunting ,['hunt']
hunt ,['hunt']
hunt-counter ,"['hunt', 'counter']"
hunte ,['hunt']
hunter ,['hunter']
hunterian ,['hunterian']
huntress ,['huntress']
huntsmen ,['huntsmen']
huntsman ,['huntsman']
huntsmanship ,['huntsmanship']
hunt''s-up ,['hunt']
hurden ,['hurden']
hurdle ,['hurdl']
hurdleed ,['hurdle']
hurdleing ,['hurdl']
hurdlework ,['hurdlework']
hurds ,['hurd']
hurdy-gurdy ,"['hurdi', 'gurdi']"
hurkaru ,['hurkaru']
hurled ,['hurl']
hurling ,['hurl']
hurl ,['hurl']
hurlbat ,['hurlbat']
hurlbone ,['hurlbon']
hurler ,['hurler']
hurlwind ,['hurlwind']
hurly ,['hurli']
hurly-burly ,"['hurli', 'burli']"
huronian ,['huronian']
huron-iroquous ,"['huron', 'iroqu']"
hurons ,['huron']
hurr ,['hurr']
hurrah ,['hurrah']
hurra ,['hurra']
hurricane ,['hurrican']
hurricanoes ,['hurricano']
hurricano ,['hurricano']
hurried ,['hurri']
hurrier ,['hurrier']
hurries ,['hurri']
hurrying ,['hurri']
hurry ,['hurri']
hurryingly ,['hurryingli']
hurry-skurry ,"['hurri', 'skurri']"
hurst ,['hurst']
hurt ,['hurt']
hurting ,['hurt']
hurter ,['hurter']
hurtful ,['hurt']
hurtled ,['hurtl']
hurtling ,['hurtl']
hurtle ,['hurtl']
hurtleberry ,['hurtleberri']
hurtless ,['hurtless']
husband ,['husband']
husbanded ,['husband']
husbanding ,['husband']
husbandable ,['husband']
husbandage ,['husbandag']
husbandless ,['husbandless']
husbandly ,['husbandli']
husbandmen ,['husbandmen']
husbandman ,['husbandman']
husbandry ,['husbandri']
hushed ,['hush']
hushing ,['hush']
hush ,['hush']
husher ,['husher']
husk ,['husk']
husked ,['husk']
husking ,['husk']
huskily ,['huskili']
huskiness ,['huski']
husky ,['huski']
huso ,['huso']
hussar ,['hussar']
hussite ,['hussit']
hussy ,['hussi']
hustings ,['hust']
hustled ,['hustl']
hustling ,['hustl']
hustle ,['hustl']
huswife ,['huswif']
huswifely ,['huswif']
huswifery ,['huswiferi']
hut ,['hut']
hutted ,['hut']
hutting ,['hut']
hutch ,['hutch']
hutched ,['hutch']
hutching ,['hutch']
hutchunsonian ,['hutchunsonian']
huttonian ,['huttonian']
huxter ,['huxter']
huyghenian ,['huyghenian']
huzz ,['huzz']
huzza ,['huzza']
huzzaed ,['huzza']
huzzaing ,['huzza']
hy ,['hy']
hyacine ,['hyacin']
hyacinth ,['hyacinth']
hyacinthian ,['hyacinthian']
hyacinthine ,['hyacinthin']
hyades ,['hyad']
hyads ,['hyad']
hyaena ,['hyaena']
hyalea ,['hyalea']
hyalescence ,['hyalesc']
hyaline ,['hyalin']
hyalite ,['hyalit']
hyalograph ,['hyalograph']
hyalography ,['hyalographi']
hyaloid ,['hyaloid']
hyalonema ,['hyalonema']
hyalophane ,['hyalophan']
hyalospongia ,['hyalospongia']
hyalotype ,['hyalotyp']
hybernacle ,['hybernacl']
hybernate ,['hybern']
hybernation ,['hybern']
hyblaean ,['hyblaean']
hybodont ,['hybodont']
hybodus ,['hybodu']
hybrid ,['hybrid']
hybridism ,['hybrid']
hybridist ,['hybridist']
hybridity ,['hybrid']
hybridizable ,['hybridiz']
hybridization ,['hybrid']
hybridized ,['hybrid']
hybridizing ,['hybrid']
hybridize ,['hybrid']
hybridizer ,['hybrid']
hybridous ,['hybrid']
hydage ,['hydag']
hydantoic ,['hydanto']
hydantoin ,['hydantoin']
hydatid ,['hydatid']
hydatiform ,['hydatiform']
hydatoid ,['hydatoid']
hydr- ,['hydr']
hydras ,['hydra']
hydrae ,['hydra']
hydra ,['hydra']
hydrachnid ,['hydrachnid']
hydracid ,['hydracid']
hydracrylic ,['hydracryl']
hydractinian ,['hydractinian']
hydraemia ,['hydraemia']
hydragogue ,['hydragogu']
hydramide ,['hydramid']
hydramine ,['hydramin']
hydrangea ,['hydrangea']
hydrant ,['hydrant']
hydranth ,['hydranth']
hydrargochloride ,['hydrargochlorid']
hydrargyrate ,['hydrargyr']
hydrargyrism ,['hydrargyr']
hydrargyrum ,['hydrargyrum']
hydrarthrosis ,['hydrarthrosi']
hydrastine ,['hydrastin']
hydra-tainted ,"['hydra', 'taint']"
hydrate ,['hydrat']
hydrated ,['hydrat']
hydrating ,['hydrat']
hydration ,['hydrat']
hydraulic ,['hydraul']
hydraulical ,['hydraul']
hydraulicon ,['hydraulicon']
hydraulics ,['hydraul']
hydrazine ,['hydrazin']
hydrencephsloid ,['hydrencephsloid']
hydria ,['hydria']
hydriad ,['hydriad']
hydric ,['hydric']
hydride ,['hydrid']
hydriform ,['hydriform']
hydrina ,['hydrina']
hydriodate ,['hydriod']
hydriodic ,['hydriod']
hydriodide ,['hydriodid']
hydro- ,['hydro']
hydrobarometer ,['hydrobaromet']
hydrobilirubin ,['hydrobilirubin']
hydrobranchiata ,['hydrobranchiata']
hydrobromate ,['hydrobrom']
hydrobromic ,['hydrobrom']
hydrobromide ,['hydrobromid']
hydrocarbon ,['hydrocarbon']
hydrocarbonaceous ,['hydrocarbonac']
hydrocarbonate ,['hydrocarbon']
hydrocarbostyril ,['hydrocarbostyril']
hydrocarburet ,['hydrocarburet']
hydrocauli ,['hydrocauli']
hydrocaulus ,['hydrocaulu']
hydrocele ,['hydrocel']
hydrocephalic ,['hydrocephal']
hydrocephaloid ,['hydrocephaloid']
hydrocephalous ,['hydrocephal']
hydrocephalus ,['hydrocephalu']
hydrochlorate ,['hydrochlor']
hydrochloric ,['hydrochlor']
hydrochloride ,['hydrochlorid']
hydrocorallia ,['hydrocorallia']
hydrocyanate ,['hydrocyan']
hydrocyanic ,['hydrocyan']
hydrocyanide ,['hydrocyanid']
hydrodynamic ,['hydrodynam']
hydrodynamical ,['hydrodynam']
hydrodynamics ,['hydrodynam']
hydrodynamometer ,['hydrodynamomet']
hydro-electric ,"['hydro', 'electr']"
hydro-extractor ,"['hydro', 'extractor']"
hydroferricyanic ,['hydroferricyan']
hydroferrocyanic ,['hydroferrocyan']
hydrofluate ,['hydroflu']
hydrofluoric ,['hydrofluor']
hydrofluosilicate ,['hydrofluosil']
hydrofluosilicic ,['hydrofluosilic']
hydrogalvanic ,['hydrogalvan']
hydrogen ,['hydrogen']
hydrogenated ,['hydrogen']
hydrogenating ,['hydrogen']
hydrogenate ,['hydrogen']
hydrogenation ,['hydrogen']
hydrogenide ,['hydrogenid']
hydrogenium ,['hydrogenium']
hydrogenized ,['hydrogen']
hydrogenizing ,['hydrogen']
hydrogenize ,['hydrogen']
hydrogenous ,['hydrogen']
hydrognosy ,['hydrognosi']
hydrogode ,['hydrogod']
hydrographer ,['hydrograph']
hydrographic ,['hydrograph']
hydrographical ,['hydrograph']
hydrography ,['hydrographi']
hydroguret ,['hydroguret']
hydroid ,['hydroid']
hydroidea ,['hydroidea']
hydrokinetic ,['hydrokinet']
hydrological ,['hydrolog']
hydrologist ,['hydrologist']
hydrology ,['hydrolog']
hydrolytic ,['hydrolyt']
hydromagnesite ,['hydromagnesit']
hydromancy ,['hydrom']
hydromantic ,['hydromant']
hydromechanics ,['hydromechan']
hydromedusae ,['hydromedusa']
hydromedusa ,['hydromedusa']
hydromel ,['hydromel']
hydromellonic ,['hydromellon']
hydrometallurgical ,['hydrometallurg']
hydrometallurgy ,['hydrometallurgi']
hydrometeor ,['hydrometeor']
hydrometeorological ,['hydrometeorolog']
hydrometeorology ,['hydrometeorolog']
hydrometer ,['hydromet']
hydrometric ,['hydrometr']
hydrometrical ,['hydrometr']
hydrometrograph ,['hydrometrograph']
hydrometry ,['hydrometri']
hydromica ,['hydromica']
hydronephrosis ,['hydronephrosi']
hydropath ,['hydropath']
hydropathic ,['hydropath']
hydropathical ,['hydropath']
hydropathist ,['hydropathist']
hydropathy ,['hydropathi']
hydroperitoneum ,['hydroperitoneum']
hydrophane ,['hydrophan']
hydrophanous ,['hydrophan']
hydrophid ,['hydrophid']
hydrophlorone ,['hydrophloron']
hydrophobia ,['hydrophobia']
hydrophobic ,['hydrophob']
hydrophoby ,['hydrophobi']
hydrophora ,['hydrophora']
hydrophore ,['hydrophor']
hydrophyllia ,['hydrophyllia']
hydrophylliums ,['hydrophyllium']
hydrophyllium ,['hydrophyllium']
hydrophyte ,['hydrophyt']
hydrophytology ,['hydrophytolog']
hydropic ,['hydrop']
hydropical ,['hydrop']
hydropically ,['hydrop']
hydropiper ,['hydropip']
hydropneumatic ,['hydropneumat']
hydropsy ,['hydropsi']
hydropult ,['hydropult']
hydroquinone ,['hydroquinon']
hydrorhizae ,['hydrorhiza']
hydrorhizas ,['hydrorhiza']
hydrorhiza ,['hydrorhiza']
hydrosalt ,['hydrosalt']
hydroscope ,['hydroscop']
hydrosome ,['hydrosom']
hydrosoma ,['hydrosoma']
hydrosorbic ,['hydrosorb']
hydrostat ,['hydrostat']
hydrostatic ,['hydrostat']
hydrostatical ,['hydrostat']
hydrostatically ,['hydrostat']
hydrostatician ,['hydrostatician']
hydrostatics ,['hydrostat']
hydrosulphate ,['hydrosulph']
hydrosulphide ,['hydrosulphid']
hydrosulphite ,['hydrosulphit']
hydrosulphuret ,['hydrosulphuret']
hydrosulphureted ,['hydrosulphuret']
hydrosulphuric ,['hydrosulphur']
hydrosulphurous ,['hydrosulphur']
hydrotellurate ,['hydrotellur']
hydrotelluric ,['hydrotellur']
hydrothecae ,['hydrotheca']
hydrothecas ,['hydrotheca']
hydrotheca ,['hydrotheca']
hydrotherapy ,['hydrotherapi']
hydrothermal ,['hydrotherm']
hydrothorax ,['hydrothorax']
hydrotic ,['hydrot']
hydrotical ,['hydrot']
hydrotrope ,['hydrotrop']
hydrotropic ,['hydrotrop']
hydrotropism ,['hydrotrop']
hydrous ,['hydrou']
hydroxanthane ,['hydroxanthan']
hydroxanthic ,['hydroxanth']
hydroxide ,['hydroxid']
hydroxy- ,['hydroxi']
hydroxyl ,['hydroxyl']
hydroxylamine ,['hydroxylamin']
hydrozoa ,['hydrozoa']
hydrozoal ,['hydrozo']
hydrozoons ,['hydrozoon']
hydrozoon ,['hydrozoon']
hydruret ,['hydruret']
hydrus ,['hydru']
hye ,['hye']
hyemal ,['hyemal']
hyemate ,['hyemat']
hyemation ,['hyemat']
hyen ,['hyen']
hyenas ,['hyena']
hyena ,['hyena']
hyetal ,['hyetal']
hyetograph ,['hyetograph']
hyetographic ,['hyetograph']
hyetography ,['hyetographi']
hygeia ,['hygeia']
hygeian ,['hygeian']
hygeist ,['hygeist']
hygieist ,['hygieist']
hygiene ,['hygien']
hygienic ,['hygien']
hygienics ,['hygien']
hygienism ,['hygien']
hygienist ,['hygienist']
hygiology ,['hygiolog']
hygrine ,['hygrin']
hygrodeik ,['hygrodeik']
hygrograph ,['hygrograph']
hygrology ,['hygrolog']
hygrometer ,['hygromet']
hygrometric ,['hygrometr']
hygrometrical ,['hygrometr']
hygrometry ,['hygrometri']
hygrophanous ,['hygrophan']
hygrophthalmic ,['hygrophthalm']
hygroplasm ,['hygroplasm']
hygroscope ,['hygroscop']
hygroscopic ,['hygroscop']
hygroscopicity ,['hygroscop']
hygrostatics ,['hygrostat']
hyke ,['hyke']
hylaeosaur ,['hylaeosaur']
hylaeosaurus ,['hylaeosauru']
hylarchical ,['hylarch']
hyleosaur ,['hyleosaur']
hylic ,['hylic']
hylicist ,['hylicist']
hylism ,['hylism']
hylobate ,['hylob']
hylodes ,['hylod']
hyloism ,['hyloism']
hyloist ,['hyloist']
hylopathism ,['hylopath']
hylopathist ,['hylopathist']
hylophagous ,['hylophag']
hylotheism ,['hyloth']
hylotheist ,['hylotheist']
hylozoic ,['hylozo']
hylozoism ,['hylozo']
hylozoist ,['hylozoist']
hymar ,['hymar']
hymen ,['hymen']
hymeneal ,['hymen']
hymenean ,['hymenean']
hymenia ,['hymenia']
hymeniums ,['hymenium']
hymenium ,['hymenium']
hymenogeny ,['hymenogeni']
hymenomycetes ,['hymenomycet']
hymenophore ,['hymenophor']
hymenopter ,['hymenopt']
hymenoptera ,['hymenoptera']
hymenopteral ,['hymenopter']
hymenopterous ,['hymenopter']
hymenopteran ,['hymenopteran']
hymn ,['hymn']
hymned ,['hymn']
hymning ,['hymn']
hymnal ,['hymnal']
hymnic ,['hymnic']
hymnist ,['hymnist']
hymnody ,['hymnodi']
hymnographer ,['hymnograph']
hymnography ,['hymnographi']
hymnologist ,['hymnologist']
hymnology ,['hymnolog']
hympne ,['hympn']
hyndreste ,['hyndrest']
hyne ,['hyne']
hyo- ,['hyo']
hyoganoidei ,['hyoganoidei']
hyoglossal ,['hyogloss']
hyoglossus ,['hyoglossu']
hyoid ,['hyoid']
hyoideal ,['hyoideal']
hyoidean ,['hyoidean']
hyomandibular ,['hyomandibular']
hyomental ,['hyoment']
hyopastron ,['hyopastron']
hyoscine ,['hyoscin']
hyoscyamine ,['hyoscyamin']
hyoscyamus ,['hyoscyamu']
hyosternal ,['hyostern']
hyosternum ,['hyosternum']
hyostylic ,['hyostyl']
hyp ,['hyp']
hypaethral ,['hypaethr']
hypethral ,['hypethr']
hypallage ,['hypallag']
hypanthia ,['hypanthia']
hypanthiums ,['hypanthium']
hypanthium ,['hypanthium']
hypapophyles ,['hypapophyl']
hypapophysis ,['hypapophysi']
hyparterial ,['hyparteri']
hypaspist ,['hypaspist']
hypaxial ,['hypaxi']
hyper- ,['hyper']
hyperaemia ,['hyperaemia']
hyperaesthesia ,['hyperaesthesia']
hyperapophyses ,['hyperapophys']
hyperapophysis ,['hyperapophysi']
hyperaspist ,['hyperaspist']
hyperbatic ,['hyperbat']
hyperbaton ,['hyperbaton']
hyperbola ,['hyperbola']
hyperbole ,['hyperbol']
hyperbolic ,['hyperbol']
hyperbolical ,['hyperbol']
hyperbolically ,['hyperbol']
hyperboliform ,['hyperboliform']
hyperbolism ,['hyperbol']
hyperbolist ,['hyperbolist']
hyperbolized ,['hyperbol']
hyperbolizing ,['hyperbol']
hyperbolize ,['hyperbol']
hyperboloid ,['hyperboloid']
hyperborean ,['hyperborean']
hypercarbureted ,['hypercarburet']
hypercatalectic ,['hypercatalect']
hyperchloric ,['hyperchlor']
hyperchromatism ,['hyperchromat']
hypercritic ,['hypercrit']
hypercritical ,['hypercrit']
hypercritically ,['hypercrit']
hypercriticise ,['hypercriticis']
hypercriticism ,['hypercritic']
hyperdicrotic ,['hyperdicrot']
hyperdicrotism ,['hyperdicrot']
hyperdicrotous ,['hyperdicrot']
hyperdulia ,['hyperdulia']
hyperduly ,['hyperduli']
hyperesthesia ,['hyperesthesia']
hypericum ,['hypericum']
hyperinosis ,['hyperinosi']
hyperion ,['hyperion']
hyperkinesis ,['hyperkinesi']
hyperkinetic ,['hyperkinet']
hypermetamorphosis ,['hypermetamorphosi']
hypermeter ,['hypermet']
hypermetrical ,['hypermetr']
hypermetropia ,['hypermetropia']
hypermetropy ,['hypermetropi']
hypermyriorama ,['hypermyriorama']
hyperoartia ,['hyperoartia']
hyperopia ,['hyperopia']
hyperorganic ,['hyperorgan']
hyperorthodoxy ,['hyperorthodoxi']
hyperotreta ,['hyperotreta']
hyperoxide ,['hyperoxid']
hyperoxygenated ,['hyperoxygen']
hyperoxygenized ,['hyperoxygen']
hyperoxymuriate ,['hyperoxymuri']
hyperoxymuriatic ,['hyperoxymuriat']
hyperphysical ,['hyperphys']
hyperplasia ,['hyperplasia']
hyperplastic ,['hyperplast']
hypernoea ,['hypernoea']
hyperpyrexia ,['hyperpyrexia']
hypersecretion ,['hypersecret']
hypersensibility ,['hypersens']
hyperspace ,['hyperspac']
hypersthene ,['hypersthen']
hypersthenic ,['hypersthen']
hyperthetical ,['hyperthet']
hyperthyrion ,['hyperthyrion']
hypertrophic ,['hypertroph']
hypertrophical ,['hypertroph']
hypertrophied ,['hypertrophi']
hypertrophy ,['hypertrophi']
hyphae ,['hypha']
hyphen ,['hyphen']
hyphened ,['hyphen']
hyphening ,['hyphen']
hyphenated ,['hyphen']
hyphomycetes ,['hyphomycet']
hypidiomorphic ,['hypidiomorph']
hypinosis ,['hypinosi']
hypnagogic ,['hypnagog']
hypnobate ,['hypnob']
hypnocyst ,['hypnocyst']
hypnogenic ,['hypnogen']
hypnologist ,['hypnologist']
hypnology ,['hypnolog']
hypnosis ,['hypnosi']
hypnotic ,['hypnot']
hypnotism ,['hypnot']
hypnotization ,['hypnot']
hypnotized ,['hypnot']
hypnotizing ,['hypnot']
hypnotize ,['hypnot']
hypnotizer ,['hypnot']
hypnum ,['hypnum']
hypo- ,['hypo']
hypo ,['hypo']
hypoarian ,['hypoarian']
hypoaria ,['hypoaria']
hypoarion ,['hypoarion']
hypoblast ,['hypoblast']
hypoblastic ,['hypoblast']
hypobole ,['hypobol']
hypobranchial ,['hypobranchi']
hypocarp ,['hypocarp']
hypocarpium ,['hypocarpium']
hypocarpogean ,['hypocarpogean']
hypocaust ,['hypocaust']
hypochlorite ,['hypochlorit']
hypochlorous ,['hypochlor']
hypochondres ,['hypochondr']
hypochondria ,['hypochondria']
hypochondriac ,['hypochondriac']
hypochondriacal ,['hypochondriac']
hypochondriacism ,['hypochondriac']
hypochondriasis ,['hypochondriasi']
hypochondriasm ,['hypochondriasm']
hypochondriums ,['hypochondrium']
hypochondrium ,['hypochondrium']
hypochondry ,['hypochondri']
hypocist ,['hypocist']
hypocleida ,['hypocleida']
hypocleidiums ,['hypocleidium']
hypocleidium ,['hypocleidium']
hypocoristic ,['hypocorist']
hypocrateriform ,['hypocrateriform']
hypocraterimorphous ,['hypocraterimorph']
hypocrisies ,['hypocrisi']
hypocrisy ,['hypocrisi']
hypocrite ,['hypocrit']
hypocritely ,['hypocrit']
hypocritic ,['hypocrit']
hypocritical ,['hypocrit']
hypocrystalline ,['hypocrystallin']
hypocycloid ,['hypocycloid']
hypodactylum ,['hypodactylum']
hypoderm ,['hypoderm']
hypoderma ,['hypoderma']
hypodermatic ,['hypodermat']
hypodermic ,['hypoderm']
hypodermis ,['hypodermi']
hypodicrotic ,['hypodicrot']
hypodicrotous ,['hypodicrot']
hypogaeic ,['hypoga']
hypogastric ,['hypogastr']
hypogastrium ,['hypogastrium']
hypogean ,['hypogean']
hypogene ,['hypogen']
hypogeous ,['hypog']
hypogea ,['hypogea']
hypogeum ,['hypogeum']
hypoglossal ,['hypogloss']
hypognatous ,['hypognat']
hypogyn ,['hypogyn']
hypogynous ,['hypogyn']
hypohyal ,['hypohy']
hyponastic ,['hyponast']
hyponasty ,['hyponasti']
hyponitrite ,['hyponitrit']
hyponitrous ,['hyponitr']
hypopharynx ,['hypopharynx']
hypophosphate ,['hypophosph']
hypophosphite ,['hypophosphit']
hypophosphoric ,['hypophosphor']
hypophosphorous ,['hypophosphor']
hypophyllous ,['hypophyl']
hypophysial ,['hypophysi']
hypophysis ,['hypophysi']
hypoplastra ,['hypoplastra']
hypoplastron ,['hypoplastron']
hypoptila ,['hypoptila']
hypoptilums ,['hypoptilum']
hypoptilum ,['hypoptilum']
hyporadii ,['hyporadii']
hyporadius ,['hyporadiu']
hyporhachides ,['hyporhachid']
hyporhachis ,['hyporhachi']
hyposkeletal ,['hyposkelet']
hypospadias ,['hypospadia']
hypostases ,['hypostas']
hypostasis ,['hypostasi']
hypostasize ,['hypostas']
hypostatic ,['hypostat']
hypostatical ,['hypostat']
hypostatically ,['hypostat']
hypostatize ,['hypostat']
hyposterna ,['hyposterna']
hyposternums ,['hyposternum']
hyposternum ,['hyposternum']
hypostome ,['hypostom']
hypostoma ,['hypostoma']
hypostrophe ,['hypostroph']
hypostyle ,['hypostyl']
hyposulphate ,['hyposulph']
hyposulphite ,['hyposulphit']
hyposulphuric ,['hyposulphur']
hyposulphurous ,['hyposulphur']
hypotarsi ,['hypotarsi']
hypotarsus ,['hypotarsu']
hypotenuse ,['hypotenus']
hypothenuse ,['hypothenus']
hypothec ,['hypothec']
hypotheca ,['hypotheca']
hypothecated ,['hypothec']
hypothecating ,['hypothec']
hypothecate ,['hypothec']
hypothecation ,['hypothec']
hypothecator ,['hypothec']
hypothenal ,['hypothen']
hypothenar ,['hypothenar']
hypothenusal ,['hypothenus']
hypotheses ,['hypothes']
hypothesis ,['hypothesi']
hypothetic ,['hypothet']
hypothetical ,['hypothet']
hypothetist ,['hypothetist']
hypotrachelium ,['hypotrachelium']
hypotricha ,['hypotricha']
hypotrochoid ,['hypotrochoid']
hypotyposis ,['hypotyposi']
hypoxanthin ,['hypoxanthin']
hypozoic ,['hypozo']
hyppish ,['hyppish']
hyppogriff ,['hyppogriff']
hypsiloid ,['hypsiloid']
hypsometer ,['hypsomet']
hypsometric ,['hypsometr']
hypsometrical ,['hypsometr']
hypsometry ,['hypsometri']
hypural ,['hypur']
hyracoid ,['hyracoid']
hyracoidea ,['hyracoidea']
hyrax ,['hyrax']
hyrcanian ,['hyrcanian']
hyrcan ,['hyrcan']
hyrse ,['hyrs']
hyrst ,['hyrst']
hyson ,['hyson']
hyssop ,['hyssop']
hysteranthous ,['hysteranth']
hysteresis ,['hysteresi']
hysteria ,['hysteria']
hysteric ,['hyster']
hysterical ,['hyster']
hysterics ,['hyster']
hysteroepilepsy ,['hysteroepilepsi']
hysterogenic ,['hysterogen']
hysterology ,['hysterolog']
hysteron proteron ,"['hysteron', 'proteron']"
hysterophyte ,['hysterophyt']
hysterotomy ,['hysterotomi']
hystricine ,['hystricin']
hystricomorphous ,['hystricomorph']
hystrix ,['hystrix']
hythe ,['hyth']
