word,format
l ,['l']
la ,['la']
laas ,['laa']
lab ,['lab']
labadist ,['labadist']
labarraque''s solution ,"['labarraqu', 'solut']"
labara ,['labara']
labarum ,['labarum']
labdanum ,['labdanum']
labefaction ,['labefact']
labefy ,['labefi']
label ,['label']
labeled ,['label']
labelled ,['label']
labeling ,['label']
labelling ,['label']
labeler ,['label']
labella ,['labella']
labellums ,['labellum']
labellum ,['labellum']
labent ,['labent']
labia ,['labia']
labial ,['labial']
labialism ,['labial']
labialization ,['labial']
labialize ,['labial']
labially ,['labial']
labiate ,['labiat']
labiated ,['labiat']
labiatifloral ,['labiatiflor']
labidometer ,['labidomet']
labile ,['labil']
lability ,['labil']
labimeter ,['labimet']
labiodental ,['labiodent']
labionasal ,['labionas']
labiose ,['labios']
labipalpi ,['labipalpi']
labipalpus ,['labipalpu']
labiums ,['labium']
labium ,['labium']
lablab ,['lablab']
labor ,['labor']
labored ,['labor']
laboring ,['labor']
laborant ,['labor']
laboratories ,['laboratori']
laboratory ,['laboratori']
laboredly ,['laboredli']
laborer ,['labor']
laborious ,['labori']
laborless ,['laborless']
laborous ,['labor']
labor-saving ,"['labor', 'save']"
laborsome ,['laborsom']
labrador ,['labrador']
labradorite ,['labradorit']
labras ,['labra']
labroid ,['labroid']
labrose ,['labros']
labra ,['labra']
labrums ,['labrum']
labrum ,['labrum']
labri ,['labri']
labrus ,['labru']
laburnic ,['laburn']
laburnine ,['laburnin']
laburnum ,['laburnum']
labyrinth ,['labyrinth']
labyrinthal ,['labyrinth']
labyrinthian ,['labyrinthian']
labyrinthibranch ,['labyrinthibranch']
labyrinthic ,['labyrinth']
labyrinthical ,['labyrinth']
labyrinthici ,['labyrinthici']
labyrinthiform ,['labyrinthiform']
labyrinthine ,['labyrinthin']
labyrinthodon ,['labyrinthodon']
labyrinthodont ,['labyrinthodont']
labyrinthodonta ,['labyrinthodonta']
lac ,['lac']
lakh ,['lakh']
laccic ,['laccic']
laccin ,['laccin']
laccolite ,['laccolit']
laccolith ,['laccolith']
lace ,['lace']
laced ,['lace']
lacing ,['lace']
lace-bark ,"['lace', 'bark']"
lacedaemonian ,['lacedaemonian']
lacemen ,['lacemen']
laceman ,['laceman']
lacerable ,['lacer']
lacerated ,['lacer']
lacerating ,['lacer']
lacerate ,['lacer']
laceration ,['lacer']
lacerative ,['lacer']
lacert ,['lacert']
lacerta ,['lacerta']
lacertian ,['lacertian']
lacertilia ,['lacertilia']
lacertilian ,['lacertilian']
lacertiloid ,['lacertiloid']
lacertine ,['lacertin']
lacerti ,['lacerti']
lacertus ,['lacertu']
lacewing ,['lacew']
lace-winged ,"['lace', 'wing']"
laches ,['lach']
lache ,['lach']
lachrymable ,['lachrym']
lachrymae christi ,"['lachryma', 'christi']"
lachrymal ,['lachrym']
lacrymal ,['lacrym']
lachrymary ,['lachrymari']
lachrymate ,['lachrym']
lachrymation ,['lachrym']
ries ,['rie']
"""""""""""""""""""""""""""""""lachrymatory """"""""""""""",['lachrymatori']
lachrymiform ,['lachrymiform']
lachrymose ,['lachrymos']
laciniae ,['lacinia']
lacinia ,['lacinia']
laciniate ,['lacini']
laciniated ,['lacini']
laciniolate ,['laciniol']
lacinulae ,['lacinula']
lacinulas ,['lacinula']
lacinula ,['lacinula']
lack ,['lack']
lacked ,['lack']
lacking ,['lack']
lackadaisical ,['lackadais']
lackadaisy ,['lackadaisi']
lackaday ,['lackaday']
lackbrain ,['lackbrain']
lacker ,['lacker']
lackeys ,['lackey']
lackey ,['lackey']
lackeyed ,['lackey']
lackeying ,['lackey']
lackluster ,['lacklust']
lacklustre ,['lacklustr']
lacmus ,['lacmu']
laconian ,['laconian']
laconic ,['lacon']
laconical ,['lacon']
laconically ,['lacon']
laconicism ,['laconic']
laconism ,['lacon']
laconized ,['lacon']
laconizing ,['lacon']
laconize ,['lacon']
lacquer ,['lacquer']
lacquered ,['lacquer']
lacquering ,['lacquer']
lacquerer ,['lacquer']
lacrimoso ,['lacrimoso']
lacrosse ,['lacross']
lacrymary ,['lacrymari']
lacrytory ,['lacrytori']
lacrymose ,['lacrymos']
lactage ,['lactag']
lactam ,['lactam']
lactamic ,['lactam']
lactamide ,['lactamid']
lactant ,['lactant']
lactarene ,['lactaren']
lactary ,['lactari']
lactate ,['lactat']
lactation ,['lactat']
lacteal ,['lacteal']
lacteally ,['lacteal']
lactean ,['lactean']
lacteous ,['lacteou']
lacteously ,['lacteous']
lactescence ,['lactesc']
lactescent ,['lactesc']
lactic ,['lactic']
lactide ,['lactid']
lactiferous ,['lactifer']
lactific ,['lactif']
lactifical ,['lactif']
lactifuge ,['lactifug']
lactim ,['lactim']
lactimide ,['lactimid']
lactin ,['lactin']
lactoabumin ,['lactoabumin']
lactobutyrometer ,['lactobutyromet']
lactodensimeter ,['lactodensimet']
lactometer ,['lactomet']
lactone ,['lacton']
lactonic ,['lacton']
lactoprotein ,['lactoprotein']
lactory ,['lactori']
lactoscope ,['lactoscop']
lactose ,['lactos']
lactuca ,['lactuca']
lactucarium ,['lactucarium']
lactucic ,['lactuc']
lactucin ,['lactucin']
lactucone ,['lactucon']
lacturamic ,['lacturam']
lactyl ,['lactyl']
lacunae ,['lacuna']
lacunas ,['lacuna']
lacuna ,['lacuna']
lacunal ,['lacun']
lacunar ,['lacunar']
lacunars ,['lacunar']
lacunaria ,['lacunaria']
lacune ,['lacun']
lacunose ,['lacunos']
lacunous ,['lacun']
lacustral ,['lacustr']
lacustrine ,['lacustrin']
lacwork ,['lacwork']
lad ,['lad']
ladanum ,['ladanum']
ladde ,['ladd']
ladder ,['ladder']
laddie ,['laddi']
laded ,['lade']
lading ,['lade']
lade ,['lade']
lademan ,['lademan']
laden ,['laden']
ladied ,['ladi']
ladies'' eardrops ,"['ladi', 'eardrop']"
ladify ,['ladifi']
ladin ,['ladin']
ladinos ,['ladino']
ladino ,['ladino']
ladkin ,['ladkin']
ladle ,['ladl']
ladled ,['ladl']
ladling ,['ladl']
ladlefuls ,['ladl']
ladleful ,['ladl']
ladrone ,['ladron']
ladies ,['ladi']
lady ,['ladi']
ladybird ,['ladybird']
ladybug ,['ladybug']
ladyclock ,['ladyclock']
ladyfish ,['ladyfish']
ladyhood ,['ladyhood']
lady-killer ,"['ladi', 'killer']"
lady-killing ,"['ladi', 'kill']"
ladykin ,['ladykin']
ladylike ,['ladylik']
ladylikeness ,['ladylik']
ladylove ,['ladylov']
lady''s bedstraw ,"['ladi', 'bedstraw']"
lady''s bower ,"['ladi', 'bower']"
lady''s comb ,"['ladi', 'comb']"
lady''s cushion ,"['ladi', 'cushion']"
lady''s finger ,"['ladi', 'finger']"
lady''s garters ,"['ladi', 'garter']"
lady''s hair ,"['ladi', 'hair']"
ladyship ,['ladyship']
lady''s laces ,"['ladi', 'lace']"
lady''s looking-glass ,"['ladi', 'look', 'glass']"
lady''s mantle ,"['ladi', 'mantl']"
lady''s seal ,"['ladi', 'seal']"
lady''s slipper ,"['ladi', 'slipper']"
lady''s smock ,"['ladi', 'smock']"
lady''s thimble ,"['ladi', 'thimbl']"
lady''s thumb ,"['ladi', 'thumb']"
lady''s traces ,"['ladi', 'trace']"
ladies'' tresses ,"['ladi', 'tress']"
laelaps ,['laelap']
laemmergeyer ,['laemmergey']
laemodipod ,['laemodipod']
laemodipoda ,['laemodipoda']
laemodipodous ,['laemodipod']
laetere sunday ,"['laeter', 'sunday']"
laevigate ,['laevig']
laevo- ,['laevo']
laevorotatory ,['laevorotatori']
laevulose ,['laevulos']
lafayette ,['lafayett']
laft ,['laft']
lafte ,['laft']
lag ,['lag']
lagged ,['lag']
lagging ,['lag']
lagan ,['lagan']
lagarto ,['lagarto']
lagenae ,['lagena']
lagenas ,['lagena']
lagena ,['lagena']
lagenian ,['lagenian']
lageniform ,['lageniform']
lager ,['lager']
lager beer ,"['lager', 'beer']"
lager wine ,"['lager', 'wine']"
laggard ,['laggard']
lagger ,['lagger']
laggingly ,['laggingli']
lagly ,['lagli']
lagomorph ,['lagomorph']
lagemorpha ,['lagemorpha']
lagoon ,['lagoon']
lagophthalmia ,['lagophthalmia']
lagophthalmos ,['lagophthalmo']
lagopous ,['lagop']
lagune ,['lagun']
laic ,['laic']
laical ,['laical']
laicality ,['laical']
laically ,['laical']
laid ,['laid']
laidly ,['laidli']
lain ,['lain']
lainere ,['lainer']
lair ,['lair']
laird ,['laird']
lairdship ,['lairdship']
laism ,['laism']
laissez faire ,"['laissez', 'fair']"
laity ,['laiti']
lakao ,['lakao']
lake ,['lake']
lake-dweller ,"['lake', 'dweller']"
lakelet ,['lakelet']
lakeweed ,['lakewe']
lakin ,['lakin']
lakke ,['lakk']
laky ,['laki']
lallation ,['lallat']
lalo ,['lalo']
lammed ,['lam']
lamming ,['lam']
lam ,['lam']
lama ,['lama']
lamaic ,['lamaic']
lamaism ,['lamaism']
lamaist ,['lamaist']
lamaite ,['lamait']
lamaistic ,['lamaist']
lamantin ,['lamantin']
lamarckian ,['lamarckian']
lamarckianism ,['lamarckian']
lamarckism ,['lamarck']
lamasery ,['lamaseri']
lamb ,['lamb']
lambed ,['lamb']
lambing ,['lamb']
lambale ,['lambal']
lambaste ,['lambast']
lambative ,['lamb']
lambda ,['lambda']
lambdacism ,['lambdac']
lambdoid ,['lambdoid']
lambdoidal ,['lambdoid']
lambent ,['lambent']
lambert pine ,"['lambert', 'pine']"
lambkin ,['lambkin']
lamblike ,['lamblik']
lamboys ,['lamboy']
lambrequin ,['lambrequin']
lambskin ,['lambskin']
lambskinnet ,['lambskinnet']
lamb''s-quarters ,"['lamb', 'quarter']"
lamdoidal ,['lamdoid']
lame ,['lame']
lamed ,['lame']
laming ,['lame']
lamel ,['lamel']
lamellae ,['lamella']
lamellas ,['lamella']
lamella ,['lamella']
lamellar ,['lamellar']
lamellarly ,['lamellarli']
lamellary ,['lamellari']
lamellate ,['lamel']
lamellated ,['lamel']
lamellibranch ,['lamellibranch']
lamellibranchia ,['lamellibranchia']
lamellibranchiata ,['lamellibranchiata']
lamellibranchiate ,['lamellibranchi']
lamellicorn ,['lamellicorn']
lamellicornia ,['lamellicornia']
lamelliferous ,['lamellifer']
lamelliform ,['lamelliform']
lamellirostral ,['lamellirostr']
lamellirostres ,['lamellirostr']
lamellose ,['lamellos']
lamely ,['lame']
lameness ,['lame']
lament ,['lament']
lamented ,['lament']
lamenting ,['lament']
lamentable ,['lament']
lamentation ,['lament']
lamenter ,['lament']
lamentin ,['lamentin']
lamentingly ,['lamentingli']
lames ,['lame']
lametta ,['lametta']
lamia ,['lamia']
laminae ,['lamina']
laminas ,['lamina']
lamina ,['lamina']
laminability ,['lamin']
laminable ,['lamin']
laminar ,['laminar']
laminal ,['lamin']
laminaria ,['laminaria']
laminarian ,['laminarian']
laminarite ,['laminarit']
laminary ,['laminari']
laminate ,['lamin']
laminated ,['lamin']
laminating ,['lamin']
lamination ,['lamin']
laminiferous ,['laminifer']
laminiplantar ,['laminiplantar']
laminitis ,['lamin']
lamish ,['lamish']
lamm ,['lamm']
lammas ,['lamma']
lammergeir ,['lammergeir']
lammergeier ,['lammergei']
lamnunguia ,['lamnunguia']
lamp ,['lamp']
lampad ,['lampad']
lampadist ,['lampadist']
lampadrome ,['lampadrom']
lampas ,['lampa']
lampate ,['lampat']
lampblack ,['lampblack']
lamper eel ,"['lamper', 'eel']"
lampern ,['lampern']
lampers ,['lamper']
lampic ,['lampic']
lamping ,['lamp']
lampless ,['lampless']
lamplight ,['lamplight']
lamplighter ,['lamplight']
lampoon ,['lampoon']
lampooned ,['lampoon']
lampooning ,['lampoon']
lampooner ,['lampoon']
lampoonry ,['lampoonri']
lamp-post ,"['lamp', 'post']"
lamprel ,['lamprel']
lampreys ,['lamprey']
lamprey ,['lamprey']
lampron ,['lampron']
lampyrine ,['lampyrin']
lampyris ,['lampyri']
lanarkite ,['lanarkit']
lanary ,['lanari']
lanate ,['lanat']
lanated ,['lanat']
lacashire boiler ,"['lacashir', 'boiler']"
lacasterian ,['lacasterian']
lance ,['lanc']
lanced ,['lanc']
lancing ,['lanc']
lance fish ,"['lanc', 'fish']"
lancegay ,['lancegay']
lancegaye ,['lancegay']
lancelet ,['lancelet']
lancely ,['lanc']
lanceolar ,['lanceolar']
lanceolate ,['lanceol']
lanceolated ,['lanceol']
lancepesade ,['lancepesad']
lancer ,['lancer']
lancet ,['lancet']
lancewood ,['lancewood']
lanched ,['lanch']
lanching ,['lanch']
lanch ,['lanch']
lanciferous ,['lancifer']
lanciform ,['lanciform']
lancinated ,['lancin']
lancinating ,['lancin']
lanciname ,['lancinam']
lancination ,['lancin']
land ,['land']
landed ,['land']
landing ,['land']
landamman ,['landamman']
landau ,['landau']
landaulet ,['landaulet']
lander ,['lander']
landfall ,['landfal']
landflood ,['landflood']
landgrave ,['landgrav']
landgraviate ,['landgravi']
landgravine ,['landgravin']
landholder ,['landhold']
landladies ,['landladi']
landlady ,['landladi']
landleaper ,['landleap']
landless ,['landless']
landlock ,['landlock']
landlocked ,['landlock']
landloper ,['landlop']
landlord ,['landlord']
landlordism ,['landlord']
landlordry ,['landlordri']
landlouper ,['landloup']
landlouping ,['landloup']
landlubber ,['landlubb']
landmen ,['landmen']
landman ,['landman']
landmark ,['landmark']
landowner ,['landown']
landowning ,['landown']
land-poor ,"['land', 'poor']"
landreeve ,['landreev']
landscape ,['landscap']
landscapist ,['landscapist']
landskip ,['landskip']
landslip ,['landslip']
landslide ,['landslid']
landsmen ,['landsmen']
landsman ,['landsman']
landstreight ,['landstreight']
landsturm ,['landsturm']
landtag ,['landtag']
landwaiter ,['landwait']
landward ,['landward']
landwehr ,['landwehr']
lane ,['lane']
lang ,['lang']
langaha ,['langaha']
langarey ,['langarey']
langate ,['langat']
langdak ,['langdak']
langrage ,['langrag']
langrel ,['langrel']
langret ,['langret']
langridge ,['langridg']
langsyne ,['langsyn']
langteraloo ,['langteraloo']
language ,['languag']
languaged ,['languag']
languaging ,['languag']
languageless ,['languageless']
langued ,['langu']
langue d''oc ,"['langu', 'oc']"
langue d''oil ,"['langu', 'oil']"
languente ,['languent']
languet ,['languet']
languid ,['languid']
languished ,['languish']
languishing ,['languish']
languish ,['languish']
languisher ,['languish']
languishingly ,['languishingli']
languishment ,['languish']
languishness ,['languish']
languor ,['languor']
languorous ,['languor']
langure ,['langur']
langya ,['langya']
laniard ,['laniard']
laniariform ,['laniariform']
laniary ,['laniari']
laniate ,['laniat']
laniation ,['laniat']
lanier ,['lanier']
laniferous ,['lanifer']
lanifical ,['lanif']
lanifice ,['lanific']
lanigerous ,['laniger']
lanioid ,['lanioid']
lank ,['lank']
lankiness ,['lanki']
lankly ,['lankli']
lankness ,['lank']
lanky ,['lanki']
lanner ,['lanner']
lanneret ,['lanneret']
lanolin ,['lanolin']
lanseh ,['lanseh']
lansquenet ,['lansquenet']
lant ,['lant']
lantanium ,['lantanium']
lantanum ,['lantanum']
lantanuric ,['lantanur']
lanterloo ,['lanterloo']
lantern ,['lantern']
lanterned ,['lantern']
lanterning ,['lantern']
lantern-jawed ,"['lantern', 'jaw']"
lanthanite ,['lanthanit']
lanthanum ,['lanthanum']
lanthopine ,['lanthopin']
lanthorn ,['lanthorn']
lanuginose ,['lanuginos']
lanuginous ,['lanugin']
lanugo ,['lanugo']
lanyard ,['lanyard']
lanyer ,['lanyer']
laocoon ,['laocoon']
laodicean ,['laodicean']
lap ,['lap']
lapped ,['lap']
lapping ,['lap']
laparocele ,['laparocel']
laparotomy ,['laparotomi']
lapboard ,['lapboard']
lapdog ,['lapdog']
lapel ,['lapel']
lapelled ,['lapel']
lapfuls ,['lap']
lapful ,['lap']
lapicide ,['lapicid']
lapidarian ,['lapidarian']
lapidarious ,['lapidari']
lapidaries ,['lapidari']
lapidary ,['lapidari']
lapidate ,['lapid']
lapidation ,['lapid']
lapideous ,['lapid']
lapidescence ,['lapidesc']
lapidescent ,['lapidesc']
lapidific ,['lapidif']
lapidifical ,['lapidif']
lapidification ,['lapidif']
lapidified ,['lapidifi']
lapidifying ,['lapidifi']
lapidify ,['lapidifi']
lapidist ,['lapidist']
lapillation ,['lapil']
lapilli ,['lapilli']
lapides ,['lapid']
lapis ,['lapi']
lapis lazuli ,"['lapi', 'lazuli']"
lap-jointed ,"['lap', 'joint']"
laplander ,['lapland']
laplandish ,['laplandish']
lapling ,['lapl']
lapp ,['lapp']
lappaceous ,['lappac']
lapper ,['lapper']
lappet ,['lappet']
lappeted ,['lappet']
lappeting ,['lappet']
lappic ,['lappic']
lappish ,['lappish']
lapponian ,['lapponian']
lapponic ,['lappon']
lapps ,['lapp']
lapsable ,['lapsabl']
lapse ,['laps']
lapsed ,['laps']
lapsing ,['laps']
lapsible ,['lapsibl']
lapsided ,['lapsid']
lapstone ,['lapston']
lapstreak ,['lapstreak']
lapstrake ,['lapstrak']
laputan ,['laputan']
lap-welded ,"['lap', 'weld']"
lapwing ,['lapw']
lapwork ,['lapwork']
laguay ,['laguay']
laquearia ,['laquearia']
laquear ,['laquear']
laqueary ,['laqueari']
lares ,['lare']
lars ,['lar']
lar ,['lar']
laramie group ,"['larami', 'group']"
larboard ,['larboard']
larcener ,['larcen']
larcenist ,['larcenist']
larcenous ,['larcen']
larcenies ,['larceni']
larceny ,['larceni']
larch ,['larch']
larchen ,['larchen']
lard ,['lard']
larded ,['lard']
larding ,['lard']
lardacein ,['lardacein']
lardaceous ,['lardac']
larder ,['larder']
larderer ,['larder']
lardery ,['larderi']
lardon ,['lardon']
lardoon ,['lardoon']
lardry ,['lardri']
lardy ,['lardi']
lare ,['lare']
large ,['larg']
large-acred ,"['larg', 'acr']"
large-handed ,"['larg', 'hand']"
large-hearted ,"['larg', 'heart']"
largely ,['larg']
largeness ,['larg']
largess ,['largess']
largesse ,['largess']
larget ,['larget']
larghetto ,['larghetto']
largifical ,['largif']
largifluous ,['largiflu']
largiloquent ,['largiloqu']
largish ,['largish']
largition ,['largit']
largo ,['largo']
lariat ,['lariat']
lariated ,['lariat']
lariating ,['lariat']
larine ,['larin']
larixinic ,['larixin']
lark ,['lark']
larked ,['lark']
larking ,['lark']
lark-colored ,"['lark', 'color']"
larker ,['larker']
lark''s-heel ,"['lark', 'heel']"
larkspur ,['larkspur']
larmier ,['larmier']
laroid ,['laroid']
larruped ,['larrup']
larruping ,['larrup']
larrup ,['larrup']
larry ,['larri']
larum ,['larum']
larvae ,['larva']
larvas ,['larva']
larva ,['larva']
larval ,['larval']
larvalia ,['larvalia']
larvated ,['larvat']
larves ,['larv']
larve ,['larv']
larviform ,['larviform']
larviparous ,['larvipar']
lary ,['lari']
laryngeal ,['laryng']
laryngean ,['laryngean']
larypgismus ,['larypgismu']
laryngitis ,['laryng']
laryngological ,['laryngolog']
laryngologist ,['laryngologist']
laryngology ,['laryngolog']
laryngophony ,['laryngophoni']
larungoscope ,['larungoscop']
laryngoscopic ,['laryngoscop']
laryngoscopist ,['laryngoscopist']
laryngoscopy ,['laryngoscopi']
laryngotome ,['laryngotom']
laryngotomy ,['laryngotomi']
laryngotracheal ,['laryngotrach']
laryngotracheotomy ,['laryngotracheotomi']
larynx ,['larynx']
las ,['la']
lascar ,['lascar']
lascious ,['lasciou']
lasciviency ,['lascivi']
lascivient ,['lascivi']
lascivious ,['lascivi']
laserwort ,['laserwort']
lash ,['lash']
lashed ,['lash']
lashng ,['lashng']
lasher ,['lasher']
lashing ,['lash']
lask ,['lask']
lasket ,['lasket']
lass ,['lass']
lasse ,['lass']
lassie ,['lassi']
lassitude ,['lassitud']
lasslorn ,['lasslorn']
lassos ,['lasso']
lasso ,['lasso']
lassoed ,['lasso']
lassoing ,['lasso']
last ,['last']
lasted ,['last']
lasting ,['last']
lastage ,['lastag']
laste ,['last']
laster ,['laster']
lastery ,['lasteri']
lastly ,['lastli']
lat ,['lat']
latakia ,['latakia']
latch ,['latch']
latched ,['latch']
latching ,['latch']
latchet ,['latchet']
latchkey ,['latchkey']
latchstring ,['latchstr']
late ,['late']
lated ,['late']
lateen ,['lateen']
lately ,['late']
latence ,['latenc']
latency ,['latenc']
lateness ,['late']
latent ,['latent']
latently ,['latent']
lateres ,['later']
later ,['later']
laterad ,['laterad']
lateral ,['later']
laterality ,['later']
laterally ,['later']
lateran ,['lateran']
latered ,['later']
laterifolious ,['laterifoli']
laterite ,['laterit']
lateritic ,['laterit']
lateritious ,['lateriti']
lates ,['late']
latescence ,['latesc']
latescent ,['latesc']
latewake ,['latewak']
lateward ,['lateward']
latex ,['latex']
laths ,['lath']
lath ,['lath']
lathed ,['lath']
lathing ,['lath']
lathe ,['lath']
lather ,['lather']
lathered ,['lather']
lathering ,['lather']
lathereeve ,['lathereev']
lathreeve ,['lathreev']
lath-shaped ,"['lath', 'shape']"
lathwork ,['lathwork']
lathy ,['lathi']
latian ,['latian']
latibulized ,['latibul']
latibulizing ,['latibul']
latibulize ,['latibul']
latibula ,['latibula']
latibulum ,['latibulum']
laticiferous ,['laticifer']
laticlave ,['laticlav']
laticostate ,['laticost']
latidentate ,['latident']
latifoliate ,['latifoli']
latifolious ,['latifoli']
latimer ,['latim']
latin ,['latin']
latinism ,['latin']
latinist ,['latinist']
latinistic ,['latinist']
latinitaster ,['latinitast']
latinity ,['latin']
latinization ,['latin']
latinized ,['latin']
latinizing ,['latin']
latinize ,['latin']
latinly ,['latinli']
lation ,['lation']
latirostral ,['latirostr']
latirostrous ,['latirostr']
latirostres ,['latirostr']
latish ,['latish']
latisternal ,['latistern']
latitancy ,['latit']
latitant ,['latit']
latitat ,['latitat']
latitation ,['latit']
latitude ,['latitud']
latitudinal ,['latitudin']
latitudinarian ,['latitudinarian']
latitudinarianism ,['latitudinarian']
latitudinous ,['latitudin']
laton ,['laton']
latoun ,['latoun']
latrant ,['latrant']
latrate ,['latrat']
latration ,['latrat']
latreutical ,['latreut']
latria ,['latria']
latrine ,['latrin']
latrociny ,['latrocini']
latten ,['latten']
latter ,['latter']
latter-day saint ,"['latter', 'day', 'saint']"
latterkin ,['latterkin']
latterly ,['latterli']
lattermath ,['lattermath']
lattice ,['lattic']
latticed ,['lattic']
latticing ,['lattic']
latticework ,['latticework']
latus rectum ,"['latu', 'rectum']"
laud ,['laud']
lauded ,['laud']
lauding ,['laud']
laudability ,['laudabl']
laudable ,['laudabl']
laudableness ,['laudabl']
laudably ,['laudabl']
laudanine ,['laudanin']
laudanum ,['laudanum']
laudation ,['laudat']
laudative ,['laud']
laudator ,['laudat']
laudatory ,['laudatori']
lauder ,['lauder']
laughed ,['laugh']
laughing ,['laugh']
laugh ,['laugh']
laughable ,['laughabl']
laugher ,['laugher']
laughingly ,['laughingli']
laughingstock ,['laughingstock']
laughsome ,['laughsom']
laughter ,['laughter']
laughterless ,['laughterless']
laughworthy ,['laughworthi']
laumontite ,['laumontit']
launce ,['launc']
launcegaye ,['launcegay']
launched ,['launch']
launching ,['launch']
launch ,['launch']
laund ,['laund']
launder ,['launder']
laundered ,['launder']
laundering ,['launder']
launderer ,['launder']
laundress ,['laundress']
laundries ,['laundri']
laundry ,['laundri']
laundrymen ,['laundrymen']
laundryman ,['laundryman']
laura ,['laura']
lauraceous ,['laurac']
laurate ,['laurat']
laureate ,['laureat']
laureated ,['laureat']
laureating ,['laureat']
laureateship ,['laureateship']
laureation ,['laureat']
laurel ,['laurel']
laureled ,['laurel']
laurentian ,['laurentian']
laurer ,['laurer']
laurestine ,['laurestin']
lauric ,['lauric']
lauriferous ,['laurifer']
laurin ,['laurin']
laurinol ,['laurinol']
lauriol ,['lauriol']
laurite ,['laurit']
laurone ,['lauron']
laurus ,['lauru']
laus ,['lau']
lava ,['lava']
lavaret ,['lavaret']
lavatic ,['lavat']
lavation ,['lavat']
lavatory ,['lavatori']
lavatories ,['lavatori']
lavature ,['lavatur']
laved ,['lave']
laving ,['lave']
lave ,['lave']
lave-eared ,"['lave', 'ear']"
laveer ,['laveer']
lavement ,['lavement']
lavender ,['lavend']
laver ,['laver']
laverock ,['laverock']
lavic ,['lavic']
lavish ,['lavish']
lavished ,['lavish']
lavishing ,['lavish']
lavisher ,['lavish']
lavishly ,['lavishli']
lavishment ,['lavish']
lavishness ,['lavish']
lav/sium ,"['lav', 'sium']"
lavolt ,['lavolt']
lavolta ,['lavolta']
lavoltateer ,['lavoltat']
lavour ,['lavour']
lavrock ,['lavrock']
law ,['law']
law-abiding ,"['law', 'abid']"
lawbreaker ,['lawbreak']
lawe ,['law']
lawer ,['lawer']
lawful ,['law']
lawgiver ,['lawgiv']
lawgiving ,['lawgiv']
lawing ,['law']
lawless ,['lawless']
lawmaker ,['lawmak']
lammaking ,['lammak']
lawmonger ,['lawmong']
lawn ,['lawn']
lawm ,['lawm']
lawnd ,['lawnd']
lawny ,['lawni']
lawsonia ,['lawsonia']
lawsuit ,['lawsuit']
lawyer ,['lawyer']
lawyerlike ,['lawyerlik']
lawyerly ,['lawyerli']
lax ,['lax']
laxation ,['laxat']
laxative ,['lax']
laxativeness ,['lax']
laxator ,['laxat']
laxity ,['laxiti']
laxly ,['laxli']
laxness ,['lax']
lay ,['lay']
laying ,['lay']
layer ,['layer']
layering ,['layer']
layland ,['layland']
laymen ,['laymen']
layman ,['layman']
layner ,['layner']
layship ,['layship']
laystall ,['laystal']
lazar ,['lazar']
lazaret ,['lazaret']
lazaretto ,['lazaretto']
lazarist ,['lazarist']
lazarite ,['lazarit']
lazarlike ,['lazarlik']
lazarly ,['lazarli']
lazaroni ,['lazaroni']
lazarwort ,['lazarwort']
lazed ,['laze']
lazing ,['laze']
laze ,['laze']
lazily ,['lazili']
laziness ,['lazi']
lazuli ,['lazuli']
lazulite ,['lazulit']
lazy ,['lazi']
lazyback ,['lazyback']
lazybones ,['lazybon']
lazzaroni ,['lazzaroni']
lea ,['lea']
leach ,['leach']
leached ,['leach']
leaching ,['leach']
leachy ,['leachi']
lead ,['lead']
leaded ,['lead']
leading ,['lead']
led ,['led']
leaden ,['leaden']
leader ,['leader']
leadership ,['leadership']
leadhillite ,['leadhillit']
leadmen ,['leadmen']
leadman ,['leadman']
leadsmen ,['leadsmen']
leadsman ,['leadsman']
leadwort ,['leadwort']
leady ,['leadi']
leaves ,['leav']
leaf ,['leaf']
leafed ,['leaf']
leafing ,['leaf']
leafage ,['leafag']
leafcup ,['leafcup']
leafet ,['leafet']
leaf-footed ,"['leaf', 'foot']"
leafiness ,['leafi']
leafless ,['leafless']
leaflet ,['leaflet']
leaf-nosed ,"['leaf', 'nose']"
leafstalk ,['leafstalk']
leafy ,['leafi']
league ,['leagu']
leagued ,['leagu']
leaguing ,['leagu']
leaguer ,['leaguer']
leaguerer ,['leaguer']
leak ,['leak']
leaked ,['leak']
leaking ,['leak']
leakage ,['leakag']
leakiness ,['leaki']
leaky ,['leaki']
leal ,['leal']
leam ,['leam']
leamer ,['leamer']
lean ,['lean']
leaned ,['lean']
leant ,['leant']
leaning ,['lean']
lean-faced ,"['lean', 'face']"
leanly ,['leanli']
leanness ,['lean']
lean-to ,['lean']
lean-witted ,"['lean', 'wit']"
leany ,['leani']
leap ,['leap']
leaped ,['leap']
leapt ,['leapt']
leaping ,['leap']
leaper ,['leaper']
leapfrog ,['leapfrog']
leapful ,['leap']
leapingly ,['leapingli']
leap year ,"['leap', 'year']"
lear ,['lear']
learned ,['learn']
learnt ,['learnt']
learning ,['learn']
learn ,['learn']
learnable ,['learnabl']
learner ,['learner']
leasable ,['leasabl']
lease ,['leas']
leased ,['leas']
leasing ,['leas']
leasehold ,['leasehold']
leaseholder ,['leasehold']
leaser ,['leaser']
leash ,['leash']
leashed ,['leash']
leashing ,['leash']
leasow ,['leasow']
least ,['least']
leastways ,['leastway']
leastwise ,['leastwis']
leasy ,['leasi']
leat ,['leat']
leather ,['leather']
leathered ,['leather']
leathering ,['leather']
leatherback ,['leatherback']
leatheret ,['leatheret']
leatherette ,['leatherett']
leatherhead ,['leatherhead']
leathern ,['leathern']
leatherneck ,['leatherneck']
leatherwood ,['leatherwood']
leathery ,['leatheri']
leaved ,['leav']
leaving ,['leav']
leave ,['leav']
left ,['left']
leaveless ,['leaveless']
leaven ,['leaven']
leavened ,['leaven']
leavening ,['leaven']
leavenous ,['leaven']
leaver ,['leaver']
leave-taking ,"['leav', 'take']"
leaviness ,['leavi']
leavings ,['leav']
leavy ,['leavi']
leban ,['leban']
lebban ,['lebban']
lecama ,['lecama']
lecanomancy ,['lecanom']
lecanoric ,['lecanor']
lecanorin ,['lecanorin']
lech ,['lech']
leche ,['lech']
lecher ,['lecher']
lechered ,['lecher']
lechering ,['lecher']
lecherer ,['lecher']
lecherous ,['lecher']
lechery ,['lecheri']
lecithin ,['lecithin']
lectern ,['lectern']
lecticae ,['lectica']
lectica ,['lectica']
lection ,['lection']
#NAME?,['name']
lectionary ,['lectionari']
lector ,['lector']
lectual ,['lectual']
lecture ,['lectur']
lectured ,['lectur']
lecturing ,['lectur']
lecturer ,['lectur']
lectureship ,['lectureship']
lecturn ,['lecturn']
lecythis ,['lecythi']
leden ,['leden']
ledden ,['ledden']
ledge ,['ledg']
ledgement ,['ledgement']
ledger ,['ledger']
ledgment ,['ledgment']
ledgy ,['ledgi']
lee ,['lee']
lees ,['lee']
leeboard ,['leeboard']
leech ,['leech']
leeched ,['leech']
leeching ,['leech']
leechcraft ,['leechcraft']
leed ,['leed']
leede ,['leed']
leef ,['leef']
leek ,['leek']
leeme ,['leem']
leep ,['leep']
leer ,['leer']
leered ,['leer']
leering ,['leer']
leere ,['leer']
leeringly ,['leeringli']
leese ,['lees']
leet ,['leet']
leetmen ,['leetmen']
leetman ,['leetman']
leeward ,['leeward']
leeway ,['leeway']
left-hand ,"['left', 'hand']"
left-handed ,"['left', 'hand']"
left-handedness ,"['left', 'handed']"
left-handiness ,"['left', 'handi']"
left-off ,['left']
leftward ,['leftward']
leful ,['leful']
leg ,['leg']
legacies ,['legaci']
legacy ,['legaci']
legal ,['legal']
legalism ,['legal']
legalist ,['legalist']
legality ,['legal']
legalization ,['legal']
legalized ,['legal']
legalizing ,['legal']
legalize ,['legal']
legally ,['legal']
legantine ,['legantin']
legatary ,['legatari']
legate ,['legat']
legatee ,['legate']
legateship ,['legateship']
legatine ,['legatin']
legation ,['legat']
legato ,['legato']
legator ,['legat']
legatura ,['legatura']
legature ,['legatur']
lege ,['lege']
legement ,['legement']
legend ,['legend']
legendary ,['legendari']
leger ,['leger']
legerdemain ,['legerdemain']
legerdemainist ,['legerdemainist']
legerity ,['leger']
legge ,['legg']
legged ,['leg']
leggiadro ,['leggiadro']
leggiero ,['leggiero']
legging ,['leg']
leggin ,['leggin']
leggy ,['leggi']
leghorn ,['leghorn']
legibility ,['legibl']
legible ,['legibl']
legibleness ,['legibl']
legibly ,['legibl']
legific ,['legif']
legion ,['legion']
legionary ,['legionari']
legionaries ,['legionari']
legioned ,['legion']
legionry ,['legionri']
legislated ,['legisl']
legislating ,['legisl']
legislate ,['legisl']
legislation ,['legisl']
legislative ,['legisl']
legislatively ,['legisl']
legislator ,['legisl']
legislatorial ,['legislatori']
legislatorship ,['legislatorship']
legislatress ,['legislatress']
legislatrix ,['legislatrix']
legislature ,['legislatur']
legist ,['legist']
legitim ,['legitim']
legitimacy ,['legitimaci']
legitimate ,['legitim']
legitimated ,['legitim']
legitimating ,['legitim']
legitimately ,['legitim']
legitimateness ,['legitim']
legitimation ,['legitim']
legitimatist ,['legitimatist']
legitimatize ,['legitimat']
legitimism ,['legitim']
legitimist ,['legitimist']
legitimized ,['legitim']
legitimizing ,['legitim']
legitimize ,['legitim']
legless ,['legless']
lego-literary ,"['lego', 'literari']"
leguleian ,['leguleian']
legume ,['legum']
legumina ,['legumina']
legumens ,['legumen']
legumen ,['legumen']
legumin ,['legumin']
leguminous ,['legumin']
leiger ,['leiger']
leiotrichan ,['leiotrichan']
leiotrichi ,['leiotrichi']
leiotrichous ,['leiotrich']
leipoa ,['leipoa']
leipothymic ,['leipothym']
leister ,['leister']
lister ,['lister']
leisurable ,['leisur']
leisurably ,['leisur']
leisure ,['leisur']
leisured ,['leisur']
leisurely ,['leisur']
leitmotif ,['leitmotif']
leman ,['leman']
leme ,['leme']
lemmata ,['lemmata']
lemmas ,['lemma']
lemma ,['lemma']
lemman ,['lemman']
lemming ,['lem']
lemnian ,['lemnian']
lemniscata ,['lemniscata']
lemniscate ,['lemnisc']
lemnisci ,['lemnisci']
lemniscus ,['lemniscu']
lemon ,['lemon']
lemonade ,['lemonad']
lemur ,['lemur']
lemures ,['lemur']
lemuria ,['lemuria']
lemurid ,['lemurid']
lemuridous ,['lemurid']
lemurine ,['lemurin']
lemuroid ,['lemuroid']
lemuroidea ,['lemuroidea']
lena ,['lena']
lent ,['lent']
lending ,['lend']
lend ,['lend']
lendable ,['lendabl']
lender ,['lender']
lendes ,['lend']
lends ,['lend']
lene ,['lene']
lenger ,['lenger']
lengest ,['lengest']
length ,['length']
lengthened ,['lengthen']
lengthening ,['lengthen']
lengthen ,['lengthen']
lengthful ,['length']
lengthily ,['lengthili']
lengthiness ,['lengthi']
lengthways ,['lengthway']
lengthwise ,['lengthwis']
lengthy ,['lengthi']
lenience ,['lenienc']
leniency ,['lenienc']
lenient ,['lenient']
leniently ,['lenient']
lenify ,['lenifi']
leniment ,['leniment']
lenitive ,['lenit']
lenitiveness ,['lenit']
lenitude ,['lenitud']
lenity ,['leniti']
lenni-lenape ,"['lenni', 'lenap']"
leno ,['leno']
lenocinant ,['lenocin']
lenses ,['lens']
lens ,['len']
lentamente ,['lentament']
lentando ,['lentando']
lenten ,['lenten']
lententide ,['lententid']
lenticel ,['lenticel']
lenticellate ,['lenticel']
lenticelle ,['lenticel']
lenticulas ,['lenticula']
lenticulae ,['lenticula']
lenticula ,['lenticula']
lenticular ,['lenticular']
lenticularly ,['lenticularli']
lentiform ,['lentiform']
lentiginose ,['lentiginos']
lentiginous ,['lentigin']
lentigo ,['lentigo']
lentil ,['lentil']
lentiscus ,['lentiscu']
lentisk ,['lentisk']
lentitude ,['lentitud']
lento ,['lento']
lentoid ,['lentoid']
lentor ,['lentor']
lentous ,['lentou']
l''envoi ,"['l', 'envoi']"
l''envoy ,"['l', 'envoy']"
leo ,['leo']
leod ,['leod']
leon ,['leon']
leonced ,['leonc']
leonese ,['leones']
leonid ,['leonid']
leonine ,['leonin']
leontodon ,['leontodon']
leopard ,['leopard']
leopard''s bane ,"['leopard', 'bane']"
leopardwood ,['leopardwood']
lep ,['lep']
lepadite ,['lepadit']
lepadoid ,['lepadoid']
lepal ,['lepal']
lepas ,['lepa']
leper ,['leper']
lepered ,['leper']
leperize ,['leper']
leperous ,['leper']
lepid ,['lepid']
lepidine ,['lepidin']
lepidodendrid ,['lepidodendrid']
lepidodendroid ,['lepidodendroid']
lepidodendron ,['lepidodendron']
lepidoganoid ,['lepidoganoid']
lepidolite ,['lepidolit']
lepidomelane ,['lepidomelan']
lepidopter ,['lepidopt']
lepidoptera ,['lepidoptera']
lepidopteral ,['lepidopter']
lepidopterous ,['lepidopter']
lepidopterist ,['lepidopterist']
lepidosauria ,['lepidosauria']
lepidosiren ,['lepidosiren']
lepidote ,['lepidot']
lepidoted ,['lepidot']
lepisma ,['lepisma']
lepismoid ,['lepismoid']
leporine ,['leporin']
lepra ,['lepra']
lepre ,['lepr']
leprose ,['lepros']
leprosity ,['lepros']
leprosy ,['leprosi']
leprous ,['leprou']
lepry ,['lepri']
leptiform ,['leptiform']
leptocardia ,['leptocardia']
leptocardian ,['leptocardian']
leptodactyl ,['leptodactyl']
leptodactylous ,['leptodactyl']
leptology ,['leptolog']
leptomeningitis ,['leptomening']
leptorhine ,['leptorhin']
leptostraca ,['leptostraca']
leptothrix ,['leptothrix']
leptus ,['leptu']
leptynite ,['leptynit']
lere ,['lere']
lered ,['lere']
lernaea ,['lernaea']
lernaeacea ,['lernaeacea']
lernean ,['lernean']
lerot ,['lerot']
les ,['le']
lesbian ,['lesbian']
lese ,['lese']
lese-majesty ,"['lese', 'majesti']"
lesion ,['lesion']
less ,['less']
lessee ,['lesse']
lessened ,['lessen']
lessening ,['lessen']
lessen ,['lessen']
lessener ,['lessen']
lesser ,['lesser']
lesses ,['less']
lesson ,['lesson']
lessoned ,['lesson']
lessoning ,['lesson']
lessor ,['lessor']
lest ,['lest']
let ,['let']
letted ,['let']
letting ,['let']
let-alone ,"['let', 'alon']"
letch ,['letch']
letchy ,['letchi']
lete ,['lete']
leten ,['leten']
lethal ,['lethal']
lethality ,['lethal']
lethargic ,['letharg']
lethargical ,['letharg']
lethargized ,['letharg']
lethargizing ,['letharg']
lethargize ,['letharg']
lethargy ,['lethargi']
lethe ,['leth']
lethean ,['lethean']
letheed ,['lethe']
letheon ,['letheon']
letheonize ,['letheon']
lethiferous ,['lethifer']
lethy ,['lethi']
let-off ,['let']
lette ,['lett']
letter ,['letter']
lettered ,['letter']
lettering ,['letter']
letterer ,['letter']
letterless ,['letterless']
lettern ,['lettern']
letterpress ,['letterpress']
letterure ,['letterur']
letterwood ,['letterwood']
lettic ,['lettic']
lettish ,['lettish']
lettrure ,['lettrur']
letts ,['lett']
lettuce ,['lettuc']
letuary ,['letuari']
let-up ,['let']
leuc- ,['leuc']
leucadendron ,['leucadendron']
leucaniline ,['leucanilin']
leuchaemia ,['leuchaemia']
leucic ,['leucic']
leucinic ,['leucin']
leucin ,['leucin']
leucite ,['leucit']
leucitic ,['leucit']
leucitoid ,['leucitoid']
leuco- ,['leuco']
leucocyte ,['leucocyt']
leucocythaemia ,['leucocythaemia']
leucocythemia ,['leucocythemia']
leucocytogenesis ,['leucocytogenesi']
leucoethiopic ,['leucoethiop']
leucoethiops ,['leucoethiop']
leucoline ,['leucolin']
leucoma ,['leucoma']
leucomaine ,['leucomain']
leuconic ,['leucon']
leucopathy ,['leucopathi']
leucophane ,['leucophan']
leucophlegmacy ,['leucophlegmaci']
leucophlegmatic ,['leucophlegmat']
leucophyll ,['leucophyl']
leucophyllous ,['leucophyl']
leucoplast ,['leucoplast']
leucoplastid ,['leucoplastid']
leucopyrite ,['leucopyrit']
leucorrhoea ,['leucorrhoea']
leucoryx ,['leucoryx']
leucoscope ,['leucoscop']
leucosoid ,['leucosoid']
leucosphere ,['leucospher']
leucoturic ,['leucotur']
leucous ,['leucou']
leucoxene ,['leucoxen']
leukaemia ,['leukaemia']
leuke ,['leuk']
leukeness ,['leuk']
leukoplast ,['leukoplast']
levana ,['levana']
levant ,['levant']
levanter ,['levant']
levantine ,['levantin']
levari facias ,"['levari', 'facia']"
levation ,['levat']
levator ,['levat']
leve ,['leve']
levee ,['leve']
levee en masse ,"['leve', 'en', 'mass']"
leveful ,['leve']
level ,['level']
leveled ,['level']
levelled ,['level']
leveling ,['level']
levelling ,['level']
leveler ,['level']
levelism ,['level']
levelly ,['levelli']
levelness ,['level']
leven ,['leven']
lever ,['lever']
leverage ,['leverag']
leveret ,['leveret']
leverock ,['leverock']
leverwood ,['leverwood']
levesel ,['levesel']
levet ,['levet']
leviable ,['leviabl']
leviathan ,['leviathan']
levier ,['levier']
levigable ,['levig']
levigate ,['levig']
levigated ,['levig']
levigating ,['levig']
levigation ,['levig']
levin ,['levin']
leviner ,['levin']
levir ,['levir']
levirate ,['levir']
leviratical ,['levirat']
leviration ,['levir']
levirostres ,['levirostr']
levitate ,['levit']
levitation ,['levit']
levite ,['levit']
levitical ,['levit']
levitically ,['levit']
leviticus ,['leviticu']
levity ,['leviti']
levo- ,['levo']
levogyrate ,['levogyr']
levorotatory ,['levorotatori']
levulin ,['levulin']
levulinic ,['levulin']
levulosan ,['levulosan']
levulose ,['levulos']
levies ,['levi']
levy ,['levi']
levied ,['levi']
levying ,['levi']
levyne ,['levyn']
levynite ,['levynit']
lew ,['lew']
lewd ,['lewd']
lewdster ,['lewdster']
lewis ,['lewi']
lewisson ,['lewisson']
leges ,['lege']
lex ,['lex']
lexical ,['lexic']
lexicographer ,['lexicograph']
lexicographic ,['lexicograph']
lexicographical ,['lexicograph']
lexicographist ,['lexicographist']
lexicography ,['lexicographi']
lexicologist ,['lexicologist']
lexicology ,['lexicolog']
lexicon ,['lexicon']
lexiconist ,['lexiconist']
lexigraphic ,['lexigraph']
lexigraphy ,['lexigraphi']
lexiphanic ,['lexiphan']
lexiphanicism ,['lexiphanic']
lexipharmic ,['lexipharm']
ley ,['ley']
leyden jar ,"['leyden', 'jar']"
leyden phial ,"['leyden', 'phial']"
leyser ,['leyser']
leze majesty ,"['leze', 'majesti']"
lherzolite ,['lherzolit']
li ,['li']
liabilities ,['liabil']
liability ,['liabil']
liable ,['liabl']
liableness ,['liabl']
liage ,['liag']
liaison ,['liaison']
liane ,['lian']
liana ,['liana']
liar ,['liar']
liard ,['liard']
lias ,['lia']
liassic ,['liassic']
lib ,['lib']
libament ,['libament']
libant ,['libant']
libation ,['libat']
libatory ,['libatori']
libbard ,['libbard']
libbard''s bane ,"['libbard', 'bane']"
libel ,['libel']
libeled ,['libel']
libelled ,['libel']
libeling ,['libel']
libelling ,['libel']
libelant ,['libel']
libeler ,['libel']
libelist ,['libelist']
li bella ,"['li', 'bella']"
libellulid ,['libellulid']
libelluloid ,['libelluloid']
libelous ,['libel']
liber ,['liber']
liberal ,['liber']
liberalism ,['liber']
liberalist ,['liberalist']
liberalistic ,['liberalist']
liberalities ,['liber']
liberality ,['liber']
liberalization ,['liber']
liberalized ,['liber']
liberalizing ,['liber']
liberalize ,['liber']
liberalizer ,['liber']
liberally ,['liber']
liberated ,['liber']
liberating ,['liber']
liberate ,['liber']
liberation ,['liber']
liberator ,['liber']
liberatory ,['liberatori']
libertarian ,['libertarian']
libertarianism ,['libertarian']
liberticide ,['liberticid']
libertinage ,['libertinag']
libertine ,['libertin']
libertinism ,['libertin']
liberties ,['liberti']
liberty ,['liberti']
libethenite ,['libethenit']
libidinist ,['libidinist']
libidinosity ,['libidinos']
libidinous ,['libidin']
libken ,['libken']
libkin ,['libkin']
librae ,['libra']
libra ,['libra']
libral ,['libral']
librarian ,['librarian']
librarianship ,['librarianship']
libraries ,['librari']
library ,['librari']
librated ,['librat']
librating ,['librat']
librate ,['librat']
libration ,['librat']
libration point ,"['librat', 'point']"
libratory ,['libratori']
librettist ,['librettist']
librettos ,['libretto']
libretti ,['libretti']
libretto ,['libretto']
libriform ,['libriform']
libyan ,['libyan']
lice ,['lice']
licensable ,['licens']
license ,['licens']
licensed ,['licens']
licensing ,['licens']
licensee ,['license']
licenser ,['licens']
licensure ,['licensur']
licentiate ,['licenti']
licentious ,['licenti']
lich ,['lich']
lichen ,['lichen']
lichened ,['lichen']
lichenic ,['lichen']
licheniform ,['licheniform']
lichenin ,['lichenin']
lichenographic ,['lichenograph']
lichenographical ,['lichenograph']
lichenographist ,['lichenographist']
lichenography ,['lichenographi']
lichenologist ,['lichenologist']
lichenology ,['lichenolog']
lichenous ,['lichen']
lichi ,['lichi']
lichwale ,['lichwal']
lichwort ,['lichwort']
licit ,['licit']
licitation ,['licit']
licked ,['lick']
licking ,['lick']
lick ,['lick']
licker ,['licker']
lickerish ,['lickerish']
lickerous ,['licker']
lickpenny ,['lickpenni']
lick-spigot ,"['lick', 'spigot']"
lick-spittle ,"['lick', 'spittl']"
licorice ,['licoric']
licorous ,['licor']
licour ,['licour']
lictor ,['lictor']
lid ,['lid']
lidded ,['lid']
lidge ,['lidg']
lidless ,['lidless']
lie ,['lie']
lied ,['lie']
lying ,['lie']
lien ,['lien']
lieberkuhn ,['lieberkuhn']
lieberkuhn''s glands ,"['lieberkuhn', 'gland']"
lieder ,['lieder']
liedertafel ,['liedertafel']
lief ,['lief']
liefsome ,['liefsom']
liegance ,['lieganc']
liege ,['lieg']
liegemen ,['liegemen']
liegeman ,['liegeman']
lieger ,['lieger']
liegiancy ,['liegianc']
lienal ,['lienal']
lienculi ,['lienculi']
lienculus ,['lienculu']
lieno-intestinal ,"['lieno', 'intestin']"
lienteric ,['lienter']
lientery ,['lienteri']
lier ,['lier']
lierne rib ,"['liern', 'rib']"
lieu ,['lieu']
lieutenancy ,['lieuten']
lieutenant ,['lieuten']
lieutenant general ,"['lieuten', 'gener']"
lieutenantry ,['lieutenantri']
lieutenantship ,['lieutenantship']
lieve ,['liev']
lif ,['lif']
lives ,['live']
life ,['life']
lifeblood ,['lifeblood']
lifeboat ,['lifeboat']
lifeful ,['life']
life-giving ,"['life', 'give']"
lifehold ,['lifehold']
lifeless ,['lifeless']
lifelike ,['lifelik']
lifelong ,['lifelong']
lifely ,['life']
lifemate ,['lifem']
lifen ,['lifen']
life-preserver ,"['life', 'preserv']"
life-saving ,"['life', 'save']"
life-size ,"['life', 'size']"
lifesome ,['lifesom']
lifespring ,['lifespr']
lifestring ,['lifestr']
lifetime ,['lifetim']
life-weary ,"['life', 'weari']"
liflode ,['liflod']
lift ,['lift']
lifted ,['lift']
lifting ,['lift']
liftable ,['liftabl']
lifter ,['lifter']
lig ,['lig']
ligament ,['ligament']
ligamental ,['ligament']
ligamentous ,['ligament']
ligan ,['ligan']
ligate ,['ligat']
ligation ,['ligat']
ligator ,['ligat']
ligature ,['ligatur']
lige ,['lige']
ligeance ,['ligeanc']
ligement ,['ligement']
ligge ,['ligg']
ligger ,['ligger']
light ,['light']
lighted ,['light']
lit ,['lit']
lighting ,['light']
lightable ,['lightabl']
light-armed ,"['light', 'arm']"
light-boat ,"['light', 'boat']"
lighte ,['light']
lighten ,['lighten']
lightened ,['lighten']
lightening ,['lighten']
lighter ,['lighter']
lighterage ,['lighterag']
lightermen ,['lightermen']
lighterman ,['lighterman']
light-fingered ,"['light', 'finger']"
light-foot ,"['light', 'foot']"
light-footed ,"['light', 'foot']"
lightful ,['light']
light-handed ,"['light', 'hand']"
light-headed ,"['light', 'head']"
light-hearted ,"['light', 'heart']"
light-heeled ,"['light', 'heel']"
light-horseman ,"['light', 'horseman']"
lighthouses ,['lighthous']
lighthouse ,['lighthous']
light-legged ,"['light', 'leg']"
lightless ,['lightless']
lightly ,['lightli']
lightman ,['lightman']
light-minded ,"['light', 'mind']"
lightness ,['light']
lightning ,['lightn']
light-o''-love ,"['light', 'love']"
lightroom ,['lightroom']
lights ,['light']
light-ship ,"['light', 'ship']"
lightsome ,['lightsom']
light-winged ,"['light', 'wing']"
lightwood ,['lightwood']
lighty ,['lighti']
lign-aloes ,"['lign', 'alo']"
ligneous ,['ligneou']
ligniferous ,['lignifer']
lignification ,['lignif']
ligniform ,['ligniform']
lignified ,['lignifi']
lignifying ,['lignifi']
lignify ,['lignifi']
lignin ,['lignin']
ligniperdous ,['ligniperd']
lignireose ,['lignireos']
lignite ,['lignit']
lignitic ,['lignit']
lignitiferous ,['lignitifer']
lignoceric ,['lignocer']
lignone ,['lignon']
lignose ,['lignos']
lignous ,['lignou']
lignum rhodium ,"['lignum', 'rhodium']"
lignum-vitae ,"['lignum', 'vita']"
ligroin ,['ligroin']
ligsam ,['ligsam']
ligulae ,['ligula']
ligulas ,['ligula']
ligula ,['ligula']
ligulate ,['ligul']
ligulated ,['ligul']
ligule ,['ligul']
liguliflorous ,['liguliflor']
ligure ,['ligur']
ligustrin ,['ligustrin']
likable ,['likabl']
like ,['like']
liked ,['like']
liking ,['like']
likeable ,['likeabl']
likehood ,['likehood']
likelihood ,['likelihood']
likeliness ,['likeli']
likely ,['like']
like-minded ,"['like', 'mind']"
likened ,['liken']
likening ,['liken']
liken ,['liken']
likeness ,['like']
likerous ,['liker']
likerousness ,['liker']
likewise ,['likewis']
lilac ,['lilac']
lilacin ,['lilacin']
liliaceous ,['liliac']
lilial ,['lilial']
lilied ,['lili']
lill ,['lill']
"""""""""""""""""""""""""""""""lilliputian """"""""""""""",['lilliputian']
lilliputian ,['lilliputian']
lilly-pilly ,"['lilli', 'pilli']"
lilt ,['lilt']
lilies ,['lili']
lily ,['lili']
lily-handed ,"['lili', 'hand']"
lily-livered ,"['lili', 'liver']"
lilywort ,['lilywort']
lim ,['lim']
lima ,['lima']
limaceous ,['limac']
limacina ,['limacina']
lima/on ,['lima']
limaille ,['limail']
liman ,['liman']
limation ,['limat']
limature ,['limatur']
limax ,['limax']
limb ,['limb']
limbat ,['limbat']
limbate ,['limbat']
limbec ,['limbec']
limbed ,['limb']
limber ,['limber']
limbered ,['limber']
limbering ,['limber']
limberness ,['limber']
limbless ,['limbless']
limbmeal ,['limbmeal']
limbo ,['limbo']
limbus ,['limbu']
limbous ,['limbou']
lime ,['lime']
limed ,['lime']
liming ,['lime']
limehound ,['limehound']
limekiln ,['limekiln']
limenean ,['limenean']
limer ,['limer']
limestone ,['limeston']
lime twig ,"['lime', 'twig']"
lime-twigged ,"['lime', 'twig']"
limewater ,['limewat']
limicolae ,['limicola']
limicoline ,['limicolin']
liminess ,['limi']
limit ,['limit']
limited ,['limit']
limiting ,['limit']
limitable ,['limit']
limitaneous ,['limitan']
limitarian ,['limitarian']
limitary ,['limitari']
limitate ,['limit']
limitation ,['limit']
limitedly ,['limitedli']
limitedness ,['limited']
limiter ,['limit']
limitive ,['limit']
limitless ,['limitless']
limitour ,['limitour']
limmer ,['limmer']
limned ,['limn']
limning ,['limn']
limn ,['limn']
lim naea ,"['lim', 'naea']"
limner ,['limner']
limniad ,['limniad']
limoges ,['limog']
limoniad ,['limoniad']
limonin ,['limonin']
limonite ,['limonit']
limosis ,['limosi']
limous ,['limou']
limped ,['limp']
limping ,['limp']
limp ,['limp']
limper ,['limper']
limpet ,['limpet']
limpid ,['limpid']
limpidity ,['limpid']
limpidness ,['limpid']
limpin ,['limpin']
limpingly ,['limpingli']
limpitude ,['limpitud']
limpkin ,['limpkin']
limpness ,['limp']
limpsy ,['limpsi']
limsy ,['limsi']
limu ,['limu']
limule ,['limul']
limuloidea ,['limuloidea']
limuli ,['limuli']
limulus ,['limulu']
limy ,['limi']
lin ,['lin']
linage ,['linag']
linament ,['linament']
linarite ,['linarit']
linch ,['linch']
linchi ,['linchi']
linchpin ,['linchpin']
lincoln green ,"['lincoln', 'green']"
lincture ,['linctur']
linctus ,['linctu']
lind ,['lind']
linden ,['linden']
lindia ,['lindia']
lindiform ,['lindiform']
line ,['line']
lined ,['line']
lining ,['line']
lineage ,['lineag']
lineal ,['lineal']
lineality ,['lineal']
lineally ,['lineal']
lineament ,['lineament']
linear ,['linear']
linearensate ,['linearens']
linearly ,['linearli']
linear-shaped ,"['linear', 'shape']"
lineary ,['lineari']
lineate ,['lineat']
lineated ,['lineat']
lineation ,['lineat']
lineature ,['lineatur']
linemen ,['linemen']
lineman ,['lineman']
linen ,['linen']
linener ,['linen']
lineolate ,['lineol']
liner ,['liner']
ling ,['ling']
linga ,['linga']
lingam ,['lingam']
ling-bird ,"['ling', 'bird']"
lingel ,['lingel']
lingence ,['lingenc']
lingered ,['linger']
lingering ,['linger']
linger ,['linger']
lingerer ,['linger']
lingeringly ,['lingeringli']
linget ,['linget']
lingism ,['lingism']
lingle ,['lingl']
lingo ,['lingo']
lingoa wood ,"['lingoa', 'wood']"
lingot ,['lingot']
linguae ,['lingua']
lingua ,['lingua']
linguacious ,['linguaci']
linguadental ,['linguadent']
lingua franca ,"['lingua', 'franca']"
lingual ,['lingual']
linguality ,['lingual']
linguatulida ,['linguatulida']
linguatulina ,['linguatulina']
linguidental ,['linguident']
linguiform ,['linguiform']
linguist ,['linguist']
linguistic ,['linguist']
linguistical ,['linguist']
linguistically ,['linguist']
linguistics ,['linguist']
lingula ,['lingula']
lingulate ,['lingul']
linigerous ,['liniger']
liniment ,['liniment']
link ,['link']
linked ,['link']
linking ,['link']
linkage ,['linkag']
linkboy ,['linkboy']
linkman ,['linkman']
link motion ,"['link', 'motion']"
linkwork ,['linkwork']
linnaea borealis ,"['linnaea', 'boreali']"
linnaean ,['linnaean']
linnean ,['linnean']
linnaeite ,['linnaeit']
linne ,['linn']
linnet ,['linnet']
linoleate ,['linol']
linoleic ,['linol']
linoleum ,['linoleum']
linoxin ,['linoxin']
linsang ,['linsang']
linseed ,['linse']
linsey ,['linsey']
linsey-woolsey ,"['linsey', 'woolsey']"
linstock ,['linstock']
lint ,['lint']
lintel ,['lintel']
lintie ,['linti']
lintwhite ,['lintwhit']
lintseed ,['lintse']
linum ,['linum']
lion ,['lion']
lionced ,['lionc']
lioncel ,['lioncel']
lionel ,['lionel']
lioness ,['lioness']
lionet ,['lionet']
lion-heart ,"['lion', 'heart']"
lion-hearted ,"['lion', 'heart']"
lionhood ,['lionhood']
lionism ,['lionism']
lionized ,['lioniz']
lionizing ,['lioniz']
lionize ,['lioniz']
lionlike ,['lionlik']
lionly ,['lionli']
lion''s ear ,"['lion', 'ear']"
lion''s foot ,"['lion', 'foot']"
lionship ,['lionship']
lion''s leaf ,"['lion', 'leaf']"
lion''s tail ,"['lion', 'tail']"
lions'' teeth ,"['lion', 'teeth']"
lion''s tooth ,"['lion', 'tooth']"
lip ,['lip']
lipped ,['lip']
lipping ,['lip']
lipaemia ,['lipaemia']
lipans ,['lipan']
liparian ,['liparian']
liparite ,['liparit']
lipic ,['lipic']
lipinic ,['lipin']
lipless ,['lipless']
liplet ,['liplet']
lipocephala ,['lipocephala']
lipochrin ,['lipochrin']
lipogram ,['lipogram']
lipogrammatic ,['lipogrammat']
lipogrammatist ,['lipogrammatist']
lipoma ,['lipoma']
lipothymic ,['lipothym']
lipothymous ,['lipothym']
lipothymy ,['lipothymi']
lippitude ,['lippitud']
lipse ,['lips']
lipyl ,['lipyl']
liquable ,['liquabl']
liquate ,['liquat']
liquation ,['liquat']
liquefacient ,['liquefaci']
liquefaction ,['liquefact']
liquefiable ,['liquefi']
liquefier ,['liquefi']
liquefied ,['liquefi']
liquefying ,['liquefi']
liquefy ,['liquefi']
liquescency ,['liquesc']
liquescent ,['liquesc']
liqueur ,['liqueur']
liquid ,['liquid']
liquidambar ,['liquidambar']
liquidamber ,['liquidamb']
liquidated ,['liquid']
liquidating ,['liquid']
liquidate ,['liquid']
liquidation ,['liquid']
liquidator ,['liquid']
liquidity ,['liquid']
liquidized ,['liquid']
liquidizing ,['liquid']
liquidize ,['liquid']
liquidly ,['liquidli']
liquidness ,['liquid']
liquor ,['liquor']
liquored ,['liquor']
liquoring ,['liquor']
liquorice ,['liquoric']
liquorish ,['liquorish']
liquorous ,['liquor']
lire ,['lire']
lira ,['lira']
lirella ,['lirella']
lirelliform ,['lirelliform']
liriodendra ,['liriodendra']
liriodendron ,['liriodendron']
liripipe ,['liripip']
liripoop ,['liripoop']
liroconite ,['liroconit']
lisbon ,['lisbon']
lisle ,['lisl']
lisne ,['lisn']
lisped ,['lisp']
lisping ,['lisp']
lisp ,['lisp']
lisper ,['lisper']
lispingly ,['lispingli']
liss ,['liss']
lissencephala ,['lissencephala']
lissom ,['lissom']
lissome ,['lissom']
list ,['list']
listed ,['list']
listing ,['list']
listel ,['listel']
listened ,['listen']
listening ,['listen']
listen ,['listen']
listener ,['listen']
listerian ,['listerian']
listerism ,['lister']
listful ,['list']
listless ,['listless']
litanies ,['litani']
litany ,['litani']
litarge ,['litarg']
litchi ,['litchi']
lite ,['lite']
liter ,['liter']
litre ,['litr']
literacy ,['literaci']
literal ,['liter']
literalism ,['liter']
literalist ,['literalist']
literalty ,['literalti']
literalization ,['liter']
literalized ,['liter']
literalizing ,['liter']
literalize ,['liter']
literalizer ,['liter']
literally ,['liter']
literalness ,['liter']
literary ,['literari']
literate ,['liter']
literati ,['literati']
literatim ,['literatim']
literation ,['liter']
literator ,['liter']
literature ,['literatur']
literatus ,['literatu']
lith ,['lith']
lithaemia ,['lithaemia']
lithagogue ,['lithagogu']
litharge ,['litharg']
lithargyrum ,['lithargyrum']
lithate ,['lithat']
lithe ,['lith']
lithely ,['lith']
litheness ,['lith']
lither ,['lither']
litherly ,['litherli']
lithesome ,['lithesom']
lithia ,['lithia']
lithiasis ,['lithiasi']
lithic ,['lithic']
lithiophilite ,['lithiophilit']
lithium ,['lithium']
litho ,['litho']
lithobilic ,['lithobil']
lithocarp ,['lithocarp']
lithochromatics ,['lithochromat']
lithochromics ,['lithochrom']
lithoclast ,['lithoclast']
lithocyst ,['lithocyst']
lithodome ,['lithodom']
lithodomous ,['lithodom']
lithodomus ,['lithodomu']
lithofellic ,['lithofel']
lithofracteur ,['lithofracteur']
lithogenesy ,['lithogenesi']
lithogenous ,['lithogen']
lithoglyph ,['lithoglyph']
lithoglypher ,['lithoglyph']
lithoglyphic ,['lithoglyph']
lithoglyptics ,['lithoglypt']
lithographed ,['lithograph']
lithographing ,['lithograph']
lithograph ,['lithograph']
lithographer ,['lithograph']
lithographic ,['lithograph']
lithographical ,['lithograph']
lithography ,['lithographi']
lithoid ,['lithoid']
lithoidal ,['lithoid']
litholatry ,['litholatri']
lithologic ,['litholog']
lithological ,['litholog']
lithologically ,['litholog']
lithologist ,['lithologist']
lithology ,['litholog']
lithomancy ,['lithom']
lithomarge ,['lithomarg']
lithonthriptic ,['lithonthript']
lithonthryptic ,['lithonthrypt']
lithontriptic ,['lithontript']
lithontriptist ,['lithontriptist']
lithontriptor ,['lithontriptor']
lithophagous ,['lithophag']
lithophane ,['lithophan']
lithophosphor ,['lithophosphor']
lithophosphoric ,['lithophosphor']
lithophotography ,['lithophotographi']
lithophyll ,['lithophyl']
lithophyse ,['lithophys']
lithophyte ,['lithophyt']
lithophytic ,['lithophyt']
lithophytous ,['lithophyt']
lithosian ,['lithosian']
lithotint ,['lithotint']
lithotome ,['lithotom']
lithotomic ,['lithotom']
lithotomical ,['lithotom']
lithotomist ,['lithotomist']
lithotomy ,['lithotomi']
lithotripsy ,['lithotripsi']
lithotriptic ,['lithotript']
lithotriptist ,['lithotriptist']
lithotriptor ,['lithotriptor']
lithotrite ,['lithotrit']
lithotritor ,['lithotritor']
lithotritist ,['lithotritist']
lithotrity ,['lithotr']
lithotype ,['lithotyp']
lithotyped ,['lithotyp']
lithotyping ,['lithotyp']
lithotypic ,['lithotyp']
lithotypy ,['lithotypi']
lithoxyl ,['lithoxyl']
lithuanian ,['lithuanian']
lithy ,['lithi']
litigable ,['litig']
litigant ,['litig']
litigated ,['litig']
litigating ,['litig']
litigate ,['litig']
litigation ,['litig']
litigator ,['litig']
litigious ,['litigi']
litigiously ,['litigi']
litigiousness ,['litigi']
litmus ,['litmu']
litotes ,['litot']
litraneter ,['litranet']
litter ,['litter']
littered ,['litter']
littering ,['litter']
litterateur ,['litterateur']
littery ,['litteri']
little ,['littl']
little-ease ,"['littl', 'eas']"
littleness ,['littl']
littoral ,['littor']
littorina ,['littorina']
littress ,['littress']
litate ,['litat']
lituiform ,['lituiform']
lituite ,['lituit']
liturate ,['litur']
liturgic ,['liturg']
liturgical ,['liturg']
liturgically ,['liturg']
liturgics ,['liturg']
liturgiologist ,['liturgiologist']
liturgiology ,['liturgiolog']
liturgist ,['liturgist']
liturgies ,['liturgi']
liturgy ,['liturgi']
litui ,['litui']
lituus ,['lituu']
livable ,['livabl']
lived ,['live']
living ,['live']
live ,['live']
live-forever ,"['live', 'forev']"
livelihed ,['livelih']
livelihood ,['livelihood']
livelily ,['livelili']
liveliness ,['liveli']
livelode ,['livelod']
livelong ,['livelong']
lively ,['live']
liver ,['liver']
liver-colored ,"['liver', 'color']"
livered ,['liver']
liver-grown ,"['liver', 'grown']"
liveried ,['liveri']
livering ,['liver']
liverleaf ,['liverleaf']
liverwort ,['liverwort']
liveries ,['liveri']
livery ,['liveri']
liverymen ,['liverymen']
liveryman ,['liveryman']
livery stable ,"['liveri', 'stabl']"
livid ,['livid']
lividity ,['livid']
lividness ,['livid']
livingly ,['livingli']
livingness ,['living']
livonian ,['livonian']
livinian ,['livinian']
livor ,['livor']
livraison ,['livraison']
livre ,['livr']
lixivial ,['lixivi']
lixiviate ,['lixivi']
lixivited ,['lixivit']
lixiviated ,['lixivi']
lixiviating ,['lixivi']
lixiviation ,['lixivi']
lixivious ,['lixivi']
lixivium ,['lixivium']
lixt ,['lixt']
liza ,['liza']
lizard ,['lizard']
lizard''s tail ,"['lizard', 'tail']"
llama ,['llama']
llandeilo group ,"['llandeilo', 'group']"
llanero ,['llanero']
llanos ,['llano']
llano ,['llano']
lloyd''s ,['lloyd']
lo ,['lo']
loach ,['loach']
load ,['load']
loaded ,['load']
loading ,['load']
loader ,['loader']
loadmanage ,['loadmanag']
lodemanage ,['lodemanag']
loadsman ,['loadsman']
lodesman ,['lodesman']
loadstar ,['loadstar']
lodestar ,['lodestar']
loadstone ,['loadston']
lodestone ,['lodeston']
loaves ,['loav']
loaf ,['loaf']
loafed ,['loaf']
loafing ,['loaf']
loafer ,['loafer']
loam ,['loam']
loamed ,['loam']
loaming ,['loam']
loamy ,['loami']
loan ,['loan']
loaned ,['loan']
loaning ,['loan']
loanable ,['loanabl']
loanin ,['loanin']
loanmonger ,['loanmong']
loath ,['loath']
loathed ,['loath']
loathing ,['loath']
loathe ,['loath']
loather ,['loather']
loathful ,['loath']
loathingly ,['loathingli']
loathliness ,['loathli']
loathly ,['loathli']
loathness ,['loath']
loathsome ,['loathsom']
loathy ,['loathi']
lob ,['lob']
lobbed ,['lob']
lobbing ,['lob']
lobar ,['lobar']
lobate ,['lobat']
lobated ,['lobat']
lobately ,['lobat']
lobbish ,['lobbish']
lobbies ,['lobbi']
lobby ,['lobbi']
lobbied ,['lobbi']
lobbying ,['lobbi']
lobbyist ,['lobbyist']
lobcock ,['lobcock']
lobe ,['lobe']
lobed ,['lobe']
lobefoot ,['lobefoot']
lobe-footed ,"['lobe', 'foot']"
lobelet ,['lobelet']
lobelia ,['lobelia']
lobeliaceous ,['lobeliac']
lobelin ,['lobelin']
lobeline ,['lobelin']
lobiped ,['lobip']
loblolly ,['loblolli']
lobosa ,['lobosa']
lobscouse ,['lobscous']
lobsided ,['lobsid']
lobspound ,['lobspound']
lobster ,['lobster']
lobular ,['lobular']
lobulate ,['lobul']
lobulated ,['lobul']
lobule ,['lobul']
lobulette ,['lobulett']
lobworm ,['lobworm']
local ,['local']
locale ,['local']
localism ,['local']
localitiees ,['localitie']
locality ,['local']
localization ,['local']
localized ,['local']
localizing ,['local']
localize ,['local']
locally ,['local']
located ,['locat']
locating ,['locat']
locate ,['locat']
location ,['locat']
locative ,['loc']
locator ,['locat']
locellate ,['locel']
loch ,['loch']
lochaber ax ,"['lochab', 'ax']"
lochaber axe ,"['lochab', 'axe']"
lochage ,['lochag']
lochan ,['lochan']
loche ,['loch']
lochia ,['lochia']
lochial ,['lochial']
lock ,['lock']
locked ,['lock']
locking ,['lock']
lockage ,['lockag']
lock-down ,['lock']
locked-jaw ,"['lock', 'jaw']"
locken ,['locken']
locker ,['locker']
locket ,['locket']
lock hospital ,"['lock', 'hospit']"
lockjaw ,['lockjaw']
lockless ,['lockless']
lockman ,['lockman']
lockout ,['lockout']
lockram ,['lockram']
locksmith ,['locksmith']
lock step ,"['lock', 'step']"
lock stitch ,"['lock', 'stitch']"
lockup ,['lockup']
lock-weir ,"['lock', 'weir']"
locky ,['locki']
loco ,['loco']
locofoco ,['locofoco']
locomotion ,['locomot']
locomotive ,['locomot']
locomotiveness ,['locomot']
locomotivity ,['locomot']
locomotor ,['locomotor']
loculament ,['locula']
locular ,['locular']
loculate ,['locul']
locule ,['locul']
loculicidal ,['loculicid']
loculose ,['loculos']
loculous ,['locul']
loculi ,['loculi']
loculus ,['loculu']
locum tenens ,"['locum', 'tenen']"
loci ,['loci']
loca ,['loca']
locus ,['locu']
locust ,['locust']
locusta ,['locusta']
locustella ,['locustella']
locustic ,['locust']
locusting ,['locust']
locust tree ,"['locust', 'tree']"
locution ,['locut']
locutory ,['locutori']
lodde ,['lodd']
lode ,['lode']
lode-ship ,"['lode', 'ship']"
lodge ,['lodg']
lodged ,['lodg']
lodging ,['lodg']
lodgeable ,['lodgeabl']
lodgement ,['lodgement']
lodger ,['lodger']
lodgment ,['lodgment']
lodicule ,['lodicul']
loellingite ,['loellingit']
loess ,['loess']
loeven''s larva ,"['loeven', 'larva']"
loffe ,['loff']
loft ,['loft']
loftily ,['loftili']
loftiness ,['lofti']
lofty ,['lofti']
log ,['log']
logged ,['log']
logging ,['log']
logan ,['logan']
logaoedic ,['logaoed']
logarithm ,['logarithm']
logarithmetic ,['logarithmet']
logarithmetical ,['logarithmet']
logarithmetically ,['logarithmet']
logarithmic ,['logarithm']
logarithmical ,['logarithm']
logarithmically ,['logarithm']
log-chip ,"['log', 'chip']"
logcock ,['logcock']
loge ,['loge']
loggan ,['loggan']
loggat ,['loggat']
logge ,['logg']
logger ,['logger']
loggerhead ,['loggerhead']
loggerheaded ,['loggerhead']
loggerheads ,['loggerhead']
loggia ,['loggia']
logic ,['logic']
logical ,['logic']
logicality ,['logic']
logically ,['logic']
logicalness ,['logic']
logician ,['logician']
logics ,['logic']
logistic ,['logist']
logistical ,['logist']
logistics ,['logist']
logmen ,['logmen']
logman ,['logman']
logodaedaly ,['logodaedali']
logogram ,['logogram']
logographer ,['logograph']
logographic ,['logograph']
logographical ,['logograph']
logography ,['logographi']
logogriph ,['logogriph']
logomachist ,['logomachist']
logomachy ,['logomachi']
logometric ,['logometr']
logos ,['logo']
logothete ,['logothet']
logotype ,['logotyp']
logroll ,['logrol']
logroller ,['logrol']
logrolling ,['logrol']
log-ship ,"['log', 'ship']"
logwood ,['logwood']
logy ,['logi']
lohock ,['lohock']
loimic ,['loimic']
loin ,['loin']
loir ,['loir']
loitered ,['loiter']
loitering ,['loiter']
loiter ,['loiter']
loiterer ,['loiter']
loiteringly ,['loiteringli']
lok ,['lok']
loki ,['loki']
locao ,['locao']
loke ,['loke']
lokorys ,['lokori']
loligo ,['loligo']
lolled ,['loll']
lolling ,['loll']
loll ,['loll']
lollard ,['lollard']
lollardism ,['lollard']
lollardy ,['lollardi']
loller ,['loller']
lollingly ,['lollingli']
lollipop ,['lollipop']
lollop ,['lollop']
lomata ,['lomata']
loma ,['loma']
lomatinous ,['lomatin']
lombard ,['lombard']
lombardeer ,['lombard']
lombard-house ,"['lombard', 'hous']"
lombar-house ,"['lombar', 'hous']"
lombardic ,['lombard']
loment ,['loment']
lomentaceous ,['lomentac']
lomonite ,['lomonit']
lompish ,['lompish']
lond ,['lond']
london ,['london']
londoner ,['london']
londonism ,['london']
londonize ,['london']
lone ,['lone']
loneliness ,['loneli']
lonely ,['lone']
loneness ,['lone']
lonesome ,['lonesom']
long ,['long']
longed ,['long']
longing ,['long']
longan ,['longan']
longanimity ,['longanim']
long-armed ,"['long', 'arm']"
longbeak ,['longbeak']
longboat ,['longboat']
longbow ,['longbow']
long-breathed ,"['long', 'breath']"
long-drawn ,"['long', 'drawn']"
longe ,['long']
longer ,['longer']
longeval ,['longev']
longevity ,['longev']
longevous ,['longev']
longhand ,['longhand']
longheaded ,['longhead']
longhorn ,['longhorn']
long-horned ,"['long', 'horn']"
longicorn ,['longicorn']
longicornia ,['longicornia']
longilateral ,['longilater']
longiloquence ,['longiloqu']
longimanous ,['longiman']
longimetry ,['longimetri']
longingly ,['longingli']
longinquity ,['longinqu']
longipalp ,['longipalp']
longipennate ,['longipenn']
longipennes ,['longipenn']
longipennine ,['longipennin']
longirostres ,['longirostr']
longirosters ,['longirost']
longiroster ,['longirost']
longirostral ,['longirostr']
longish ,['longish']
longitude ,['longitud']
longitudinal ,['longitudin']
longitudinally ,['longitudin']
longlegs ,['longleg']
long-lived ,"['long', 'live']"
longly ,['longli']
longmynd rocks ,"['longmynd', 'rock']"
longness ,['long']
longnose ,['longnos']
long primer ,"['long', 'primer']"
longshanks ,['longshank']
longshore ,['longshor']
longshoremen ,['longshoremen']
longshoreman ,['longshoreman']
long-sight ,"['long', 'sight']"
long-sighted ,"['long', 'sight']"
long-sightedness ,"['long', 'sighted']"
longsome ,['longsom']
longspun ,['longspun']
longspur ,['longspur']
long-stop ,"['long', 'stop']"
long-sufferance ,"['long', 'suffer']"
long-suffering ,"['long', 'suffer']"
longtail ,['longtail']
long-tongue ,"['long', 'tongu']"
long-tongued ,"['long', 'tongu']"
longulite ,['longulit']
long-waisted ,"['long', 'waist']"
longways ,['longway']
long-winded ,"['long', 'wind']"
longwise ,['longwis']
loo ,['loo']
"""""""""""""""""""""""""""""""loo """"""""""""""",['loo']
looed ,['loo']
looing ,['loo']
loob ,['loob']
loobily ,['loobili']
loobies ,['loobi']
looby ,['loobi']
looch ,['looch']
loof ,['loof']
looked ,['look']
looking ,['look']
look ,['look']
lookdown ,['lookdown']
looker ,['looker']
looking-glass ,"['look', 'glass']"
lookout ,['lookout']
lool ,['lool']
loom ,['loom']
loomed ,['loom']
looming ,['loom']
loom-gale ,"['loom', 'gale']"
loon ,['loon']
loony ,['looni']
loop ,['loop']
looped ,['loop']
looping ,['loop']
looper ,['looper']
loophole ,['loophol']
loopholed ,['loophol']
loopie ,['loopi']
looplight ,['looplight']
loord ,['loord']
loos ,['loo']
loose ,['loos']
loosed ,['loos']
loosing ,['loos']
loosely ,['loos']
loosened ,['loosen']
loosening ,['loosen']
loosen ,['loosen']
loosener ,['loosen']
looseness ,['loos']
loosestrife ,['loosestrif']
loosish ,['loosish']
loot ,['loot']
looted ,['loot']
looting ,['loot']
looter ,['looter']
loover ,['loover']
lop ,['lop']
lopped ,['lop']
lopping ,['lop']
lope ,['lope']
loped ,['lope']
loping ,['lope']
lopeared ,['lopear']
lopeman ,['lopeman']
loper ,['loper']
lophine ,['lophin']
lophiomys ,['lophiomi']
lophobranch ,['lophobranch']
lophobranchiate ,['lophobranchi']
lophobranchii ,['lophobranchii']
lophophore ,['lophophor']
lophopoda ,['lophopoda']
lophostea ,['lophostea']
lophosteons ,['lophosteon']
lophosteon ,['lophosteon']
loppard ,['loppard']
lopper ,['lopper']
loppered ,['lopper']
loppering ,['lopper']
loppy ,['loppi']
lopseed ,['lopse']
lopsided ,['lopsid']
loquacious ,['loquaci']
loquaciously ,['loquaci']
loquaciousness ,['loquaci']
loquacity ,['loquac']
loquat ,['loquat']
loral ,['loral']
lorate ,['lorat']
lorcha ,['lorcha']
lord ,['lord']
lorded ,['lord']
lording ,['lord']
lordkin ,['lordkin']
lordlike ,['lordlik']
lordliness ,['lordli']
lordling ,['lordl']
lordly ,['lordli']
lordolatry ,['lordolatri']
lordosis ,['lordosi']
lords and ladies ,"['lord', 'ladi']"
lordship ,['lordship']
lore ,['lore']
loreal ,['loreal']
lorel ,['lorel']
loren ,['loren']
loresman ,['loresman']
lorette ,['lorett']
lorettine ,['lorettin']
lorgnette ,['lorgnett']
lori ,['lori']
loricae ,['lorica']
lorica ,['lorica']
loricata ,['loricata']
loricated ,['loric']
loricating ,['loric']
loricate ,['loric']
lorication ,['loric']
lorikeet ,['lorikeet']
lorimer ,['lorim']
loriner ,['lorin']
loring ,['lore']
loriot ,['loriot']
loris ,['lori']
lorn ,['lorn']
lorries ,['lorri']
lorrie ,['lorri']
lorry ,['lorri']
lories ,['lori']
lory ,['lori']
los ,['lo']
losable ,['losabl']
losange ,['losang']
losing ,['lose']
lose ,['lose']
losel ,['losel']
losenger ,['loseng']
losengerie ,['losengeri']
loser ,['loser']
losingly ,['losingli']
loss ,['loss']
lossful ,['loss']
lossless ,['lossless']
lost ,['lost']
lot ,['lot']
lotted ,['lot']
lotting ,['lot']
lote ,['lote']
loth ,['loth']
lothly ,['lothli']
lothsome ,['lothsom']
lothario ,['lothario']
lotion ,['lotion']
loto ,['loto']
lotong ,['lotong']
lotophagi ,['lotophagi']
lotos ,['loto']
lotteries ,['lotteri']
lottery ,['lotteri']
lotto ,['lotto']
loture ,['lotur']
lotus ,['lotu']
lotus-eater ,"['lotu', 'eater']"
lotos-eater ,"['loto', 'eater']"
louchettes ,['louchett']
loud ,['loud']
loudful ,['loud']
loudly ,['loudli']
loud-mouthed ,"['loud', 'mouth']"
loudness ,['loud']
loud-voiced ,"['loud', 'voic']"
lough ,['lough']
louis d''or ,['loui']
lonis quatorze ,"['loni', 'quatorz']"
"""""""""""""""""""""""""""""""louk """"""""""""""",['louk']
lounged ,['loung']
lounging ,['loung']
lounge ,['loung']
lounger ,['lounger']
loup ,['loup']
loup-cervier ,"['loup', 'cervier']"
loup-loup ,"['loup', 'loup']"
loups ,['loup']
lour ,['lour']
louri ,['louri']
louse ,['lous']
lousewort ,['lousewort']
lousily ,['lousili']
lousiness ,['lousi']
lousy ,['lousi']
lout ,['lout']
loutish ,['loutish']
loutou ,['loutou']
louver ,['louver']
louvre ,['louvr']
lovable ,['lovabl']
lovage ,['lovag']
love ,['love']
loved ,['love']
loving ,['love']
loveable ,['loveabl']
love-drury ,"['love', 'druri']"
lovee ,['love']
loveful ,['love']
loveless ,['loveless']
lovelily ,['lovelili']
loveliness ,['loveli']
lovelock ,['lovelock']
lovelorn ,['lovelorn']
lovely ,['love']
love-making ,"['love', 'make']"
lovemonger ,['lovemong']
lover ,['lover']
lovery ,['loveri']
loverwise ,['loverwis']
love-sick ,"['love', 'sick']"
love-sickness ,"['love', 'sick']"
lovesome ,['lovesom']
loving-kindness ,"['love', 'kind']"
lovingly ,['lovingli']
lovingness ,['loving']
lovyer ,['lovyer']
low ,['low']
lowed ,['low']
lowing ,['low']
lowbell ,['lowbel']
lowborn ,['lowborn']
lowbred ,['lowbr']
low-church ,"['low', 'church']"
low-churchism ,"['low', 'churchism']"
low-churchman ,"['low', 'churchman']"
low-churchmanship ,"['low', 'churchmanship']"
lower ,['lower']
lowered ,['lower']
lowering ,['lower']
lower-case ,"['lower', 'case']"
loweringly ,['loweringli']
lowermost ,['lowermost']
lowery ,['loweri']
lowgh ,['lowgh']
lowh ,['lowh']
lowish ,['lowish']
lowk ,['lowk']
lowland ,['lowland']
lowlander ,['lowland']
lowlihood ,['lowlihood']
lowlihead ,['lowlihead']
lowlily ,['lowlili']
lowliness ,['lowli']
low-lived ,"['low', 'live']"
lowly ,['lowli']
low-minded ,"['low', 'mind']"
low-mindedness ,"['low', 'minded']"
lown ,['lown']
low-necked ,"['low', 'neck']"
lowness ,['low']
low-pressure ,"['low', 'pressur']"
lowry ,['lowri']
low-spirited ,"['low', 'spirit']"
low-studded ,"['low', 'stud']"
low-thoughted ,"['low', 'thought']"
loxodromic ,['loxodrom']
loxodromics ,['loxodrom']
loxodremism ,['loxodrem']
loxodromy ,['loxodromi']
loy ,['loy']
loyal ,['loyal']
loyalist ,['loyalist']
loyally ,['loyal']
loyalness ,['loyal']
loyalty ,['loyalti']
lozenge ,['lozeng']
lozenged ,['lozeng']
lozenge-shaped ,"['lozeng', 'shape']"
lozengy ,['lozengi']
lu ,['lu']
lubbard ,['lubbard']
lubber ,['lubber']
lubberly ,['lubberli']
lubric ,['lubric']
lubrical ,['lubric']
lubricant ,['lubric']
lubricate ,['lubric']
lubrication ,['lubric']
lubricator ,['lubric']
lubricitate ,['lubricit']
lubricity ,['lubric']
lubricous ,['lubric']
lubrification ,['lubrif']
lubrifaction ,['lubrifact']
lucarne ,['lucarn']
lucchese ,['lucches']
luce ,['luce']
lucency ,['lucenc']
lucent ,['lucent']
lucern ,['lucern']
lucernal ,['lucern']
lucernaria ,['lucernaria']
lucernarian ,['lucernarian']
lucernarida ,['lucernarida']
lucerne ,['lucern']
lucid ,['lucid']
lucidity ,['lucid']
lucidly ,['lucidli']
lucidness ,['lucid']
lucifer ,['lucif']
luciferian ,['luciferian']
luciferous ,['lucifer']
luciferously ,['lucifer']
lucific ,['lucif']
luciform ,['luciform']
lucifrian ,['lucifrian']
lucimeter ,['lucimet']
luck ,['luck']
luckily ,['luckili']
luckiness ,['lucki']
luckless ,['luckless']
lucky ,['lucki']
lucky proach ,"['lucki', 'proach']"
lucrative ,['lucr']
lucratively ,['lucr']
lucre ,['lucr']
lucriferous ,['lucrifer']
lucrific ,['lucrif']
luctation ,['luctat']
luctual ,['luctual']
lucubrated ,['lucubr']
lucubrate ,['lucubr']
lucubration ,['lucubr']
lucubrator ,['lucubr']
lucubratory ,['lucubratori']
lucule ,['lucul']
luculent ,['lucul']
luculently ,['lucul']
lucullite ,['lucullit']
lucuma ,['lucuma']
luddite ,['luddit']
ludibrious ,['ludibri']
ludibund ,['ludibund']
ludicrous ,['ludicr']
ludification ,['ludif']
ludificatory ,['ludificatori']
ludlamite ,['ludlamit']
ludlow group ,"['ludlow', 'group']"
ludwigite ,['ludwigit']
lues ,['lue']
luff ,['luff']
luffed ,['luf']
luffing ,['luf']
luffer ,['luffer']
lug ,['lug']
lugged ,['lug']
lugging ,['lug']
luggage ,['luggag']
lugger ,['lugger']
lugmark ,['lugmark']
lugsail ,['lugsail']
lugubrious ,['lugubri']
lugworm ,['lugworm']
luke ,['luke']
lukewarm ,['lukewarm']
lulled ,['lull']
lulling ,['lull']
lull ,['lull']
lullaby ,['lullabi']
luller ,['luller']
lullingly ,['lullingli']
lum ,['lum']
lumachel ,['lumachel']
lumachella ,['lumachella']
lumbaginous ,['lumbagin']
lumbago ,['lumbago']
lumbar ,['lumbar']
lumbal ,['lumbal']
lumber ,['lumber']
lumbered ,['lumber']
lumbering ,['lumber']
lumberer ,['lumber']
lumbermen ,['lumbermen']
lumberman ,['lumberman']
lumbosacral ,['lumbosacr']
lumbric ,['lumbric']
lumbrical ,['lumbric']
lumbriciform ,['lumbriciform']
lumbricoid ,['lumbricoid']
lumbricus ,['lumbricu']
luminant ,['lumin']
luminaries ,['luminari']
luminary ,['luminari']
luminate ,['lumin']
lumination ,['lumin']
lumine ,['lumin']
luminiferous ,['luminifer']
luminosity ,['luminos']
luminous ,['lumin']
lummox ,['lummox']
lump ,['lump']
lumped ,['lump']
lumping ,['lump']
lumper ,['lumper']
lumpfish ,['lumpfish']
lumpish ,['lumpish']
lumpsucker ,['lumpsuck']
lumpy ,['lumpi']
luna ,['luna']
lunacies ,['lunaci']
lunacy ,['lunaci']
lunar ,['lunar']
lunarian ,['lunarian']
lunary ,['lunari']
"""""""""""""""""""""""""""""""lunary """"""""""""""",['lunari']
lunate ,['lunat']
lunated ,['lunat']
lunatic ,['lunat']
lunation ,['lunat']
lunch ,['lunch']
lunched ,['lunch']
lunching ,['lunch']
luncheon ,['luncheon']
lune ,['lune']
lunet ,['lunet']
lunette ,['lunett']
lung ,['lung']
lunge ,['lung']
lunged ,['lung']
lunging ,['lung']
lungfish ,['lungfish']
lung-grown ,"['lung', 'grown']"
lungie ,['lungi']
lungis ,['lungi']
lungless ,['lungless']
lungoor ,['lungoor']
lungworm ,['lungworm']
lungwort ,['lungwort']
lunicurrent ,['lunicurr']
luniform ,['luniform']
lunisolar ,['lunisolar']
lunistice ,['lunistic']
lunitidal ,['lunitid']
lunt ,['lunt']
lunulae ,['lunula']
lunula ,['lunula']
lunular ,['lunular']
lunulate ,['lunul']
lunulated ,['lunul']
lunule ,['lunul']
lunulet ,['lunulet']
lunulite ,['lunulit']
luny ,['luni']
lupercal ,['luperc']
lupercalia ,['lupercalia']
lupine ,['lupin']
lupinin ,['lupinin']
lupinine ,['lupinin']
lupulin ,['lupulin']
lupuline ,['lupulin']
lupulinic ,['lupulin']
lupus ,['lupu']
lurcation ,['lurcat']
lurch ,['lurch']
lurched ,['lurch']
lurching ,['lurch']
lurcher ,['lurcher']
lurchline ,['lurchlin']
lurdan ,['lurdan']
lure ,['lure']
lured ,['lure']
luring ,['lure']
lurg ,['lurg']
lurid ,['lurid']
lurked ,['lurk']
lurking ,['lurk']
lurk ,['lurk']
lurker ,['lurker']
lurry ,['lurri']
luscious ,['lusciou']
lusern ,['lusern']
lush ,['lush']
lushburg ,['lushburg']
lusitanian ,['lusitanian']
lusk ,['lusk']
luskish ,['luskish']
lusorious ,['lusori']
lusory ,['lusori']
lussheburgh ,['lussheburgh']
lust ,['lust']
lusted ,['lust']
lusting ,['lust']
luster ,['luster']
luster lustre ,"['luster', 'lustr']"
lustre ,['lustr']
lustred ,['lustr']
lustering ,['luster']
lustring ,['lustr']
lusterless ,['lusterless']
lustreless ,['lustreless']
lustful ,['lust']
lustic ,['lustic']
lustihead ,['lustihead']
lustihood ,['lustihood']
lustily ,['lustili']
lustiness ,['lusti']
lustless ,['lustless']
lustral ,['lustral']
lustrated ,['lustrat']
lustrating ,['lustrat']
lustrate ,['lustrat']
lustration ,['lustrat']
lustrical ,['lustric']
lustrous ,['lustrou']
lustrums ,['lustrum']
lustra ,['lustra']
lustrum ,['lustrum']
lustwort ,['lustwort']
lusty ,['lusti']
lusus naturae ,"['lusu', 'natura']"
lutanist ,['lutanist']
lutarious ,['lutari']
lutation ,['lutat']
lute ,['lute']
luted ,['lute']
luting ,['lute']
lute-backed ,"['lute', 'back']"
luteic ,['luteic']
lutein ,['lutein']
lutenist ,['lutenist']
luteo- ,['luteo']
luteocobaltic ,['luteocobalt']
luteolin ,['luteolin']
luteous ,['luteou']
luter ,['luter']
lutescent ,['lutesc']
lutestring ,['lutestr']
luth ,['luth']
lutheran ,['lutheran']
lutheranism ,['lutheran']
lutherism ,['luther']
luthern ,['luthern']
lutidine ,['lutidin']
lutist ,['lutist']
lutose ,['lutos']
lutulence ,['lutul']
lutulent ,['lutul']
luwack ,['luwack']
lux ,['lux']
luxate ,['luxat']
luxated ,['luxat']
luxating ,['luxat']
luxation ,['luxat']
luxe ,['lux']
luxive ,['luxiv']
luxullianite ,['luxullianit']
luxuriance ,['luxuri']
luxuriancy ,['luxuri']
luxuriant ,['luxuri']
luxuriantly ,['luxuriantli']
luxuriated ,['luxuri']
luxuriating ,['luxuri']
luxuriate ,['luxuri']
luxuriation ,['luxuri']
luxuriety ,['luxurieti']
luxurious ,['luxuri']
luxurist ,['luxurist']
luxuries ,['luxuri']
luxury ,['luxuri']
luz ,['luz']
lyam ,['lyam']
lycanthrope ,['lycanthrop']
lycanthropia ,['lycanthropia']
lycanthropic ,['lycanthrop']
lycanthropist ,['lycanthropist']
lycanthropous ,['lycanthrop']
lycanthropy ,['lycanthropi']
lyceums ,['lyceum']
lycea ,['lycea']
lyceum ,['lyceum']
lyche ,['lych']
lychee ,['lyche']
lych gate ,"['lych', 'gate']"
lychnis ,['lychni']
lychnobite ,['lychnobit']
lychnoscope ,['lychnoscop']
lycine ,['lycin']
lycoperdon ,['lycoperdon']
lycopod ,['lycopod']
lycopode ,['lycopod']
lycopodiaceous ,['lycopodiac']
lycopodite ,['lycopodit']
lycopodium ,['lycopodium']
lycotropous ,['lycotrop']
lyden ,['lyden']
lydian ,['lydian']
lydine ,['lydin']
lye ,['lye']
lyencephala ,['lyencephala']
lyencephalous ,['lyencephal']
lyerman ,['lyerman']
lygodium ,['lygodium']
lying-in ,['lie']
lyingly ,['lyingli']
lyken ,['lyken']
lym ,['lym']
lymhound ,['lymhound']
lymail ,['lymail']
lyme grass ,"['lyme', 'grass']"
lymph ,['lymph']
lymphadenitis ,['lymphaden']
lymphadenoma ,['lymphadenoma']
lymphangeitis ,['lymphang']
lymphangial ,['lymphangi']
lymphate ,['lymphat']
lymphated ,['lymphat']
lymphatic ,['lymphat']
lymphitis ,['lymphiti']
lymphogenic ,['lymphogen']
lymphography ,['lymphographi']
lymphoid ,['lymphoid']
lymphoma ,['lymphoma']
lymphy ,['lymphi']
lyn ,['lyn']
lyncean ,['lyncean']
lynched ,['lynch']
lynching ,['lynch']
lynch ,['lynch']
lyncher ,['lyncher']
lynch law ,"['lynch', 'law']"
lynde ,['lynd']
lynden ,['lynden']
lyne ,['lyne']
lynx ,['lynx']
lynx-eyed ,"['lynx', 'eye']"
lyonnaise ,['lyonnais']
lyopomata ,['lyopomata']
lyra ,['lyra']
lyraid ,['lyraid']
lyrate ,['lyrat']
lyrated ,['lyrat']
lyre ,['lyre']
lyre bird ,"['lyre', 'bird']"
lyric ,['lyric']
lyrical ,['lyric']
lyrically ,['lyric']
lyricism ,['lyric']
lyrid ,['lyrid']
lyrie ,['lyri']
lyriferous ,['lyrifer']
lyrism ,['lyrism']
lyrist ,['lyrist']
lysimeter ,['lysimet']
lysis ,['lysi']
lyssa ,['lyssa']
lyterian ,['lyterian']
lythe ,['lyth']
lythonthriptic ,['lythonthript']
lythontriptic ,['lythontript']
lyttae ,['lytta']
lytta ,['lytta']
