word,format
o ,[]
o''s ,[]
oes ,['oe']
o'' ,[]
oad ,['oad']
oaf ,['oaf']
oafish ,['oafish']
oak ,['oak']
oaken ,['oaken']
oaker ,['oaker']
oakling ,['oakl']
oakum ,['oakum']
oaky ,['oaki']
oar ,['oar']
oared ,['oar']
oaring ,['oar']
oarfish ,['oarfish']
oarfoot ,['oarfoot']
oar-footed ,"['oar', 'foot']"
oarless ,['oarless']
oarlock ,['oarlock']
oarsmen ,['oarsmen']
oarsman ,['oarsman']
oarsweed ,['oarswe']
oary ,['oari']
oases ,['oas']
oasis ,['oasi']
oast ,['oast']
oats ,['oat']
oat ,['oat']
oatcake ,['oatcak']
oaten ,['oaten']
oaths ,['oath']
oath ,['oath']
oathable ,['oathabl']
oathbreaking ,['oathbreak']
oatmeal ,['oatmeal']
ob- ,['ob']
obcompressed ,['obcompress']
obconic ,['obcon']
obconical ,['obcon']
obcordate ,['obcord']
obdiplostemonous ,['obdiplostemon']
obdiplostemony ,['obdiplostemoni']
obdormition ,['obdormit']
obduce ,['obduc']
obduct ,['obduct']
obduction ,['obduct']
obduracy ,['obduraci']
obdurate ,['obdur']
obduration ,['obdur']
obdure ,['obdur']
obdured ,['obdur']
obdureness ,['obdur']
obduredness ,['obdured']
obbe ,['obb']
obeah ,['obeah']
obedible ,['obed']
obedience ,['obedi']
obedienciary ,['obedienciari']
obedient ,['obedi']
obediential ,['obedienti']
obediently ,['obedi']
obeisance ,['obeis']
obeisancy ,['obeis']
obeisant ,['obeis']
obelion ,['obelion']
obeliscal ,['obelisc']
obelisk ,['obelisk']
obelisked ,['obelisk']
obelisking ,['obelisk']
obelized ,['obel']
obelizing ,['obel']
obelize ,['obel']
obeli ,['obe']
obelus ,['obelu']
obequitate ,['obequit']
oberon ,['oberon']
oberration ,['oberr']
obese ,['obes']
obeseness ,['obes']
obesity ,['obes']
obeyed ,['obey']
obeying ,['obey']
obey ,['obey']
obeyer ,['obey']
obeyingly ,['obeyingli']
obfirm ,['obfirm']
obfirmate ,['obfirm']
obfirmation ,['obfirm']
obfuscate ,['obfusc']
obfuscated ,['obfusc']
obfuscating ,['obfusc']
obfuscation ,['obfusc']
obi ,['obi']
obimbricate ,['obimbr']
obit ,['obit']
obiter ,['obit']
obitual ,['obitu']
obituarily ,['obituarili']
obiyuary ,['obiyuari']
obituaries ,['obituari']
obituary ,['obituari']
objected ,['object']
objecting ,['object']
object ,['object']
objectable ,['object']
objectify ,['objectifi']
objection ,['object']
objectionable ,['objection']
objectist ,['objectist']
objectivate ,['objectiv']
objectivation ,['objectiv']
objective ,['object']
objectively ,['object']
objectiveness ,['object']
objectivity ,['object']
obectize ,['obect']
objectless ,['objectless']
objector ,['objector']
objibways ,['objibway']
objicient ,['objici']
objuration ,['objur']
objurgated ,['objurg']
objurgating ,['objurg']
objurgate ,['objurg']
objurgation ,['objurg']
objurgatory ,['objurgatori']
oblanceolate ,['oblanceol']
oblate ,['oblat']
oblateness ,['oblat']
oblati ,['oblati']
oblation ,['oblat']
oblationer ,['oblation']
oblatrate ,['oblatr']
oblatration ,['oblatr']
oblata ,['oblata']
oblatum ,['oblatum']
oblectate ,['oblect']
oblectation ,['oblect']
obligable ,['oblig']
obligated ,['oblig']
obligating ,['oblig']
obligate ,['oblig']
obligation ,['oblig']
obligato ,['obligato']
obligatorily ,['obligatorili']
obligatoriness ,['obligatori']
obligatory ,['obligatori']
obliged ,['oblig']
obliging ,['oblig']
oblige ,['oblig']
obligee ,['oblige']
obligement ,['oblig']
obliger ,['oblig']
obligor ,['obligor']
obliquation ,['obliqu']
oblique ,['obliqu']
obliqued ,['obliqu']
obliquing ,['obliqu']
oblique-angled ,"['obliqu', 'angl']"
obliquely ,['obliqu']
obliqueness ,['obliqu']
obliquities ,['obliqu']
obliquity ,['obliqu']
oblite ,['oblit']
obliterated ,['obliter']
obliterating ,['obliter']
obliterate ,['obliter']
obliteration ,['obliter']
obliterative ,['oblit']
oblivion ,['oblivion']
oblivious ,['oblivi']
oblocutor ,['oblocutor']
oblong ,['oblong']
oblongata ,['oblongata']
oblongatal ,['oblongat']
oblongish ,['oblongish']
oblongly ,['oblongli']
oblongness ,['oblong']
oblong-ovate ,"['oblong', 'ovat']"
oblonga ,['oblonga']
oblongum ,['oblongum']
obloquious ,['obloqui']
obloquy ,['obloquy']
obluctation ,['obluct']
obmutescence ,['obmutesc']
obnoxious ,['obnoxi']
obnubilate ,['obnubil']
oboe ,['obo']
oboist ,['oboist']
obolary ,['obolari']
obole ,['obol']
obolize ,['obol']
obolo ,['obolo']
oboli ,['oboli']
obolus ,['obolu']
obomegoid ,['obomegoid']
oboval ,['obov']
obovate ,['obov']
obreption ,['obrept']
obreptitious ,['obreptiti']
obrogate ,['obrog']
obrok ,['obrok']
obscene ,['obscen']
obscenities ,['obscen']
obscenity ,['obscen']
obscurant ,['obscur']
obscurantism ,['obscurant']
obscurantist ,['obscurantist']
obscuration ,['obscur']
obscure ,['obscur']
obscured ,['obscur']
obscuring ,['obscur']
obscurely ,['obscur']
obscurement ,['obscur']
obscureness ,['obscur']
obscurer ,['obscur']
obscurity ,['obscur']
obsecrated ,['obsecr']
obsecrating ,['obsecr']
obsecrate ,['obsecr']
obsecration ,['obsecr']
obsecratory ,['obsecratori']
obsequent ,['obsequ']
obsequience ,['obsequi']
obsequies ,['obsequi']
obsequious ,['obsequi']
obsequiously ,['obsequi']
obsequiousness ,['obsequi']
obsequy ,['obsequy']
observable ,['observ']
observance ,['observ']
observancy ,['observ']
observanda ,['observanda']
observandum ,['observandum']
observant ,['observ']
observantine ,['observantin']
observantly ,['observantli']
observation ,['observ']
observational ,['observ']
observative ,['observ']
observator ,['observ']
observatories ,['observatori']
observatory ,['observatori']
observed ,['observ']
observing ,['observ']
observe ,['observ']
observer ,['observ']
observership ,['observership']
obsess ,['obsess']
obsession ,['obsess']
obsidian ,['obsidian']
obsidional ,['obsidion']
obsigillation ,['obsigil']
obsign ,['obsign']
obsignate ,['obsign']
obsignation ,['obsign']
obsignatory ,['obsignatori']
obsolesce ,['obsolesc']
obsolescence ,['obsolesc']
obsolescent ,['obsolesc']
obsolete ,['obsolet']
obsoletely ,['obsolet']
obsoleteness ,['obsolet']
obsoletism ,['obsolet']
obstacle ,['obstacl']
obstancy ,['obstanc']
obstetric ,['obstetr']
obstetrical ,['obstetr']
obstetricate ,['obstetr']
obstetrication ,['obstetr']
obstetrician ,['obstetrician']
obstetricious ,['obstetrici']
obstetrics ,['obstetr']
obstetricy ,['obstetrici']
obstinacy ,['obstinaci']
obstinate ,['obstin']
obstination ,['obstin']
obstipation ,['obstip']
obstreperous ,['obstreper']
obstriction ,['obstrict']
obstringe ,['obstring']
obstructed ,['obstruct']
obstructing ,['obstruct']
obstruct ,['obstruct']
obstructer ,['obstruct']
obstruction ,['obstruct']
obstructionism ,['obstruction']
obstructionist ,['obstructionist']
obstructive ,['obstruct']
obstruent ,['obstruent']
obstupefaction ,['obstupefact']
obstupefactive ,['obstupefact']
obstupefy ,['obstupefi']
obtained ,['obtain']
obtaining ,['obtain']
obtain ,['obtain']
obtainable ,['obtain']
obtainer ,['obtain']
obtainment ,['obtain']
obtected ,['obtect']
obtemper ,['obtemp']
obtemperate ,['obtemper']
obtended ,['obtend']
obtending ,['obtend']
obtend ,['obtend']
obtenebration ,['obtenebr']
obtension ,['obtens']
obtested ,['obtest']
obtesting ,['obtest']
obtest ,['obtest']
obtestation ,['obtest']
obtrectation ,['obtrect']
obtruded ,['obtrud']
obtruding ,['obtrud']
obtrude ,['obtrud']
obtruder ,['obtrud']
obtruncate ,['obtrunc']
obtruncation ,['obtrunc']
obtrusion ,['obtrus']
obtrusionist ,['obtrusionist']
obtrusive ,['obtrus']
obtunded ,['obtund']
obtunding ,['obtund']
obtund ,['obtund']
obtundent ,['obtund']
obtunder ,['obtund']
obturation ,['obtur']
obturator ,['obtur']
obtusangular ,['obtusangular']
obtuse ,['obtus']
obtuse-angled ,"['obtus', 'angl']"
obtuse-angular ,"['obtus', 'angular']"
obtusely ,['obtus']
obtuseness ,['obtus']
obtusion ,['obtus']
obtusity ,['obtus']
obumbrant ,['obumbr']
obumbrate ,['obumbr']
obumbration ,['obumbr']
obuncous ,['obunc']
obvention ,['obvent']
obversant ,['obvers']
obverse ,['obvers']
obversely ,['obvers']
obversion ,['obvers']
obverted ,['obvert']
obverting ,['obvert']
obvert ,['obvert']
obviated ,['obviat']
obviating ,['obviat']
obviate ,['obviat']
obviation ,['obviat']
obvious ,['obviou']
obvolute ,['obvolut']
obvoluted ,['obvolut']
oby ,['obi']
oca ,['oca']
occamy ,['occami']
occasion ,['occas']
occasioned ,['occas']
occasioning ,['occas']
occasionable ,['occasion']
occasional ,['occasion']
occasionalism ,['occasion']
occasionality ,['occasion']
occasionally ,['occasion']
occasionate ,['occasion']
occasioner ,['occasion']
occasive ,['occas']
occecation ,['occec']
occident ,['occid']
occidental ,['occident']
occidentals ,['occident']
occiduous ,['occidu']
occipital ,['occipit']
occipito- ,['occipito']
occipitoaxial ,['occipitoaxi']
occipita ,['occipita']
occiputs ,['occiput']
occiput ,['occiput']
occision ,['occis']
occlude ,['occlud']
occludent ,['occlud']
occluse ,['occlus']
occlusion ,['occlus']
occrustate ,['occrust']
occult ,['occult']
occultation ,['occult']
occulted ,['occult']
occulting ,['occult']
occultism ,['occult']
occultist ,['occultist']
occultly ,['occultli']
occultness ,['occult']
occupancy ,['occup']
occupant ,['occup']
occupate ,['occup']
occupation ,['occup']
occupier ,['occupi']
occupied ,['occupi']
occupying ,['occupi']
occupy ,['occupi']
occurred ,['occur']
occurring ,['occur']
occur ,['occur']
occurrence ,['occurr']
occurrent ,['occurr']
occurse ,['occurs']
occursion ,['occurs']
ocean ,['ocean']
oceanic ,['ocean']
oceanography ,['oceanographi']
oceanology ,['oceanolog']
oceanus ,['oceanu']
ocellary ,['ocellari']
ocellate ,['ocel']
ocellated ,['ocel']
ocelli ,['ocelli']
ocellus ,['ocellu']
oceloid ,['oceloid']
ocelot ,['ocelot']
ocher ,['ocher']
ochre ,['ochr']
ocherous ,['ocher']
ochreous ,['ochreou']
ochery ,['ocheri']
ochimy ,['ochimi']
ochlesis ,['ochlesi']
ochlocracy ,['ochlocraci']
ochlocratic ,['ochlocrat']
ochlocratical ,['ochlocrat']
ochraceous ,['ochrac']
ochreaee ,['ochreae']
ochrea ,['ochrea']
ochreate ,['ochreat']
ochreated ,['ochreat']
ochrey ,['ochrey']
ochroleucous ,['ochroleuc']
ochry ,['ochri']
ochymy ,['ochymi']
#NAME?,['name']
ocra ,['ocra']
ocrea ,['ocrea']
ocreate ,['ocreat']
ocreated ,['ocreat']
octa- ,['octa']
octachord ,['octachord']
octad ,['octad']
octaedral ,['octaedr']
octaemeron ,['octaemeron']
octagon ,['octagon']
octagonal ,['octagon']
octagynous ,['octagyn']
octahedral ,['octahedr']
octahedrite ,['octahedrit']
octahedron ,['octahedron']
octamerous ,['octamer']
octameter ,['octamet']
octander ,['octand']
octandria ,['octandria']
octandrian ,['octandrian']
octandrous ,['octandr']
octane ,['octan']
octangular ,['octangular']
octant ,['octant']
octapla ,['octapla']
octaroon ,['octaroon']
octastyle ,['octastyl']
octateuch ,['octateuch']
octavalent ,['octaval']
octave ,['octav']
octavos ,['octavo']
octavo ,['octavo']
octene ,['octen']
octennial ,['octenni']
octet ,['octet']
octic ,['octic']
octile ,['octil']
octillion ,['octillion']
octo- ,['octo']
octoate ,['octoat']
october ,['octob']
octocera ,['octocera']
octocerata ,['octocerata']
octochord ,['octochord']
octodecimo ,['octodecimo']
octodecimos ,['octodecimo']
octodentate ,['octodent']
octodont ,['octodont']
octoedrical ,['octoedr']
octofid ,['octofid']
octogamy ,['octogami']
octogenarian ,['octogenarian']
octogenary ,['octogenari']
octogild ,['octogild']
octogonal ,['octogon']
octogynia ,['octogynia']
octogynian ,['octogynian']
octogynous ,['octogyn']
octoic ,['octoic']
octolocular ,['octolocular']
octonaphthene ,['octonaphthen']
octonary ,['octonari']
octonocular ,['octonocular']
octopede ,['octoped']
octopetalous ,['octopetal']
octopod ,['octopod']
octopoda ,['octopoda']
octopodia ,['octopodia']
octopus ,['octopu']
octoradiated ,['octoradi']
octoroon ,['octoroon']
octospermous ,['octosperm']
octostichous ,['octostich']
octostyle ,['octostyl']
octosyllabic ,['octosyllab']
octosyllabical ,['octosyllab']
octosyllable ,['octosyl']
octoyl ,['octoyl']
octroi ,['octroi']
octuor ,['octuor']
octuple ,['octupl']
octyl ,['octyl']
octylene ,['octylen']
octylic ,['octyl']
ocular ,['ocular']
ocularly ,['ocularli']
oculary ,['oculari']
oculate ,['ocul']
oculated ,['ocul']
oculiform ,['oculiform']
oculina ,['oculina']
oculinacea ,['oculinacea']
oculist ,['oculist']
oculo- ,['oculo']
oculomotor ,['oculomotor']
oculonasal ,['oculonas']
oculi ,['oculi']
oculus ,['oculu']
ocypodian ,['ocypodian']
od ,['od']
odalisque ,['odalisqu']
odd ,['odd']
odd fellow ,"['odd', 'fellow']"
oddities ,['odditi']
oddity ,['odditi']
oddly ,['oddli']
oddness ,['odd']
odds ,['odd']
ode ,['ode']
odelet ,['odelet']
odeon ,['odeon']
odeum ,['odeum']
odible ,['odibl']
odic ,['odic']
odin ,['odin']
odinic ,['odin']
odious ,['odiou']
odist ,['odist']
odium ,['odium']
odized ,['odiz']
odizing ,['odiz']
odize ,['odiz']
odmyl ,['odmyl']
odometer ,['odomet']
odometrical ,['odometr']
odometrous ,['odometr']
odometry ,['odometri']
odonata ,['odonata']
odontalgia ,['odontalgia']
odontalgic ,['odontalg']
odontalgy ,['odontalgi']
odontiasis ,['odontiasi']
odonto- ,['odonto']
odontoblast ,['odontoblast']
odontocete ,['odontocet']
odontogeny ,['odontogeni']
odontograph ,['odontograph']
odontographic ,['odontograph']
odontography ,['odontographi']
odontoid ,['odontoid']
odontolcae ,['odontolca']
odontolite ,['odontolit']
odontology ,['odontolog']
odontophora ,['odontophora']
odontophore ,['odontophor']
odontophorous ,['odontophor']
odontoplast ,['odontoplast']
odontopteryx ,['odontopteryx']
odontornithes ,['odontornith']
odontostomatous ,['odontostomat']
odontotormae ,['odontotorma']
odor ,['odor']
odorament ,['odora']
odorant ,['odor']
odorate ,['odor']
odorating ,['odor']
odoriferous ,['odorifer']
odorline ,['odorlin']
odorless ,['odorless']
odorous ,['odor']
ods ,['od']
odyl ,['odyl']
odyle ,['odyl']
odylic ,['odyl']
odyssey ,['odyssey']
oe ,['oe']
oecoid ,['oecoid']
oecology ,['oecolog']
oeconomical ,['oeconom']
oeconomics ,['oeconom']
oeconomy ,['oeconomi']
oecumenical ,['oecumen']
oedema ,['oedema']
oedematous ,['oedemat']
oeiliad ,['oeiliad']
oeillade ,['oeillad']
oelet ,['oelet']
oenanthate ,['oenanth']
oenanthic ,['oenanth']
oenanthol ,['oenanthol']
oenanthone ,['oenanthon']
oenanthyl ,['oenanthyl']
oenanthylate ,['oenanthyl']
oenanthylic ,['oenanthyl']
oenanthylidene ,['oenanthyliden']
oenanthylous ,['oenanthyl']
oenocyan ,['oenocyan']
oenology ,['oenolog']
oenomania ,['oenomania']
oenomel ,['oenomel']
oenometer ,['oenomet']
oenophilist ,['oenophilist']
oenothionic ,['oenothion']
o''er ,['er']
oesophagus ,['oesophagu']
oesophageal ,['oesophag']
oestrian ,['oestrian']
oestrual ,['oestrual']
oestruation ,['oestruat']
oestrus ,['oestru']
of ,[]
off ,[]
offal ,['offal']
offcut ,['offcut']
offence ,['offenc']
offended ,['offend']
offending ,['offend']
offend ,['offend']
odfend ,['odfend']
offendant ,['offend']
offender ,['offend']
offendress ,['offendress']
offense ,['offens']
offenseful ,['offens']
offenseless ,['offenseless']
offensible ,['offens']
offension ,['offens']
offensive ,['offens']
offered ,['offer']
offering ,['offer']
offer ,['offer']
offerable ,['offer']
offerer ,['offer']
offertories ,['offertori']
offertory ,['offertori']
offerture ,['offertur']
offhand ,['offhand']
office ,['offic']
officeholder ,['officehold']
officer ,['offic']
officered ,['offic']
officering ,['offic']
official ,['offici']
officialism ,['offici']
officialily ,['officialili']
officially ,['offici']
officialty ,['officialti']
officiant ,['offici']
officiary ,['officiari']
officiated ,['offici']
officiating ,['offici']
officiate ,['offici']
officiator ,['offici']
officinal ,['officin']
officious ,['offici']
offing ,['of']
offish ,['offish']
offlet ,['offlet']
offscouring ,['offscour']
offscum ,['offscum']
offset ,['offset']
offsetting ,['offset']
offshoot ,['offshoot']
offshore ,['offshor']
offskip ,['offskip']
offspring ,['offspr']
offuscate ,['offusc']
offuscation ,['offusc']
oft ,['oft']
often ,['often']
oftenness ,['often']
oftensith ,['oftensith']
oftentide ,['oftentid']
oftentimes ,['oftentim']
ofter ,['ofter']
ofttimes ,['ofttim']
ogam ,['ogam']
ogdoad ,['ogdoad']
ogdoastich ,['ogdoastich']
ogee ,['oge']
ogeechee lime ,"['ogeeche', 'lime']"
ogganition ,['ogganit']
ogham ,['ogham']
ogive ,['ogiv']
ogled ,['ogl']
ogling ,['ogl']
ogle ,['ogl']
ogler ,['ogler']
oglio ,['oglio']
ogre ,['ogr']
ogreish ,['ogreish']
ogress ,['ogress']
ogreism ,['ogreism']
ogrism ,['ogrism']
ogygian ,['ogygian']
oh ,['oh']
ohm ,['ohm']
oho ,['oho']
oidium ,['oidium']
oil ,['oil']
oiled ,['oil']
oiling ,['oil']
oilbird ,['oilbird']
oilcloth ,['oilcloth']
oiler ,['oiler']
oilery ,['oileri']
oiliness ,['oili']
oillet ,['oillet']
oilmen ,['oilmen']
oilman ,['oilman']
oilnut ,['oilnut']
oilseed ,['oilse']
oilskin ,['oilskin']
oilstone ,['oilston']
oily ,['oili']
oinement ,['oinement']
oinomania ,['oinomania']
ointed ,['oint']
ointing ,['oint']
oint ,['oint']
ointment ,['ointment']
ojibways ,['ojibway']
ojo ,['ojo']
oke ,['oke']
okenite ,['okenit']
oker ,['oker']
okra ,['okra']
olay ,['olay']
old ,['old']
olden ,['olden']
old-fashioned ,"['old', 'fashion']"
old-gentlemanly ,"['old', 'gentlemanli']"
oldish ,['oldish']
old lang syne ,"['old', 'lang', 'syne']"
old-maidish ,"['old', 'maidish']"
old-maidism ,"['old', 'maidism']"
oldness ,['old']
oldster ,['oldster']
old-womanish ,"['old', 'womanish']"
olea ,['olea']
oleaceous ,['oleac']
oleaginous ,['oleagin']
oleaginousness ,['oleagin']
oleamen ,['oleamen']
oleander ,['oleand']
oleandrine ,['oleandrin']
oleaster ,['oleast']
oleate ,['oleat']
olecranal ,['olecran']
olecranon ,['olecranon']
olefiant ,['olefi']
olefine ,['olefin']
oleic ,['oleic']
oleiferous ,['oleifer']
olein ,['olein']
olent ,['olent']
oleograph ,['oleograph']
oleomargarine ,['oleomargarin']
oleometer ,['oleomet']
oleone ,['oleon']
oleoptene ,['oleopten']
oleoresin ,['oleoresin']
oleose ,['oleos']
oleous ,['oleou']
oleosity ,['oleos']
oleraceous ,['olerac']
olf ,['olf']
olfaction ,['olfact']
olfactive ,['olfact']
olfactor ,['olfactor']
olfactory ,['olfactori']
olfactories ,['olfactori']
oliban ,['oliban']
olibanum ,['olibanum']
olibene ,['oliben']
olid ,['olid']
olidous ,['olid']
olifant ,['olif']
oligandrous ,['oligandr']
oliganthous ,['oliganth']
oligarch ,['oligarch']
oligarchal ,['oligarch']
oligarchic ,['oligarch']
oligarchical ,['oligarch']
oligarchist ,['oligarchist']
oligarchies ,['oligarchi']
oligarchy ,['oligarchi']
oligist ,['oligist']
oligistic ,['oligist']
oligo- ,['oligo']
oligocene ,['oligocen']
oligochaeta ,['oligochaeta']
oligochete ,['oligochet']
oligoclase ,['oligoclas']
oligomerous ,['oligomer']
oligomyold ,['oligomyold']
oligopetalous ,['oligopetal']
oligosepalous ,['oligosepal']
oligosiderite ,['oligosiderit']
oligospermous ,['oligosperm']
oligotokous ,['oligotok']
olio ,['olio']
olitory ,['olitori']
oliva ,['oliva']
olivaceous ,['olivac']
olivary ,['olivari']
olivaster ,['olivast']
olive ,['oliv']
olived ,['oliv']
olivenite ,['olivenit']
oliver ,['oliv']
oliverian ,['oliverian']
olivewood ,['olivewood']
olivil ,['olivil']
olivin ,['olivin']
olivine ,['olivin']
olivite ,['olivit']
olla ,['olla']
olla-podrida ,"['olla', 'podrida']"
ology ,['olog']
olpe ,['olp']
olusatrum ,['olusatrum']
olympiad ,['olympiad']
olympian ,['olympian']
olympic ,['olymp']
olympionic ,['olympion']
omagra ,['omagra']
omahas ,['omaha']
omander wood ,"['omand', 'wood']"
omasum ,['omasum']
omber ,['omber']
ombre ,['ombr']
ombrometer ,['ombromet']
omega ,['omega']
omegoid ,['omegoid']
omelet ,['omelet']
omen ,['omen']
omened ,['omen']
omening ,['omen']
omental ,['oment']
omenta ,['omenta']
omentum ,['omentum']
omer ,['omer']
omiletical ,['omilet']
ominate ,['omin']
omination ,['omin']
ominous ,['omin']
omissible ,['omiss']
omission ,['omiss']
omissive ,['omiss']
omitted ,['omit']
omitting ,['omit']
omit ,['omit']
omittance ,['omitt']
omitter ,['omitt']
ommateal ,['ommat']
ommatea ,['ommatea']
ommateum ,['ommateum']
ommatidia ,['ommatidia']
ommatidium ,['ommatidium']
omni- ,['omni']
omnibus ,['omnibu']
omnicorporeal ,['omnicorpor']
omniety ,['omnieti']
omnifarious ,['omnifari']
omniferous ,['omnifer']
omnific ,['omnif']
omniform ,['omniform']
omniformity ,['omniform']
omnify ,['omnifi']
omnigenous ,['omnigen']
omnigraph ,['omnigraph']
omniparient ,['omnipari']
omniparity ,['omnipar']
omniparous ,['omnipar']
omnipatient ,['omnipati']
omnipercipience ,['omnipercipi']
omnipercipiency ,['omnipercipi']
omnipercipient ,['omnipercipi']
omnipotence ,['omnipot']
omnipotency ,['omnipot']
omnipotent ,['omnipot']
omnipotently ,['omnipot']
omnipresence ,['omnipres']
omnipresency ,['omnipres']
omnipresent ,['omnipres']
omnipresential ,['omnipresenti']
omniprevalent ,['omnipreval']
omniscience ,['omnisci']
omnisciency ,['omnisci']
omniscient ,['omnisci']
omniscious ,['omnisci']
omnispective ,['omnispect']
omnium ,['omnium']
omnium-gatherum ,"['omnium', 'gatherum']"
omnivagant ,['omnivag']
omnivora ,['omnivora']
omnivorous ,['omnivor']
omo- ,['omo']
omohyoid ,['omohyoid']
omophagic ,['omophag']
omoplate ,['omopl']
omostegite ,['omostegit']
omosternal ,['omostern']
omosternum ,['omosternum']
omphacine ,['omphacin']
omphalic ,['omphal']
omphalo- ,['omphalo']
omphalocele ,['omphalocel']
omphalode ,['omphalod']
omphalomancy ,['omphalom']
omphalomesaraic ,['omphalomesara']
omphalomesenteric ,['omphalomesenter']
omphalopsychite ,['omphalopsychit']
omphalopter ,['omphalopt']
omphaloptic ,['omphalopt']
omphalos ,['omphalo']
omphalotomy ,['omphalotomi']
omy ,['omi']
on ,[]
onagri ,['onagri']
onagers ,['onag']
onager ,['onag']
onagga ,['onagga']
onagraceous ,['onagrac']
onagrarieous ,['onagrari']
onanism ,['onan']
onappo ,['onappo']
ince ,['inc']
once ,[]
oncidium ,['oncidium']
oncograph ,['oncograph']
oncometer ,['oncomet']
oncotomy ,['oncotomi']
onde ,['ond']
on dit ,['dit']
one ,['one']
oneberry ,['oneberri']
one-hand ,"['one', 'hand']"
one-horse ,"['one', 'hors']"
oneidas ,['oneida']
oneirocritic ,['oneirocrit']
oneirocritical ,['oneirocrit']
oneirocriticism ,['oneirocritic']
oneirocritics ,['oneirocrit']
oneiromancy ,['oneirom']
oneiroscopist ,['oneiroscopist']
oneiroscopy ,['oneiroscopi']
oneliness ,['oneli']
onely ,['one']
onement ,['onement']
oneness ,['one']
onerary ,['onerari']
onerated ,['oner']
onerating ,['oner']
onerate ,['oner']
oneration ,['oner']
onerous ,['oner']
onerously ,['oner']
ones ,['one']
oneself ,['oneself']
one-sided ,"['one', 'side']"
onethe ,['oneth']
ongoing ,['ongo']
onguent ,['onguent']
on-hanger ,['hanger']
onion ,['onion']
onirocritic ,['onirocrit']
onliness ,['onli']
onloft ,['onloft']
on-looker ,['looker']
on-looking ,['look']
only ,[]
onocerin ,['onocerin']
onology ,['onolog']
onomancy ,['onom']
onomantic ,['onomant']
onomantical ,['onomant']
onomastic ,['onomast']
onomasticon ,['onomasticon']
onomatechny ,['onomatechni']
onomatologist ,['onomatologist']
onomatology ,['onomatolog']
onomatope ,['onomatop']
onomatopoeia ,['onomatopoeia']
onomatopoeic ,['onomatopo']
onomatopoetic ,['onomatopoet']
onomatopy ,['onomatopi']
onomomancy ,['onomom']
onondagas ,['onondaga']
onrush ,['onrush']
onset ,['onset']
onslaught ,['onslaught']
onstead ,['onstead']
onto ,['onto']
ontogenesis ,['ontogenesi']
ontogeny ,['ontogeni']
ontogenetic ,['ontogenet']
ontogenic ,['ontogen']
ontologic ,['ontolog']
ontological ,['ontolog']
ontologically ,['ontolog']
ontologist ,['ontologist']
ontology ,['ontolog']
onus ,['onu']
onward ,['onward']
onwardness ,['onward']
onwards ,['onward']
ony ,['oni']
onycha ,['onycha']
onychia ,['onychia']
onychomancy ,['onychom']
onychophora ,['onychophora']
onyx ,['onyx']
oo ,['oo']
ooecia ,['ooecia']
ooecium ,['ooecium']
oogenesis ,['oogenesi']
oogonia ,['oogonia']
oogoniums ,['oogonium']
oogonium ,['oogonium']
ooidal ,['ooidal']
ook ,['ook']
oolite ,['oolit']
oolitic ,['oolit']
oological ,['oolog']
oologist ,['oologist']
oology ,['oolog']
oolong ,['oolong']
oomiac ,['oomiac']
oomiak ,['oomiak']
oon ,['oon']
oones ,['oon']
oop ,['oop']
oopack ,['oopack']
oopak ,['oopak']
oophore ,['oophor']
oophorectomy ,['oophorectomi']
oophoric ,['oophor']
oophorida ,['oophorida']
oophoridiums ,['oophoridium']
oophoridium ,['oophoridium']
oophoritis ,['oophor']
oophyte ,['oophyt']
oophytic ,['oophyt']
oorial ,['oorial']
oosperm ,['oosperm']
oospere ,['oosper']
oosporangia ,['oosporangia']
oosporangiums ,['oosporangium']
oosporangium ,['oosporangium']
oospore ,['oospor']
oosporic ,['oospor']
oostegite ,['oostegit']
oothecae ,['ootheca']
ootheca ,['ootheca']
ootooid ,['ootooid']
ootocoid ,['ootocoid']
ootype ,['ootyp']
ooze ,['ooz']
oozed ,['ooz']
oozing ,['ooz']
oozoa ,['oozoa']
oozy ,['oozi']
opacate ,['opac']
opacity ,['opac']
opacous ,['opac']
opacular ,['opacular']
opah ,['opah']
opake ,['opak']
opal ,['opal']
opalesced ,['opalesc']
opalescing ,['opalesc']
opalesce ,['opalesc']
opalescence ,['opalesc']
opalescent ,['opalesc']
opaline ,['opalin']
opalized ,['opal']
opalizing ,['opal']
opalize ,['opal']
"""""""""""""""""""""""""""""""opalotype """"""""""""""",['opalotyp']
opaque ,['opaqu']
opaqueness ,['opaqu']
ope ,['ope']
opeidoscope ,['opeidoscop']
opelet ,['opelet']
open ,['open']
opened ,['open']
opening ,['open']
open-air ,"['open', 'air']"
openbill ,['openbil']
opener ,['open']
open-eyed ,"['open', 'eye']"
open-handed ,"['open', 'hand']"
open-headed ,"['open', 'head']"
open-hearted ,"['open', 'heart']"
openly ,['openli']
open-mouthed ,"['open', 'mouth']"
openness ,['open']
openwork ,['openwork']
opera ,['opera']
operable ,['oper']
operameter ,['operamet']
operance ,['oper']
operancy ,['oper']
operand ,['operand']
operant ,['oper']
operated ,['oper']
operating ,['oper']
operate ,['oper']
operatic ,['operat']
operatical ,['operat']
operation ,['oper']
operative ,['oper']
operatively ,['oper']
operator ,['oper']
operatory ,['operatori']
opercle ,['opercl']
opercula ,['opercula']
oparcular ,['oparcular']
opercular ,['opercular']
operculate ,['opercul']
operculated ,['opercul']
operculiferous ,['operculifer']
operculiform ,['operculiform']
operculigenous ,['operculigen']
operculums ,['operculum']
operculum ,['operculum']
operetta ,['operetta']
operose ,['operos']
operosity ,['operos']
operous ,['oper']
opertaneous ,['opertan']
opetide ,['opetid']
ophelic ,['ophel']
ophicleide ,['ophicleid']
ophidia ,['ophidia']
ophidian ,['ophidian']
ophidioid ,['ophidioid']
ophidion ,['ophidion']
ophidious ,['ophidi']
ophiolatry ,['ophiolatri']
ophiologic ,['ophiolog']
ophiological ,['ophiolog']
ophiologist ,['ophiologist']
ophiology ,['ophiolog']
ophiomancy ,['ophiom']
ophiomorpha ,['ophiomorpha']
ophiomorphite ,['ophiomorphit']
ophiomorphous ,['ophiomorph']
ophiophagous ,['ophiophag']
ophiophagus ,['ophiophagu']
ophite ,['ophit']
ophiuchus ,['ophiuchu']
ophiura ,['ophiura']
ophiuran ,['ophiuran']
ophiurid ,['ophiurid']
ophiurida ,['ophiurida']
ophiurioid ,['ophiurioid']
ophiurioidea ,['ophiurioidea']
ophiuroidea ,['ophiuroidea']
ophryon ,['ophryon']
ophthalmia ,['ophthalmia']
ophthalmic ,['ophthalm']
ophthalmite ,['ophthalmit']
ophthalmological ,['ophthalmolog']
ophthalmologist ,['ophthalmologist']
ophthalmology ,['ophthalmolog']
ophthalmometer ,['ophthalmomet']
ophthalmoscope ,['ophthalmoscop']
ophthalmoscopy ,['ophthalmoscopi']
ophthalmy ,['ophthalmi']
opianic ,['opian']
opianine ,['opianin']
opianyl ,['opianyl']
opiate ,['opiat']
opiated ,['opiat']
opie ,['opi']
opiferous ,['opifer']
opifice ,['opific']
opificer ,['opific']
opinable ,['opin']
opination ,['opin']
opinative ,['opin']
opinator ,['opin']
opined ,['opin']
opining ,['opin']
opine ,['opin']
opiner ,['opin']
opiniaster ,['opiniast']
opiniatre ,['opiniatr']
opiniastrous ,['opiniastr']
opinlate ,['opinl']
opiniated ,['opini']
opiniative ,['opini']
opiniator ,['opini']
opiniatrety ,['opiniatreti']
opinicus ,['opinicu']
opinion ,['opinion']
opinionable ,['opinion']
opinionate ,['opinion']
opinionated ,['opinion']
opinionately ,['opinion']
opinionatist ,['opinionatist']
opinionative ,['opinion']
opinionator ,['opinion']
opinioned ,['opinion']
opinionist ,['opinionist']
opiparous ,['opipar']
opisometer ,['opisomet']
opisthion ,['opisthion']
opisthobranchia ,['opisthobranchia']
opisthobranchiata ,['opisthobranchiata']
opisthobranchiate ,['opisthobranchi']
opisthocoelian ,['opisthocoelian']
opisthocoelous ,['opisthocoel']
opisthodome ,['opisthodom']
opisthoglypha ,['opisthoglypha']
opisthography ,['opisthographi']
opisthomi ,['opisthomi']
opisthopulmonate ,['opisthopulmon']
opisthotic ,['opisthot']
opisthotonos ,['opisthotono']
opitulation ,['opitul']
opium ,['opium']
ople tree ,"['opl', 'tree']"
opobalsam ,['opobalsam']
opobalsamum ,['opobalsamum']
opodeldoc ,['opodeldoc']
opopanax ,['opopanax']
opossum ,['opossum']
oppidan ,['oppidan']
oppignerate ,['oppigner']
oppilated ,['oppil']
oppilating ,['oppil']
oppilate ,['oppil']
oppilation ,['oppil']
oppilative ,['oppil']
opplete ,['opplet']
oppleted ,['opplet']
oppletion ,['opplet']
oppone ,['oppon']
opponency ,['oppon']
opponent ,['oppon']
opportune ,['opportun']
opportunism ,['opportun']
opportunist ,['opportunist']
opportunities ,['opportun']
opportunity ,['opportun']
opposability ,['oppos']
opposable ,['oppos']
opposal ,['oppos']
opposed ,['oppos']
opposing ,['oppos']
oppose ,['oppos']
opposeless ,['opposeless']
opposer ,['oppos']
opposite ,['opposit']
oppositely ,['opposit']
oppositeness ,['opposit']
oppositifolious ,['oppositifoli']
opposition ,['opposit']
oppositionist ,['oppositionist']
oppositipetalous ,['oppositipetal']
oppositisepalous ,['oppositisepal']
oppositive ,['opposit']
oppressed ,['oppress']
oppressing ,['oppress']
oppress ,['oppress']
oppression ,['oppress']
oppressive ,['oppress']
oppressor ,['oppressor']
oppressure ,['oppressur']
opprobrious ,['opprobri']
opprobrium ,['opprobrium']
opprobry ,['opprobri']
oppugned ,['oppugn']
oppugning ,['oppugn']
oppugn ,['oppugn']
oppugnancy ,['oppugn']
oppugnant ,['oppugn']
oppugnation ,['oppugn']
oppugner ,['oppugn']
opsimathy ,['opsimathi']
opsiometer ,['opsiomet']
opsonation ,['opson']
optable ,['optabl']
optate ,['optat']
optation ,['optat']
optative ,['opt']
optatively ,['opt']
optic ,['optic']
optical ,['optic']
optically ,['optic']
optician ,['optician']
optics ,['optic']
optigraph ,['optigraph']
optimacy ,['optimaci']
optimate ,['optim']
optimates ,['optim']
optime ,['optim']
optimism ,['optim']
optimist ,['optimist']
optimistic ,['optimist']
optimity ,['optim']
option ,['option']
optional ,['option']
optionally ,['option']
optocoele ,['optocoel']
optocoelia ,['optocoelia']
optogram ,['optogram']
optography ,['optographi']
optometer ,['optomet']
opulence ,['opul']
opulency ,['opul']
opulent ,['opul']
opuntia ,['opuntia']
opus ,['opu']
opuscle ,['opuscl']
opuscule ,['opuscul']
opuscula ,['opuscula']
opusculum ,['opusculum']
opye ,['opy']
oquassa ,['oquassa']
or ,[]
ora ,['ora']
orabassu ,['orabassu']
orach ,['orach']
orache ,['orach']
oracle ,['oracl']
oracled ,['oracl']
oracling ,['oracl']
oracular ,['oracular']
oraculous ,['oracul']
oragious ,['oragi']
oraison ,['oraison']
oral ,['oral']
orally ,['oral']
orang ,['orang']
orange ,['orang']
orangeade ,['orangead']
orangeat ,['orangeat']
orangeism ,['orang']
orangeman ,['orangeman']
orangeroot ,['orangeroot']
orangery ,['orangeri']
orangetawny ,['orangetawni']
orangite ,['orangit']
orang-outang ,"['orang', 'outang']"
orarian ,['orarian']
oration ,['orat']
orator ,['orat']
oratorial ,['oratori']
oratorian ,['oratorian']
oratorical ,['orator']
oratorio ,['oratorio']
oratorious ,['oratori']
oratorize ,['orator']
oratories ,['oratori']
oratory ,['oratori']
oratress ,['oratress']
oratrix ,['oratrix']
orb ,['orb']
orbed ,['orb']
orbing ,['orb']
orbate ,['orbat']
orbation ,['orbat']
orbic ,['orbic']
orbical ,['orbic']
orbicle ,['orbicl']
orbicula ,['orbicula']
orbicular ,['orbicular']
orbiculate ,['orbicul']
orbiculated ,['orbicul']
orbiculation ,['orbicul']
orbit ,['orbit']
orbital ,['orbit']
orbitar ,['orbitar']
orbitary ,['orbitari']
orbitelae ,['orbitela']
orbitolites ,['orbitolit']
orbitonasal ,['orbitonas']
orbitosphenoid ,['orbitosphenoid']
orbitosphenoidal ,['orbitosphenoid']
orbituary ,['orbituari']
orbitude ,['orbitud']
orbity ,['orbiti']
orbulina ,['orbulina']
orby ,['orbi']
orc ,['orc']
orcadian ,['orcadian']
orcein ,['orcein']
orchal ,['orchal']
orchanet ,['orchanet']
orchard ,['orchard']
orcharding ,['orchard']
orchardist ,['orchardist']
orchel ,['orchel']
orchesography ,['orchesographi']
orchester ,['orchest']
orchestian ,['orchestian']
orchestra ,['orchestra']
orchestral ,['orchestr']
orchestration ,['orchestr']
orchestre ,['orchestr']
orchestric ,['orchestr']
orchestrion ,['orchestrion']
orchid ,['orchid']
orchidaceous ,['orchidac']
orchidean ,['orchidean']
orchideous ,['orchid']
orchidologist ,['orchidologist']
orchidology ,['orchidolog']
orchil ,['orchil']
orchilla weed ,"['orchilla', 'weed']"
orchises ,['orchis']
orchis ,['orchi']
orchitis ,['orchiti']
orchotomy ,['orchotomi']
orcin ,['orcin']
ord ,['ord']
ordained ,['ordain']
ordaining ,['ordain']
ordain ,['ordain']
ordainable ,['ordain']
ordainer ,['ordain']
ordainment ,['ordain']
ordal ,['ordal']
ordalian ,['ordalian']
ordeal ,['ordeal']
order ,['order']
ordered ,['order']
ordering ,['order']
orderable ,['order']
orderer ,['order']
orderless ,['orderless']
orderliness ,['orderli']
orderly ,['orderli']
orderlies ,['orderli']
ordinability ,['ordin']
ordinable ,['ordin']
ordinal ,['ordin']
ordinalism ,['ordin']
ordinance ,['ordin']
ordinand ,['ordinand']
ordinant ,['ordin']
ordinarily ,['ordinarili']
ordinary ,['ordinari']
ordinaries ,['ordinari']
ordinaryship ,['ordinaryship']
ordinate ,['ordin']
ordinately ,['ordin']
ordination ,['ordin']
ordinative ,['ordin']
ordinator ,['ordin']
ordnance ,['ordnanc']
ordonnance ,['ordonn']
ordonnant ,['ordonn']
ordovian ,['ordovian']
ordovician ,['ordovician']
ordure ,['ordur']
ordurous ,['ordur']
ore ,['ore']
oread ,['oread']
oreades ,['oread']
orectic ,['orect']
oregon grape ,"['oregon', 'grape']"
oreide ,['oreid']
oreodon ,['oreodon']
oreodont ,['oreodont']
oreographic ,['oreograph']
oreography ,['oreographi']
oreoselin ,['oreoselin']
oreosoma ,['oreosoma']
oreweed ,['orewe']
orewood ,['orewood']
orf ,['orf']
orfe ,['orf']
orfgild ,['orfgild']
orfray ,['orfray']
orfrays ,['orfray']
orgal ,['orgal']
organ ,['organ']
organdie ,['organdi']
organdy ,['organdi']
organic ,['organ']
organical ,['organ']
organically ,['organ']
organicalness ,['organic']
organicism ,['organic']
organific ,['organif']
organism ,['organ']
organist ,['organist']
organista ,['organista']
organity ,['organ']
organizability ,['organiz']
organizable ,['organiz']
organization ,['organ']
organized ,['organ']
organizing ,['organ']
organize ,['organ']
organizer ,['organ']
organling ,['organl']
organo- ,['organo']
organogen ,['organogen']
organogenesis ,['organogenesi']
organogenic ,['organogen']
organogeny ,['organogeni']
organographic ,['organograph']
organographical ,['organograph']
organographist ,['organographist']
organography ,['organographi']
organoleptic ,['organolept']
organological ,['organolog']
organology ,['organolog']
organometallic ,['organometal']
organon ,['organon']
organum ,['organum']
organonymy ,['organonymi']
organophyly ,['organophyli']
organoplastic ,['organoplast']
organoscopy ,['organoscopi']
organotrophic ,['organotroph']
organule ,['organul']
organy ,['organi']
organzine ,['organzin']
orgasm ,['orgasm']
orgeat ,['orgeat']
orgeis ,['orgei']
orgiastic ,['orgiast']
orgies ,['orgi']
orgillous ,['orgil']
orgue ,['orgu']
orgulous ,['orgul']
orgy ,['orgi']
orgyia ,['orgyia']
oricalche ,['oricalch']
orichalceous ,['orichalc']
orichalch ,['orichalch']
oriel ,['oriel']
oriency ,['orienc']
orient ,['orient']
oriental ,['orient']
orientalism ,['orient']
orientalist ,['orientalist']
orientality ,['orient']
orientalized ,['orient']
orientalizing ,['orient']
orientalize ,['orient']
orientated ,['orient']
orientating ,['orient']
orientate ,['orient']
orientation ,['orient']
orientness ,['orient']
orifice ,['orific']
oriflamb ,['oriflamb']
oriflamme ,['oriflamm']
origan ,['origan']
origanum ,['origanum']
origenism ,['origen']
origenist ,['origenist']
origin ,['origin']
originable ,['origin']
original ,['origin']
originalist ,['originalist']
originality ,['origin']
originally ,['origin']
originalness ,['origin']
originant ,['origin']
originary ,['originari']
originated ,['origin']
originating ,['origin']
originate ,['origin']
origination ,['origin']
originative ,['origin']
originator ,['origin']
orillon ,['orillon']
oriol ,['oriol']
oriole ,['oriol']
orion ,['orion']
oriskany ,['oriskani']
orismological ,['orismolog']
orismology ,['orismolog']
orison ,['orison']
orisont ,['orisont']
ork ,['ork']
orkneyan ,['orkneyan']
orle ,['orl']
orleans ,['orlean']
orlo ,['orlo']
orlop ,['orlop']
ormer ,['ormer']
ormolu ,['ormolu']
ormuzd ,['ormuzd']
orn ,['orn']
ornament ,['ornament']
ornamented ,['ornament']
ornamenting ,['ornament']
ornamental ,['ornament']
ornamentally ,['ornament']
ornamentation ,['ornament']
ornamenter ,['ornament']
ornate ,['ornat']
ornately ,['ornat']
ornateness ,['ornat']
ornature ,['ornatur']
ornithic ,['ornith']
ornithichnite ,['ornithichnit']
ornithichnology ,['ornithichnolog']
ornitho- ,['ornitho']
ornithodelphia ,['ornithodelphia']
ornithoidichnite ,['ornithoidichnit']
ornitholite ,['ornitholit']
ornithologic ,['ornitholog']
ornithological ,['ornitholog']
ornithologist ,['ornithologist']
ornithology ,['ornitholog']
ornithomancy ,['ornithom']
ornithon ,['ornithon']
ornithopappi ,['ornithopappi']
ornithopoda ,['ornithopoda']
ornithorhynchus ,['ornithorhynchu']
ornithosauria ,['ornithosauria']
ornithoscelida ,['ornithoscelida']
ornithoscopy ,['ornithoscopi']
ornithotomical ,['ornithotom']
ornithotomist ,['ornithotomist']
ornithotomy ,['ornithotomi']
orographic ,['orograph']
orographical ,['orograph']
orography ,['orographi']
orohippus ,['orohippu']
oroide ,['oroid']
orological ,['orolog']
orologist ,['orologist']
orology ,['orolog']
orotund ,['orotund']
orotundity ,['orotund']
orphaline ,['orphalin']
orphan ,['orphan']
orphaned ,['orphan']
orphaning ,['orphan']
orphanage ,['orphanag']
orphancy ,['orphanc']
orphanet ,['orphanet']
orphanhood ,['orphanhood']
orphanism ,['orphan']
orphanotrophism ,['orphanotroph']
orphanotrophy ,['orphanotrophi']
orpharion ,['orpharion']
orphean ,['orphean']
orpheline ,['orphelin']
orpheus ,['orpheu']
orphic ,['orphic']
orphrey ,['orphrey']
orpiment ,['orpiment']
orpin ,['orpin']
orpine ,['orpin']
orrach ,['orrach']
orreries ,['orreri']
orrery ,['orreri']
orris ,['orri']
orsedew ,['orsedew']
orsedue ,['orsedu']
orseille ,['orseil']
orsellic ,['orsel']
orsellinic ,['orsellin']
orts ,['ort']
ort ,['ort']
ortalidian ,['ortalidian']
orthid ,['orthid']
orthis ,['orthi']
orthite ,['orthit']
ortho- ,['ortho']
orthocarbonic ,['orthocarbon']
orthocenter ,['orthocent']
orthoceras ,['orthocera']
orthoceratite ,['orthoceratit']
orthoclase ,['orthoclas']
orthoclastic ,['orthoclast']
orthodiagonal ,['orthodiagon']
orthodome ,['orthodom']
orthodox ,['orthodox']
orthodoxal ,['orthodox']
orthodoxality ,['orthodox']
orthodoxally ,['orthodox']
orthodoxastical ,['orthodoxast']
orthodoxical ,['orthodox']
orthodoxly ,['orthodoxli']
orthodoxness ,['orthodox']
orthodoxy ,['orthodoxi']
orthodromic ,['orthodrom']
orthodromics ,['orthodrom']
orthodromy ,['orthodromi']
orthoepic ,['orthoep']
orthoepical ,['orthoep']
orthoepist ,['orthoepist']
orthoepy ,['orthoepi']
orthogamy ,['orthogami']
orthognathic ,['orthognath']
orthognathism ,['orthognath']
orthognathous ,['orthognath']
orthogon ,['orthogon']
orthogonal ,['orthogon']
orthogonally ,['orthogon']
orthographer ,['orthograph']
orthographic ,['orthograph']
orthographical ,['orthograph']
orthographically ,['orthograph']
orthographist ,['orthographist']
orthographize ,['orthograph']
orthography ,['orthographi']
orthology ,['ortholog']
orthometric ,['orthometr']
orthometry ,['orthometri']
orthomorphic ,['orthomorph']
orthopedic ,['orthoped']
orthopedical ,['orthoped']
orthopedist ,['orthopedist']
orthopedy ,['orthopedi']
orthophony ,['orthophoni']
orthopinacoid ,['orthopinacoid']
orthopn/a ,['orthopn']
orthopny ,['orthopni']
orthopoda ,['orthopoda']
orthopraxy ,['orthopraxi']
orthoptera ,['orthoptera']
orthopteran ,['orthopteran']
orthopterous ,['orthopter']
orthorhombic ,['orthorhomb']
orthoscope ,['orthoscop']
orthoscopic ,['orthoscop']
orthosilicic ,['orthosilic']
orthospermous ,['orthosperm']
orthostade ,['orthostad']
orthostichies ,['orthostichi']
orthostichy ,['orthostichi']
orthotomic ,['orthotom']
orthotomous ,['orthotom']
orthotomy ,['orthotomi']
orthotone ,['orthoton']
orthotropal ,['orthotrop']
orthotropous ,['orthotrop']
orthotropic ,['orthotrop']
orthoxylene ,['orthoxylen']
ortive ,['ortiv']
ortolan ,['ortolan']
ortygan ,['ortygan']
orval ,['orval']
orvet ,['orvet']
orvietan ,['orvietan']
oryal ,['oryal']
oryall ,['oryal']
oryctere ,['orycter']
orycterope ,['orycterop']
oryctognosy ,['oryctognosi']
oryctography ,['oryctographi']
oryctological ,['oryctolog']
oryctologist ,['oryctologist']
oryctology ,['oryctolog']
oryx ,['oryx']
oryza ,['oryza']
ossa ,['ossa']
os ,['os']
osar ,['osar']
osage orange ,"['osag', 'orang']"
osages ,['osag']
osanne ,['osann']
oscan ,['oscan']
oscillancy ,['oscil']
oscillaria ,['oscillaria']
oscillated ,['oscil']
oscillating ,['oscil']
oscillate ,['oscil']
oscillation ,['oscil']
oscillative ,['oscil']
oscillatoria ,['oscillatoria']
oscillatory ,['oscillatori']
oscine ,['oscin']
oscines ,['oscin']
oscinian ,['oscinian']
oscinine ,['oscinin']
oscitancy ,['oscit']
oscitant ,['oscit']
oscitantly ,['oscitantli']
oscitate ,['oscit']
oscitation ,['oscit']
osculant ,['oscul']
osculated ,['oscul']
osculating ,['oscul']
osculate ,['oscul']
osculation ,['oscul']
osculatory ,['osculatori']
osculatrixes ,['osculatrix']
osculatrix ,['osculatrix']
oscule ,['oscul']
oscula ,['oscula']
osculum ,['osculum']
osier ,['osier']
osiered ,['osier']
osiery ,['osieri']
osiris ,['osiri']
osmanlis ,['osmanli']
osmanli ,['osmanli']
osmate ,['osmat']
osmateria ,['osmateria']
osmaterium ,['osmaterium']
osmazome ,['osmazom']
osmiamate ,['osmiam']
osmiamic ,['osmiam']
osmic ,['osmic']
osmidrosis ,['osmidrosi']
osmious ,['osmiou']
osmite ,['osmit']
osmium ,['osmium']
osmometer ,['osmomet']
osmometry ,['osmometri']
osmose ,['osmos']
osmosis ,['osmosi']
osmotic ,['osmot']
osmund ,['osmund']
osnaburg ,['osnaburg']
oso-berry ,"['oso', 'berri']"
osphradia ,['osphradia']
osphradium ,['osphradium']
osprey ,['osprey']
ospray ,['ospray']
oss ,['oss']
osse ,['oss']
ossean ,['ossean']
ossein ,['ossein']
osselet ,['osselet']
osseous ,['osseou']
osseter ,['osset']
ossianic ,['ossian']
ossicle ,['ossicl']
ossiculated ,['ossicul']
ossicula ,['ossicula']
ossiculum ,['ossiculum']
ossiferous ,['ossifer']
ossific ,['ossif']
ossification ,['ossif']
ossified ,['ossifi']
ossifrage ,['ossifrag']
ossifragous ,['ossifrag']
ossifying ,['ossifi']
ossify ,['ossifi']
ossivorous ,['ossivor']
osspringer ,['osspring']
ossuarium ,['ossuarium']
ossuary ,['ossuari']
ost ,['ost']
osteal ,['osteal']
ostein ,['ostein']
osteitis ,['osteiti']
osteler ,['ostel']
ostend ,['ostend']
ostensibility ,['ostens']
ostensible ,['ostens']
ostensibly ,['ostens']
ostension ,['ostens']
ostensive ,['ostens']
ostensively ,['ostens']
ostensorium ,['ostensorium']
ostensory ,['ostensori']
ostent ,['ostent']
ostentate ,['ostent']
ostentation ,['ostent']
ostentatious ,['ostentati']
ostentator ,['ostent']
ostentive ,['ostent']
ostentous ,['ostent']
osteo- ,['osteo']
osteoblast ,['osteoblast']
osteoclasis ,['osteoclasi']
osteoclast ,['osteoclast']
osteocolla ,['osteocolla']
osteocommata ,['osteocommata']
osteocommas ,['osteocomma']
osteocomma ,['osteocomma']
osteocope ,['osteocop']
osteocranium ,['osteocranium']
osteodentine ,['osteodentin']
osteogen ,['osteogen']
osteogenesis ,['osteogenesi']
osteogeny ,['osteogeni']
osteogenetic ,['osteogenet']
osteogenic ,['osteogen']
osteographer ,['osteograph']
osteography ,['osteographi']
osteoid ,['osteoid']
osteolite ,['osteolit']
osteologer ,['osteolog']
osteologic ,['osteolog']
osteological ,['osteolog']
osteologist ,['osteologist']
osteology ,['osteolog']
osteomata ,['osteomata']
osteoma ,['osteoma']
osteomalacia ,['osteomalacia']
osteomanty ,['osteomanti']
osteomere ,['osteomer']
osteophone ,['osteophon']
osteoplast ,['osteoplast']
osteoplastic ,['osteoplast']
osteoplasty ,['osteoplasti']
osteopterygious ,['osteopterygi']
osteosarcomata ,['osteosarcomata']
osteosarcoma ,['osteosarcoma']
osteotome ,['osteotom']
osteotomist ,['osteotomist']
osteotomy ,['osteotomi']
osteozoa ,['osteozoa']
ostiary ,['ostiari']
ostic ,['ostic']
ostiole ,['ostiol']
ostitis ,['ostiti']
ostia ,['ostia']
ostium ,['ostium']
ostler ,['ostler']
ostleress ,['ostleress']
ostlery ,['ostleri']
ostmen ,['ostmen']
ostosis ,['ostosi']
ostracea ,['ostracea']
ostracean ,['ostracean']
ostracion ,['ostracion']
ostraciont ,['ostraciont']
ostracism ,['ostrac']
ostracite ,['ostracit']
ostracized ,['ostrac']
ostracizing ,['ostrac']
ostracize ,['ostrac']
ostracoda ,['ostracoda']
ostracodermi ,['ostracodermi']
ostracoid ,['ostracoid']
ostracoidea ,['ostracoidea']
ostrea ,['ostrea']
ostreaceous ,['ostreac']
ostreaculture ,['ostreacultur']
ostreophagist ,['ostreophagist']
ostrich ,['ostrich']
ostriferous ,['ostrifer']
ostrogoth ,['ostrogoth']
ostrogothic ,['ostrogoth']
oswego tea ,"['oswego', 'tea']"
otacoustic ,['otacoust']
otacousticon ,['otacousticon']
otaheite apple ,"['otaheit', 'appl']"
otalgia ,['otalgia']
otalgic ,['otalg']
otalgy ,['otalgi']
otaries ,['otari']
otary ,['otari']
otheoscope ,['otheoscop']
other ,[]
othergates ,['otherg']
otherguise ,['otherguis']
otherguess ,['otherguess']
otherness ,['other']
otherways ,['otherway']
otherwhere ,['otherwher']
otherwhile ,['otherwhil']
otherwhiles ,['otherwhil']
otherwise ,['otherwis']
othman ,['othman']
otic ,['otic']
otiose ,['otios']
otiosity ,['otios']
otis ,['oti']
otitis ,['otiti']
oto- ,['oto']
otoba fat ,"['otoba', 'fat']"
otoconite ,['otoconit']
otocrane ,['otocran']
otocranial ,['otocrani']
otocyst ,['otocyst']
otography ,['otographi']
otolith ,['otolith']
otolite ,['otolit']
otolithic ,['otolith']
otolitic ,['otolit']
otological ,['otolog']
otologist ,['otologist']
otology ,['otolog']
otopathy ,['otopathi']
otorrh/a ,['otorrh']
otoscope ,['otoscop']
otoscopeic ,['otoscop']
otoscopy ,['otoscopi']
otosteal ,['otost']
otozoum ,['otozoum']
ottar ,['ottar']
ottawas ,['ottawa']
otter ,['otter']
otto ,['otto']
ottoman ,['ottoman']
ottomans ,['ottoman']
ottomite ,['ottomit']
ottrelite ,['ottrelit']
ouakari ,['ouakari']
ouanderoo ,['ouanderoo']
ouarine ,['ouarin']
oubliette ,['oubliett']
ouch ,['ouch']
oughne ,['oughn']
ought ,['ought']
oughtness ,['ought']
oughwhere ,['oughwher']
ouistiti ,['ouistiti']
oul ,['oul']
oulachan ,['oulachan']
ounce ,['ounc']
ounded ,['ound']
oundy ,['oundi']
ounding ,['ound']
ouphe ,['ouph']
ouphen ,['ouphen']
our ,[]
ourang ,['ourang']
ourang-outang ,"['ourang', 'outang']"
ouranographist ,['ouranographist']
ouranography ,['ouranographi']
ourebi ,['ourebi']
ouretic ,['ouret']
ourology ,['ourolog']
ouroscopy ,['ouroscopi']
ours ,[]
ourselves ,[]
ouse ,['ous']
ousel ,['ousel']
oust ,['oust']
ousted ,['oust']
ousting ,['oust']
ouster ,['ouster']
out ,[]
outact ,['outact']
outagamies ,['outagami']
outargue ,['outargu']
outbabble ,['outbabbl']
outbalance ,['outbal']
outbar ,['outbar']
outbeg ,['outbeg']
outbid ,['outbid']
outbade ,['outbad']
outbidden ,['outbidden']
outbidding ,['outbid']
outbidder ,['outbidd']
outbleat ,['outbleat']
outblown ,['outblown']
outblush ,['outblush']
outboard ,['outboard']
outborn ,['outborn']
outbound ,['outbound']
outbounds ,['outbound']
outbow ,['outbow']
outbowed ,['outbow']
outbrag ,['outbrag']
outbrave ,['outbrav']
outbray ,['outbray']
outbrazen ,['outbrazen']
outbreak ,['outbreak']
outbreaking ,['outbreak']
outbreast ,['outbreast']
outbreathe ,['outbreath']
outbribe ,['outbrib']
outbring ,['outbr']
outbud ,['outbud']
outbuilt ,['outbuilt']
outbuilded ,['outbuild']
outbuilding ,['outbuild']
outbuild ,['outbuild']
outburn ,['outburn']
outburst ,['outburst']
outcant ,['outcant']
outcast ,['outcast']
outcasting ,['outcast']
outcept ,['outcept']
outcheat ,['outcheat']
outclimb ,['outclimb']
outcome ,['outcom']
outcompass ,['outcompass']
outcourt ,['outcourt']
outcrafty ,['outcrafti']
outcrier ,['outcrier']
outcrop ,['outcrop']
outcry ,['outcri']
outdare ,['outdar']
outdated ,['outdat']
outdazzle ,['outdazzl']
outdid ,['outdid']
outdone ,['outdon']
outdoing ,['outdo']
outdo ,['outdo']
outdoor ,['outdoor']
outdoors ,['outdoor']
outdraw ,['outdraw']
outdream ,['outdream']
outdrink ,['outdrink']
outdure ,['outdur']
outdwell ,['outdwel']
outdweller ,['outdwel']
outer ,['outer']
outerly ,['outerli']
outermost ,['outermost']
outfaced ,['outfac']
outfacing ,['outfac']
outface ,['outfac']
outfall ,['outfal']
outfangthef ,['outfangthef']
outfawn ,['outfawn']
outfeast ,['outfeast']
outfeat ,['outfeat']
outfield ,['outfield']
outfit ,['outfit']
outfitter ,['outfitt']
outflank ,['outflank']
outflatter ,['outflatt']
outfling ,['outfl']
outflow ,['outflow']
outflew ,['outflew']
outflown ,['outflown']
outflying ,['outfli']
outfly ,['outfli']
outfool ,['outfool']
outform ,['outform']
outfrown ,['outfrown']
outgate ,['outgat']
outgaze ,['outgaz']
outgeneraled ,['outgener']
outgeneralled ,['outgeneral']
outgeneraling ,['outgener']
outgeneralling ,['outgeneral']
outgeneral ,['outgener']
outgive ,['outgiv']
outwent ,['outwent']
outgone ,['outgon']
outgoing ,['outgo']
outgo ,['outgo']
outgoes ,['outgo']
outgoer ,['outgoer']
outground ,['outground']
outgrew ,['outgrew']
outgrown ,['outgrown']
outgrowing ,['outgrow']
outgrow ,['outgrow']
outgrowth ,['outgrowth']
outguard ,['outguard']
outgush ,['outgush']
outhaul ,['outhaul']
outhess ,['outhess']
outher ,['outher']
out-herod ,['herod']
outhire ,['outhir']
outhouse ,['outhous']
outing ,['outing']
outjest ,['outjest']
outjet ,['outjet']
outjuggle ,['outjuggl']
outkeeper ,['outkeep']
outknave ,['outknav']
outlabor ,['outlabor']
outland ,['outland']
outlander ,['outland']
outlandish ,['outlandish']
outlast ,['outlast']
outlaugh ,['outlaugh']
outlaw ,['outlaw']
outlawed ,['outlaw']
outlawing ,['outlaw']
outlawries ,['outlawri']
outlawry ,['outlawri']
outlay ,['outlay']
outleap ,['outleap']
outlearn ,['outlearn']
outlet ,['outlet']
outlie ,['outli']
outlier ,['outlier']
outlimb ,['outlimb']
outline ,['outlin']
outlined ,['outlin']
outlining ,['outlin']
outlinear ,['outlinear']
outlived ,['outliv']
outliving ,['outliv']
outlive ,['outliv']
outliver ,['outliv']
outlook ,['outlook']
outloose ,['outloos']
outlope ,['outlop']
outluster ,['outlust']
outlustre ,['outlustr']
outlying ,['outli']
outmaneuver ,['outmaneuv']
outmanoeuvre ,['outmanoeuvr']
outmantle ,['outmantl']
outmarch ,['outmarch']
outmeasure ,['outmeasur']
outmost ,['outmost']
outmount ,['outmount']
outname ,['outnam']
outness ,['out']
outnoise ,['outnois']
outnumber ,['outnumb']
out-of-door ,['door']
out-of-the-way ,['way']
outpace ,['outpac']
outparamour ,['outparamour']
outparish ,['outparish']
outpart ,['outpart']
outpass ,['outpass']
outpassion ,['outpass']
out-patient ,['patient']
outpeer ,['outpeer']
outplay ,['outplay']
outpoise ,['outpois']
outport ,['outport']
outpost ,['outpost']
outpour ,['outpour']
outpower ,['outpow']
outpray ,['outpray']
outpreach ,['outpreach']
outprize ,['outpriz']
output ,['output']
outquench ,['outquench']
outrage ,['outrag']
outragen ,['outragen']
outraging ,['outrag']
outrageous ,['outrag']
outrance ,['outranc']
outrank ,['outrank']
outray ,['outray']
outraye ,['outray']
outraze ,['outraz']
outre ,['outr']
outreach ,['outreach']
outreason ,['outreason']
outreckon ,['outreckon']
outrecuidance ,['outrecuid']
outrede ,['outred']
outreign ,['outreign']
outride ,['outrid']
outrider ,['outrid']
outrigger ,['outrigg']
outright ,['outright']
outring ,['outr']
outrival ,['outriv']
outrive ,['outriv']
outroad ,['outroad']
outrode ,['outrod']
outroar ,['outroar']
outromance ,['outrom']
outroom ,['outroom']
outroot ,['outroot']
outran ,['outran']
outrun ,['outrun']
outrunning ,['outrun']
outrunner ,['outrunn']
outrush ,['outrush']
outsail ,['outsail']
outscent ,['outscent']
outscold ,['outscold']
outscorn ,['outscorn']
outscouring ,['outscour']
outscout ,['outscout']
outsee ,['outse']
outsell ,['outsel']
outsentry ,['outsentri']
outset ,['outset']
outsettler ,['outsettl']
outshine ,['outshin']
outshoot ,['outshoot']
outshut ,['outshut']
outside ,['outsid']
outsider ,['outsid']
outsing ,['outs']
outsit ,['outsit']
outskirt ,['outskirt']
outsleep ,['outsleep']
outslide ,['outslid']
outsoar ,['outsoar']
outsole ,['outsol']
outsound ,['outsound']
outspan ,['outspan']
outsparkle ,['outsparkl']
outspeak ,['outspeak']
outspeed ,['outspe']
outspend ,['outspend']
outspin ,['outspin']
outspoken ,['outspoken']
outsport ,['outsport']
outspread ,['outspread']
outspring ,['outspr']
outstand ,['outstand']
outstanding ,['outstand']
outstare ,['outstar']
outstart ,['outstart']
outstay ,['outstay']
outstep ,['outstep']
outstorm ,['outstorm']
outstreet ,['outstreet']
outstretch ,['outstretch']
outstride ,['outstrid']
outstrike ,['outstrik']
outstripped ,['outstrip']
outstripping ,['outstrip']
outstrip ,['outstrip']
outsuffer ,['outsuff']
outswear ,['outswear']
outsweeten ,['outsweeten']
outswell ,['outswel']
outtake ,['outtak']
outtaken ,['outtaken']
outtalk ,['outtalk']
outtell ,['outtel']
outterm ,['outterm']
outthrow ,['outthrow']
outtoil ,['outtoil']
outtongue ,['outtongu']
outtop ,['outtop']
outtravel ,['outtravel']
outtwine ,['outtwin']
outvalue ,['outvalu']
outvenom ,['outvenom']
outvie ,['outvi']
outvillain ,['outvillain']
outvoice ,['outvoic']
outvote ,['outvot']
outwalk ,['outwalk']
outwall ,['outwal']
outward ,['outward']
outwards ,['outward']
outwatch ,['outwatch']
outway ,['outway']
outwear ,['outwear']
outweary ,['outweari']
outweed ,['outwe']
outweep ,['outweep']
outweigh ,['outweigh']
outwell ,['outwel']
outwhore ,['outwhor']
outwin ,['outwin']
outwind ,['outwind']
outwing ,['outw']
outwit ,['outwit']
outwoe ,['outwo']
outwork ,['outwork']
outworth ,['outworth']
outwrest ,['outwrest']
outwrite ,['outwrit']
outzany ,['outzani']
ouvarovite ,['ouvarovit']
ouze ,['ouz']
ouzel ,['ouzel']
ova ,['ova']
oval ,['oval']
ovalbumin ,['ovalbumin']
ovalbumen ,['ovalbumen']
ovaliform ,['ovaliform']
ovally ,['oval']
ovant ,['ovant']
ovarian ,['ovarian']
ovarial ,['ovari']
ovariole ,['ovariol']
ovariotomist ,['ovariotomist']
ovariotomy ,['ovariotomi']
ovarious ,['ovari']
ovaritis ,['ovar']
ovaria ,['ovaria']
ovariums ,['ovarium']
ovarium ,['ovarium']
ovaries ,['ovari']
ovary ,['ovari']
ovate ,['ovat']
ovate-acuminate ,"['ovat', 'acumin']"
ovate-cylindraceous ,"['ovat', 'cylindrac']"
ovated ,['ovat']
ovate-lanceolate ,"['ovat', 'lanceol']"
ovate-oblong ,"['ovat', 'oblong']"
ovate-rotundate ,"['ovat', 'rotund']"
ovate-subulate ,"['ovat', 'subul']"
ovation ,['ovat']
ovato-acuminate ,"['ovato', 'acumin']"
ovato-cylindraceous ,"['ovato', 'cylindrac']"
ovato-oblong ,"['ovato', 'oblong']"
ovato-rotundate ,"['ovato', 'rotund']"
oven ,['oven']
ovenbird ,['ovenbird']
over ,[]
overabound ,['overabound']
overact ,['overact']
overaction ,['overact']
overaffect ,['overaffect']
overagitate ,['overagit']
overall ,['overal']
overalls ,['overal']
overanxiety ,['overanxieti']
overanxious ,['overanxi']
overarch ,['overarch']
over-arm ,['arm']
overawed ,['overaw']
overawing ,['overaw']
overawe ,['overaw']
overawful ,['overaw']
overbalance ,['overbal']
overbarren ,['overbarren']
overbattle ,['overbattl']
overbear ,['overbear']
overbearing ,['overbear']
overbend ,['overbend']
overbid ,['overbid']
overbide ,['overbid']
overblow ,['overblow']
overboard ,['overboard']
overboil ,['overboil']
overbold ,['overbold']
overbookish ,['overbookish']
overbounteous ,['overbount']
overbow ,['overbow']
overbreed ,['overbre']
overbrim ,['overbrim']
overbrow ,['overbrow']
overbuild ,['overbuild']
overbuilt ,['overbuilt']
overbulk ,['overbulk']
overburden ,['overburden']
overburdensome ,['overburdensom']
overburn ,['overburn']
over-busy ,['busi']
overbuy ,['overbuy']
overcanopy ,['overcanopi']
overcapable ,['overcap']
overcare ,['overcar']
overcareful ,['overcar']
overcarking ,['overcark']
overcarry ,['overcarri']
overcast ,['overcast']
overcatch ,['overcatch']
overcautious ,['overcauti']
overchange ,['overchang']
overcharge ,['overcharg']
overclimb ,['overclimb']
overcloud ,['overcloud']
overcloy ,['overcloy']
overcoat ,['overcoat']
overcold ,['overcold']
overcolor ,['overcolor']
overcame ,['overcam']
overcome ,['overcom']
overcoming ,['overcom']
overcomer ,['overcom']
overconfidence ,['overconfid']
overconfident ,['overconfid']
overcostly ,['overcostli']
overcount ,['overcount']
overcover ,['overcov']
overcredulous ,['overcredul']
overcrow ,['overcrow']
overcrowd ,['overcrowd']
overcunning ,['overcun']
overcurious ,['overcuri']
overdare ,['overdar']
overdate ,['overd']
overdeal ,['overd']
overdelicate ,['overdel']
overdelighted ,['overdelight']
overdight ,['overdight']
overdid ,['overdid']
overdone ,['overdon']
overdoing ,['overdo']
overdo ,['overdo']
overdoer ,['overdo']
overdose ,['overdos']
overdrew ,['overdrew']
overdrawn ,['overdrawn']
overdrawing ,['overdraw']
overdraw ,['overdraw']
overdress ,['overdress']
overdrink ,['overdrink']
overdtive ,['overdt']
overdrown ,['overdrown']
overdry ,['overdri']
overdue ,['overdu']
overdye ,['overdy']
overeager ,['overeag']
overearnest ,['overearnest']
overeat ,['overeat']
overelegant ,['overeleg']
overempty ,['overempti']
overest ,['overest']
overestimate ,['overestim']
overexcite ,['overexcit']
overexcitement ,['overexcit']
overexert ,['overexert']
overexertion ,['overexert']
overexquisite ,['overexquisit']
overeye ,['overey']
overfall ,['overfal']
overfatigue ,['overfatigu']
overfed ,['overf']
overfeeding ,['overfeed']
overfeed ,['overfe']
overfierce ,['overfierc']
overfill ,['overfil']
overfish ,['overfish']
overfloat ,['overfloat']
overflourish ,['overflourish']
overflowed ,['overflow']
overflowing ,['overflow']
overflow ,['overflow']
overflowingly ,['overflowingli']
overflush ,['overflush']
overflutter ,['overflutt']
overflux ,['overflux']
overflew ,['overflew']
overflown ,['overflown']
overflying ,['overfli']
overfly ,['overfli']
overfond ,['overfond']
overforce ,['overforc']
overforward ,['overforward']
overfree ,['overfre']
overfreighted ,['overfreight']
overfraught ,['overfraught']
overfreighting ,['overfreight']
overfreight ,['overfreight']
overfrequent ,['overfrequ']
overfrieze ,['overfriez']
overfront ,['overfront']
overfruitful ,['overfruit']
overfull ,['overful']
overfullness ,['overful']
over-garment ,['garment']
overgarrison ,['overgarrison']
overgaze ,['overgaz']
overget ,['overget']
overgild ,['overgild']
overgird ,['overgird']
overgive ,['overg']
overglad ,['overglad']
overglance ,['overgl']
overglide ,['overglid']
overgloom ,['overgloom']
overwent ,['overw']
overgone ,['overgon']
overgoing ,['overgo']
overgo ,['overgo']
overgorge ,['overgorg']
overgrace ,['overgrac']
overgrassed ,['overgrass']
overgreat ,['overgreat']
overgreatness ,['overgreat']
overgreedy ,['overgreedi']
overgross ,['overgross']
overground ,['overground']
overgrew ,['overgrew']
overgrown ,['overgrown']
overgrowing ,['overgrow']
overgrow ,['overgrow']
overgrowth ,['overgrowth']
overhall ,['overhal']
overhale ,['overhal']
overhand ,['overhand']
overhandle ,['overhandl']
overhung ,['overhung']
overhanging ,['overhang']
overhang ,['overhang']
overhappy ,['overhappi']
overharden ,['overharden']
overhardy ,['overhardi']
overhaste ,['overhast']
overhasty ,['overhasti']
overhauled ,['overhaul']
overhauling ,['overhaul']
overhaul ,['overhaul']
overhead ,['overhead']
overheard ,['overheard']
overhearing ,['overhear']
overhear ,['overhear']
overheat ,['overheat']
overheavy ,['overheavi']
overhele ,['overhel']
overhent ,['overh']
overhigh ,['overhigh']
overhighly ,['overhighli']
overhipped ,['overhip']
overhipping ,['overhip']
overhip ,['overhip']
overhold ,['overhold']
overinfluence ,['overinflu']
overinform ,['overinform']
overissue ,['overissu']
overjealous ,['overjeal']
overjoy ,['overjoy']
overjump ,['overjump']
overking ,['overk']
overknowing ,['overknow']
overlabored ,['overlabor']
overlaboring ,['overlabor']
overlabor ,['overlabor']
overladed ,['overlad']
overladen ,['overladen']
overlading ,['overlad']
overlade ,['overlad']
overland ,['overland']
overlander ,['overland']
overlanguaged ,['overlanguag']
overlap ,['overlap']
overlarge ,['overlarg']
overlargeness ,['overlarg']
overlash ,['overlash']
overlashing ,['overlash']
overlate ,['overl']
overlave ,['overlav']
overlavish ,['overlavish']
overlaid ,['overlaid']
overlaying ,['overlay']
overlay ,['overlay']
overlayer ,['overlay']
overlead ,['overlead']
overleap ,['overleap']
overlearned ,['overlearn']
overleather ,['overleath']
overleaven ,['overleaven']
overliberal ,['overliber']
overliberally ,['overliber']
overlick ,['overlick']
overlain ,['overlain']
overlying ,['overli']
overlie ,['overli']
overlight ,['overlight']
overliness ,['overli']
overlinger ,['overling']
overlip ,['overlip']
overlive ,['overl']
overliver ,['overliv']
overloaded ,['overload']
overloading ,['overload']
overload ,['overload']
overlogical ,['overlog']
overlong ,['overlong']
overlooked ,['overlook']
overlooking ,['overlook']
overlook ,['overlook']
overlooker ,['overlook']
overloop ,['overloop']
overlord ,['overlord']
overlordship ,['overlordship']
overloud ,['overloud']
overlove ,['overlov']
overluscious ,['overlusci']
overlusty ,['overlusti']
overly ,['overli']
overmagnify ,['overmagnifi']
overmalapert ,['overmalapert']
overmanner ,['overmann']
overmarch ,['overmarch']
overmast ,['overmast']
overmaster ,['overmast']
overmatch ,['overmatch']
overmeasure ,['overmeasur']
overmeddle ,['overmeddl']
overmeddling ,['overmeddl']
overmellow ,['overmellow']
overmerit ,['overmerit']
overmickle ,['overmickl']
overmix ,['overmix']
overmodest ,['overmodest']
overmoist ,['overmoist']
overmoisture ,['overmoistur']
overmore ,['overmor']
overmorrow ,['overmorrow']
overmost ,['overmost']
overmount ,['overmount']
overmuch ,['overmuch']
overmuchness ,['overmuch']
overmultiply ,['overmultipli']
overmultitude ,['overmultitud']
overname ,['overnam']
overneat ,['overneat']
overnice ,['overnic']
overnight ,['overnight']
overnoise ,['overnois']
overnumerous ,['overnumer']
overoffice ,['overoffic']
overofficious ,['overoffici']
overpaint ,['overpaint']
overpamper ,['overpamp']
overpart ,['overpart']
overpassed ,['overpass']
overpassing ,['overpass']
overpass ,['overpass']
overpassionate ,['overpassion']
overpatient ,['overpati']
overpaid ,['overpaid']
overpaying ,['overpay']
overpay ,['overpay']
overpeer ,['overp']
overpeople ,['overpeopl']
overperch ,['overperch']
overpersuade ,['overpersuad']
overpester ,['overpest']
overpicture ,['overpictur']
overplease ,['overpleas']
overplus ,['overplu']
overply ,['overpli']
overpoise ,['overpois']
overpolish ,['overpolish']
overponderous ,['overponder']
overpost ,['overpost']
overpotent ,['overpot']
overpowered ,['overpow']
overpowering ,['overpow']
overpower ,['overpow']
overpraise ,['overprais']
overpraising ,['overprais']
overpress ,['overpress']
overpressure ,['overpressur']
overprize ,['overpr']
overproduction ,['overproduct']
overprompt ,['overprompt']
overproof ,['overproof']
overproportion ,['overproport']
overproud ,['overproud']
overprovident ,['overprovid']
overprovoke ,['overprovok']
overquell ,['overquel']
overquietness ,['overquiet']
overraked ,['overrak']
overraking ,['overrak']
overrake ,['overrak']
overrank ,['overrank']
overrated ,['overr']
overrating ,['overr']
overrate ,['overr']
overreached ,['overreach']
overraught ,['overraught']
overreaching ,['overreach']
overreach ,['overreach']
overreacher ,['overreach']
overread ,['overread']
overready ,['overreadi']
overreckon ,['overreckon']
overred ,['over']
overrefine ,['overrefin']
overrefinement ,['overrefin']
overrent ,['overr']
overrich ,['overrich']
overrode ,['overrod']
overridden ,['overridden']
overrid ,['overrid']
overriding ,['overrid']
override ,['overrid']
overrigged ,['overrig']
overrighteous ,['overright']
overrigid ,['overrigid']
overrigorous ,['overrigor']
overripe ,['overrip']
overripen ,['overripen']
overroast ,['overroast']
overruled ,['overrul']
overruling ,['overrul']
overrule ,['overrul']
overruler ,['overrul']
overran ,['overran']
overrun ,['overrun']
overrunning ,['overrun']
overrunner ,['overrunn']
oversaturate ,['oversatur']
oversay ,['oversay']
overscented ,['oversc']
overscrupulosity ,['overscrupulos']
overscrupulous ,['overscrupul']
overscrupulousness ,['overscrupul']
oversea ,['oversea']
overseas ,['oversea']
oversearch ,['oversearch']
overseason ,['overseason']
oversaw ,['oversaw']
overseen ,['overseen']
overseeing ,['overse']
oversee ,['overse']
overseer ,['overs']
overseership ,['overseership']
oversold ,['oversold']
overselling ,['oversel']
oversell ,['oversel']
overset ,['overset']
oversetting ,['overset']
overshade ,['overshad']
overshadowed ,['overshadow']
overshadowing ,['overshadow']
overshadow ,['overshadow']
overshadower ,['overshadow']
overshadowy ,['overshadowi']
overshake ,['overshak']
overshine ,['overshin']
overshoe ,['oversho']
overshot ,['overshot']
overshooting ,['overshoot']
overshoot ,['overshoot']
oversight ,['oversight']
oversize ,['overs']
overskip ,['overskip']
overskirt ,['overskirt']
overslaugh ,['overslaugh']
oversleep ,['oversleep']
overslide ,['overslid']
overslip ,['overslip']
overslop ,['overslop']
overslow ,['overslow']
oversmen ,['oversmen']
oversman ,['oversman']
oversnow ,['oversnow']
oversoon ,['oversoon']
oversorrow ,['oversorrow']
oversoul ,['oversoul']
oversow ,['oversow']
overspan ,['overspan']
overspeak ,['overspeak']
overspin ,['overspin']
overspread ,['overspread']
overspreading ,['overspread']
overspring ,['overspr']
overstand ,['overstand']
overstare ,['overstar']
overstated ,['overst']
overstating ,['overst']
overstate ,['overst']
overstatement ,['overstat']
overstayed ,['overstay']
overstaid ,['overstaid']
overstaying ,['overstay']
overstay ,['overstay']
overstepped ,['overstep']
overstepping ,['overstep']
overstep ,['overstep']
overstock ,['overstock']
overstocked ,['overstock']
overstocking ,['overstock']
overstore ,['overstor']
over-story ,['stori']
overstrained ,['overstrain']
overstraining ,['overstrain']
overstrain ,['overstrain']
overstraitly ,['overstraitli']
overstraw ,['overstraw']
overstrew ,['overstrew']
overstrict ,['overstrict']
overstride ,['overstrid']
overstrike ,['overstrik']
overstrow ,['overstrow']
overstudious ,['overstudi']
oversubtile ,['oversubtil']
oversum ,['oversum']
oversupply ,['oversuppli']
oversure ,['oversur']
oversway ,['oversway']
overswell ,['overswel']
overt ,['overt']
overtook ,['overtook']
overtaken ,['overtaken']
overtaking ,['overtak']
overtake ,['overtak']
overtalk ,['overtalk']
overtask ,['overtask']
overtax ,['overtax']
overtedious ,['overtedi']
overtempt ,['overtempt']
overthrew ,['overthrew']
overthrown ,['overthrown']
overthrowing ,['overthrow']
overthrow ,['overthrow']
overthwart ,['overthwart']
overthwartly ,['overthwartli']
overthwartness ,['overthwart']
overtilt ,['overtilt']
overtime ,['overtim']
overtire ,['overtir']
overtitle ,['overtitl']
overtly ,['overtli']
overtoil ,['overtoil']
overtone ,['overton']
overtopped ,['overtop']
overtopping ,['overtop']
overtop ,['overtop']
overtower ,['overtow']
overtrade ,['overtrad']
overtrading ,['overtrad']
overtread ,['overtread']
overtrip ,['overtrip']
overtroubled ,['overtroubl']
overtrow ,['overtrow']
overtrust ,['overtrust']
overture ,['overtur']
overturned ,['overturn']
overturning ,['overturn']
overturn ,['overturn']
overturnable ,['overturn']
overturner ,['overturn']
overvail ,['overvail']
overvaluation ,['overvalu']
overvalued ,['overvalu']
overvaluing ,['overvalu']
overvalue ,['overvalu']
overveil ,['overveil']
overview ,['overview']
overvote ,['overvot']
overwalk ,['overwalk']
overwar ,['overwar']
overwary ,['overwari']
overwash ,['overwash']
overwasted ,['overwast']
overwatch ,['overwatch']
overwax ,['overwax']
overweak ,['overweak']
overwear ,['overwear']
overweary ,['overweari']
overweather ,['overweath']
overween ,['overween']
overweener ,['overween']
overweening ,['overween']
overweigh ,['overweigh']
overweight ,['overweight']
overwell ,['overwel']
overwet ,['overwet']
overwhelmed ,['overwhelm']
overwhelming ,['overwhelm']
overwhelm ,['overwhelm']
overwind ,['overwind']
overwing ,['overw']
overwise ,['overwis']
overwit ,['overwit']
overword ,['overword']
overworked ,['overwork']
overwrought ,['overwrought']
overworking ,['overwork']
overwork ,['overwork']
overworn ,['overworn']
overwrest ,['overwrest']
overwrestle ,['overwrestl']
overzeal ,['overz']
overzealous ,['overzeal']
ovicapsule ,['ovicapsul']
ovicell ,['ovicel']
ovioular ,['ovioular']
ovicyst ,['ovicyst']
ovidian ,['ovidian']
oviducal ,['oviduc']
oviduct ,['oviduct']
oviferous ,['ovifer']
oviform ,['oviform']
ovigerons ,['ovigeron']
ovile ,['ovil']
ovine ,['ovin']
ovipara ,['ovipara']
oviparity ,['ovipar']
oviparous ,['ovipar']
oviposited ,['oviposit']
ovipositing ,['oviposit']
oviposit ,['oviposit']
oviposition ,['oviposit']
ovipositor ,['ovipositor']
ovisac ,['ovisac']
ovist ,['ovist']
ovococci ,['ovococci']
ovococcus ,['ovococcu']
ovoid ,['ovoid']
ovoidal ,['ovoid']
ovolo ,['ovolo']
ovology ,['ovolog']
ovoplasma ,['ovoplasma']
ovotesttis ,['ovotestti']
ovoviviparous ,['ovovivipar']
ovular ,['ovular']
ovulary ,['ovulari']
ovulate ,['ovul']
ovulation ,['ovul']
ovule ,['ovul']
ovuliferous ,['ovulifer']
ovulist ,['ovulist']
ovulite ,['ovulit']
ovula ,['ovula']
ovulum ,['ovulum']
ovums ,['ovum']
ovum ,['ovum']
owch ,['owch']
owed ,['owe']
owing ,['owe']
owe ,['owe']
owel ,['owel']
owelty ,['owelti']
owen ,['owen']
owenite ,['owenit']
owher ,['owher']
owl ,['owl']
owled ,['owl']
owling ,['owl']
owler ,['owler']
owleries ,['owleri']
owlery ,['owleri']
owlet ,['owlet']
owl-eyed ,"['owl', 'eye']"
owlish ,['owlish']
owlism ,['owlism']
owllight ,['owllight']
own ,[]
owned ,['own']
owning ,['own']
owner ,['owner']
ownerless ,['ownerless']
ownership ,['ownership']
owre ,['owr']
owse ,['ows']
owser ,['owser']
oxen ,['oxen']
ox ,['ox']
oxacid ,['oxacid']
oxalan ,['oxalan']
oxalantin ,['oxalantin']
oxalate ,['oxal']
oxaldehyde ,['oxaldehyd']
oxalethyline ,['oxalethylin']
oxalic ,['oxal']
oxaline ,['oxalin']
oxalis ,['oxali']
oxalite ,['oxalit']
oxaluramide ,['oxaluramid']
oxalurate ,['oxalur']
oxaluric ,['oxalur']
oxalyl ,['oxalyl']
oxamate ,['oxam']
oxamethane ,['oxamethan']
oxamethylane ,['oxamethylan']
oxamic ,['oxam']
oxamide ,['oxamid']
oxamidine ,['oxamidin']
oxanillamide ,['oxanillamid']
oxanilate ,['oxanil']
oxanilic ,['oxanil']
oxanilide ,['oxanilid']
oxbane ,['oxban']
oxbird ,['oxbird']
oxbiter ,['oxbit']
oxbow ,['oxbow']
oxeye ,['oxey']
oxeyed ,['oxey']
oxfly ,['oxfli']
oxford ,['oxford']
oxgang ,['oxgang']
oxgoad ,['oxgoad']
oxhead ,['oxhead']
oxheal ,['oxheal']
oxheart ,['oxheart']
oxhide ,['oxhid']
oxid ,['oxid']
oxidability ,['oxid']
oxidable ,['oxid']
oxidated ,['oxid']
oxidating ,['oxid']
oxidate ,['oxid']
oxidation ,['oxid']
oxidator ,['oxid']
oxide ,['oxid']
oxidizable ,['oxidiz']
oxidized ,['oxid']
oxidizing ,['oxid']
oxidize ,['oxid']
oxidizement ,['oxidiz']
oxidizer ,['oxid']
oxidulated ,['oxidul']
oxime ,['oxim']
oxindol ,['oxindol']
oxiodic ,['oxiod']
oxlike ,['oxlik']
oxlip ,['oxlip']
oxonate ,['oxon']
oxonian ,['oxonian']
oxonic ,['oxon']
oxpecker ,['oxpeck']
oxshoe ,['oxsho']
oxter ,['oxter']
oxtongue ,['oxtongu']
oxy- ,['oxi']
oxyacetic ,['oxyacet']
oxyacid ,['oxyacid']
oxyammonia ,['oxyammonia']
oxybenzene ,['oxybenzen']
oxybenzoic ,['oxybenzo']
oxybromic ,['oxybrom']
oxybutyric ,['oxybutyr']
oxycalcium ,['oxycalcium']
oxycaproic ,['oxycapro']
oxychloric ,['oxychlor']
oxychloride ,['oxychlorid']
oxycrate ,['oxycr']
oxycymene ,['oxycymen']
oxygen ,['oxygen']
oxygenated ,['oxygen']
oxygenating ,['oxygen']
oxygenate ,['oxygen']
oxygenation ,['oxygen']
oxygenator ,['oxygen']
oxygenic ,['oxygen']
oxygenium ,['oxygenium']
oxygenizable ,['oxygeniz']
oxygenized ,['oxygen']
oxygenizing ,['oxygen']
oxygenize ,['oxygen']
oxygenizement ,['oxygeniz']
oxygenous ,['oxygen']
oxygon ,['oxygon']
oxygonal ,['oxygon']
oxygonial ,['oxygoni']
oxyhaemacyanin ,['oxyhaemacyanin']
oxyhaemocyanin ,['oxyhaemocyanin']
oxyhaemoglobin ,['oxyhaemoglobin']
oxyhemoglobin ,['oxyhemoglobin']
oxyhydrogen ,['oxyhydrogen']
oxymel ,['oxymel']
oxymethylene ,['oxymethylen']
oxymoron ,['oxymoron']
oxymuriate ,['oxymuri']
oxymuriatic ,['oxymuriat']
oxyneurine ,['oxyneurin']
oxyntic ,['oxynt']
oxyopia ,['oxyopia']
oxyopy ,['oxyopi']
oxyphenic ,['oxyphen']
oxyphenol ,['oxyphenol']
oxyphony ,['oxyphoni']
oxyquinoline ,['oxyquinolin']
oxyrhyncha ,['oxyrhyncha']
oxyrrhodine ,['oxyrrhodin']
oxysalt ,['oxysalt']
oxysulphide ,['oxysulphid']
oxysulphuret ,['oxysulphuret']
oxytocic ,['oxytoc']
oxytoluene ,['oxytoluen']
oxytone ,['oxyton']
oxytonical ,['oxyton']
oyer ,['oyer']
oyez ,['oyez']
oylet ,['oylet']
oynoun ,['oynoun']
oyster ,['oyster']
oyster-green ,"['oyster', 'green']"
oystering ,['oyster']
oysterling ,['oysterl']
ozena ,['ozena']
ozocerite ,['ozocerit']
ozonation ,['ozon']
ozone ,['ozon']
ozonic ,['ozon']
ozonification ,['ozonif']
ozonization ,['ozon']
ozonized ,['ozon']
ozonizing ,['ozon']
ozonize ,['ozon']
ozonizer ,['ozon']
ozonometer ,['ozonomet']
ozonometric ,['ozonometr']
ozonometry ,['ozonometri']
ozonoscope ,['ozonoscop']
ozonoscopic ,['ozonoscop']
ozonous ,['ozon']
